img_id,source_video,split,tier,cluster
IMG_2139_00000,IMG_2139.MOV,test,Easy,1.0
IMG_2139_00002,IMG_2139.MOV,test,Medium,1.0
IMG_2139_00003,IMG_2139.MOV,test,Medium,1.0
IMG_2139_00004,IMG_2139.MOV,test,Medium,1.0
IMG_2139_00005,IMG_2139.MOV,test,Medium,1.0
IMG_2139_00008,IMG_2139.MOV,test,Medium,1.0
IMG_2139_00009,IMG_2139.MOV,test,Medium,1.0
IMG_2139_00010,IMG_2139.MOV,test,Medium,1.0
IMG_2139_00011,IMG_2139.MOV,test,Medium,1.0
IMG_2139_00012,IMG_2139.MOV,test,Hard,1.0
IMG_2139_00014,IMG_2139.MOV,test,Easy,1.0
IMG_2139_00016,IMG_2139.MOV,test,Medium,1.0
IMG_2139_00017,IMG_2139.MOV,test,Medium,1.0
IMG_2139_00018,IMG_2139.MOV,test,Medium,1.0
IMG_2139_00019,IMG_2139.MOV,test,Medium,1.0
IMG_2139_00027,IMG_2139.MOV,test,Hard,1.0
IMG_2139_00028,IMG_2139.MOV,test,Medium,1.0
IMG_2139_00029,IMG_2139.MOV,test,Medium,1.0
IMG_2139_00030,IMG_2139.MOV,test,Medium,1.0
IMG_2139_00031,IMG_2139.MOV,test,Easy,1.0
IMG_2139_00032,IMG_2139.MOV,test,Medium,1.0
IMG_2139_00033,IMG_2139.MOV,test,Easy,1.0
IMG_2139_00034,IMG_2139.MOV,test,Medium,1.0
IMG_2139_00035,IMG_2139.MOV,test,Easy,1.0
IMG_2139_00036,IMG_2139.MOV,test,Easy,1.0
IMG_2139_00037,IMG_2139.MOV,test,Easy,1.0
IMG_2139_00040,IMG_2139.MOV,test,Medium,1.0
IMG_2139_00041,IMG_2139.MOV,test,Medium,1.0
IMG_2139_00042,IMG_2139.MOV,test,Hard,1.0
IMG_2139_00043,IMG_2139.MOV,test,Medium,1.0
IMG_2139_00044,IMG_2139.MOV,test,Medium,1.0
IMG_2139_00045,IMG_2139.MOV,test,Easy,1.0
IMG_2139_00046,IMG_2139.MOV,test,Easy,1.0
IMG_2139_00047,IMG_2139.MOV,test,Easy,1.0
IMG_2139_00048,IMG_2139.MOV,test,Hard,1.0
IMG_2139_00049,IMG_2139.MOV,test,Medium,1.0
IMG_2139_00050,IMG_2139.MOV,test,Easy,1.0
IMG_2139_00053,IMG_2139.MOV,test,Medium,1.0
IMG_2139_00054,IMG_2139.MOV,test,Medium,1.0
IMG_2139_00055,IMG_2139.MOV,test,Medium,1.0
IMG_2139_00056,IMG_2139.MOV,test,Hard,1.0
IMG_2139_00057,IMG_2139.MOV,test,Hard,1.0
IMG_2139_00058,IMG_2139.MOV,test,Hard,1.0
IMG_2139_00059,IMG_2139.MOV,test,Medium,1.0
IMG_2139_00061,IMG_2139.MOV,test,Easy,1.0
IMG_2139_00063,IMG_2139.MOV,test,Easy,1.0
IMG_2139_00065,IMG_2139.MOV,test,Hard,1.0
IMG_2139_00066,IMG_2139.MOV,test,Hard,1.0
IMG_2139_00067,IMG_2139.MOV,test,Medium,1.0
IMG_2139_00068,IMG_2139.MOV,test,Easy,1.0
IMG_2139_00070,IMG_2139.MOV,test,Easy,1.0
IMG_2139_00073,IMG_2139.MOV,test,Easy,1.0
IMG_2139_00077,IMG_2139.MOV,test,Easy,1.0
IMG_2139_00078,IMG_2139.MOV,test,Easy,1.0
IMG_2139_00079,IMG_2139.MOV,test,Easy,1.0
IMG_2142_00001,IMG_2142.MOV,test,Medium,8.0
IMG_2142_00002,IMG_2142.MOV,test,Easy,8.0
IMG_2142_00004,IMG_2142.MOV,test,Easy,8.0
IMG_2142_00007,IMG_2142.MOV,test,Easy,8.0
IMG_2142_00009,IMG_2142.MOV,test,Medium,8.0
IMG_2142_00011,IMG_2142.MOV,test,Easy,8.0
IMG_2142_00013,IMG_2142.MOV,test,Medium,8.0
IMG_2142_00014,IMG_2142.MOV,test,Easy,8.0
IMG_2142_00015,IMG_2142.MOV,test,Easy,8.0
IMG_2142_00016,IMG_2142.MOV,test,Medium,8.0
IMG_2142_00018,IMG_2142.MOV,test,Easy,8.0
IMG_2142_00020,IMG_2142.MOV,test,Easy,8.0
IMG_2142_00021,IMG_2142.MOV,test,Easy,8.0
IMG_2142_00022,IMG_2142.MOV,test,Easy,8.0
IMG_2142_00023,IMG_2142.MOV,test,Medium,8.0
IMG_2142_00024,IMG_2142.MOV,test,Medium,8.0
IMG_2142_00025,IMG_2142.MOV,test,Easy,8.0
IMG_2142_00026,IMG_2142.MOV,test,Easy,8.0
IMG_2142_00027,IMG_2142.MOV,test,Easy,8.0
IMG_2142_00028,IMG_2142.MOV,test,Medium,8.0
IMG_2142_00030,IMG_2142.MOV,test,Medium,8.0
IMG_2142_00031,IMG_2142.MOV,test,Easy,8.0
IMG_2142_00032,IMG_2142.MOV,test,Medium,8.0
IMG_2142_00033,IMG_2142.MOV,test,Medium,8.0
IMG_2142_00034,IMG_2142.MOV,test,Medium,8.0
IMG_2142_00035,IMG_2142.MOV,test,Medium,8.0
IMG_2142_00036,IMG_2142.MOV,test,Hard,8.0
IMG_2142_00037,IMG_2142.MOV,test,Medium,8.0
IMG_2142_00038,IMG_2142.MOV,test,Hard,8.0
IMG_2142_00039,IMG_2142.MOV,test,Hard,8.0
IMG_2142_00041,IMG_2142.MOV,test,Easy,8.0
IMG_2142_00044,IMG_2142.MOV,test,Easy,8.0
IMG_2142_00045,IMG_2142.MOV,test,Easy,8.0
IMG_2142_00046,IMG_2142.MOV,test,Easy,8.0
IMG_2142_00047,IMG_2142.MOV,test,Easy,8.0
IMG_2142_00048,IMG_2142.MOV,test,Easy,8.0
IMG_2142_00049,IMG_2142.MOV,test,Easy,8.0
IMG_2142_00050,IMG_2142.MOV,test,Easy,8.0
IMG_2142_00051,IMG_2142.MOV,test,Medium,8.0
IMG_2142_00052,IMG_2142.MOV,test,Medium,8.0
IMG_2142_00053,IMG_2142.MOV,test,Medium,8.0
IMG_2142_00054,IMG_2142.MOV,test,Medium,8.0
IMG_2142_00055,IMG_2142.MOV,test,Medium,8.0
IMG_2142_00056,IMG_2142.MOV,test,Easy,8.0
IMG_2142_00057,IMG_2142.MOV,test,Easy,8.0
IMG_2142_00058,IMG_2142.MOV,test,Hard,8.0
IMG_2142_00059,IMG_2142.MOV,test,Medium,8.0
IMG_2142_00060,IMG_2142.MOV,test,Medium,8.0
IMG_2142_00061,IMG_2142.MOV,test,Medium,8.0
IMG_2142_00062,IMG_2142.MOV,test,Easy,8.0
IMG_2142_00063,IMG_2142.MOV,test,Easy,8.0
IMG_2142_00064,IMG_2142.MOV,test,Easy,8.0
IMG_2142_00065,IMG_2142.MOV,test,Easy,8.0
IMG_2142_00066,IMG_2142.MOV,test,Easy,8.0
IMG_2142_00067,IMG_2142.MOV,test,Easy,8.0
IMG_2142_00068,IMG_2142.MOV,test,Easy,8.0
IMG_2142_00069,IMG_2142.MOV,test,Easy,8.0
IMG_2142_00070,IMG_2142.MOV,test,Easy,8.0
IMG_2142_00071,IMG_2142.MOV,test,Hard,8.0
IMG_2147_00001,IMG_2147.MOV,test,Medium,2.0
IMG_2147_00002,IMG_2147.MOV,test,Easy,2.0
IMG_2147_00006,IMG_2147.MOV,test,Medium,2.0
IMG_2147_00007,IMG_2147.MOV,test,Medium,2.0
IMG_2147_00009,IMG_2147.MOV,test,Easy,2.0
IMG_2147_00010,IMG_2147.MOV,test,Medium,2.0
IMG_2147_00011,IMG_2147.MOV,test,Medium,2.0
IMG_2147_00012,IMG_2147.MOV,test,Medium,2.0
IMG_2147_00013,IMG_2147.MOV,test,Medium,2.0
IMG_2147_00014,IMG_2147.MOV,test,Medium,2.0
IMG_2147_00015,IMG_2147.MOV,test,Medium,2.0
IMG_2147_00016,IMG_2147.MOV,test,Medium,2.0
IMG_2147_00017,IMG_2147.MOV,test,Medium,2.0
IMG_2147_00018,IMG_2147.MOV,test,Medium,2.0
IMG_2147_00019,IMG_2147.MOV,test,Medium,2.0
IMG_2147_00020,IMG_2147.MOV,test,Medium,2.0
IMG_2147_00021,IMG_2147.MOV,test,Medium,2.0
IMG_2147_00022,IMG_2147.MOV,test,Medium,2.0
IMG_2147_00023,IMG_2147.MOV,test,Medium,2.0
IMG_2147_00025,IMG_2147.MOV,test,Hard,2.0
IMG_2147_00026,IMG_2147.MOV,test,Hard,2.0
IMG_2147_00027,IMG_2147.MOV,test,Medium,2.0
IMG_2147_00028,IMG_2147.MOV,test,Medium,2.0
IMG_2147_00029,IMG_2147.MOV,test,Medium,2.0
IMG_2147_00030,IMG_2147.MOV,test,Medium,2.0
IMG_2147_00031,IMG_2147.MOV,test,Medium,2.0
IMG_2147_00032,IMG_2147.MOV,test,Medium,2.0
IMG_2147_00033,IMG_2147.MOV,test,Medium,2.0
IMG_2147_00034,IMG_2147.MOV,test,Medium,2.0
IMG_2147_00035,IMG_2147.MOV,test,Hard,2.0
IMG_2147_00036,IMG_2147.MOV,test,Hard,2.0
IMG_2147_00037,IMG_2147.MOV,test,Medium,2.0
IMG_2147_00089,IMG_2147.MOV,test,Hard,2.0
IMG_2147_00090,IMG_2147.MOV,test,Hard,2.0
IMG_2147_00091,IMG_2147.MOV,test,Hard,2.0
IMG_2147_00093,IMG_2147.MOV,test,Hard,2.0
IMG_2147_00094,IMG_2147.MOV,test,Medium,2.0
IMG_2147_00095,IMG_2147.MOV,test,Medium,2.0
IMG_2147_00096,IMG_2147.MOV,test,Hard,2.0
IMG_2147_00097,IMG_2147.MOV,test,Hard,2.0
IMG_2159_00000,IMG_2159.MOV,test,Easy,6.0
IMG_2159_00001,IMG_2159.MOV,test,Medium,6.0
IMG_2159_00002,IMG_2159.MOV,test,Medium,6.0
IMG_2159_00003,IMG_2159.MOV,test,Medium,6.0
IMG_2159_00004,IMG_2159.MOV,test,Easy,6.0
IMG_2159_00005,IMG_2159.MOV,test,Easy,6.0
IMG_2159_00006,IMG_2159.MOV,test,Easy,6.0
IMG_2159_00007,IMG_2159.MOV,test,Easy,6.0
IMG_2159_00008,IMG_2159.MOV,test,Medium,6.0
IMG_2159_00009,IMG_2159.MOV,test,Medium,6.0
IMG_2159_00010,IMG_2159.MOV,test,Hard,6.0
IMG_2159_00011,IMG_2159.MOV,test,Hard,6.0
IMG_2159_00012,IMG_2159.MOV,test,Hard,6.0
IMG_2159_00013,IMG_2159.MOV,test,Hard,6.0
IMG_2159_00014,IMG_2159.MOV,test,Medium,6.0
IMG_2159_00015,IMG_2159.MOV,test,Hard,6.0
IMG_2159_00016,IMG_2159.MOV,test,Hard,6.0
IMG_2159_00018,IMG_2159.MOV,test,Medium,6.0
IMG_2159_00020,IMG_2159.MOV,test,Medium,6.0
IMG_2159_00022,IMG_2159.MOV,test,Medium,6.0
IMG_2159_00023,IMG_2159.MOV,test,Medium,6.0
IMG_2159_00024,IMG_2159.MOV,test,Easy,6.0
IMG_2159_00025,IMG_2159.MOV,test,Easy,6.0
IMG_2159_00027,IMG_2159.MOV,test,Medium,6.0
IMG_2159_00028,IMG_2159.MOV,test,Medium,6.0
IMG_2159_00029,IMG_2159.MOV,test,Medium,6.0
IMG_2159_00031,IMG_2159.MOV,test,Hard,6.0
IMG_2159_00032,IMG_2159.MOV,test,Medium,6.0
IMG_2159_00033,IMG_2159.MOV,test,Hard,6.0
IMG_2159_00034,IMG_2159.MOV,test,Medium,6.0
IMG_2159_00035,IMG_2159.MOV,test,Medium,6.0
IMG_2159_00037,IMG_2159.MOV,test,Hard,6.0
IMG_2159_00070,IMG_2159.MOV,test,Easy,6.0
IMG_2186_00001,IMG_2186.MOV,train,Medium,
IMG_2186_00002,IMG_2186.MOV,train,Medium,
IMG_2186_00003,IMG_2186.MOV,train,Medium,
IMG_2186_00004,IMG_2186.MOV,train,Easy,
IMG_2186_00005,IMG_2186.MOV,train,Medium,
IMG_2186_00006,IMG_2186.MOV,train,Hard,
IMG_2186_00007,IMG_2186.MOV,train,Easy,
IMG_2186_00008,IMG_2186.MOV,train,Medium,
IMG_2186_00009,IMG_2186.MOV,train,Medium,
IMG_2186_00010,IMG_2186.MOV,train,Easy,
IMG_2186_00011,IMG_2186.MOV,train,Medium,
IMG_2186_00012,IMG_2186.MOV,train,Medium,
IMG_2186_00013,IMG_2186.MOV,train,Medium,
IMG_2186_00014,IMG_2186.MOV,train,Medium,
IMG_2186_00015,IMG_2186.MOV,train,Easy,
IMG_2186_00016,IMG_2186.MOV,train,Medium,
IMG_2186_00017,IMG_2186.MOV,train,Medium,
IMG_2186_00018,IMG_2186.MOV,train,Medium,
IMG_2186_00019,IMG_2186.MOV,train,Medium,
IMG_2186_00020,IMG_2186.MOV,train,Easy,
IMG_2186_00021,IMG_2186.MOV,train,Medium,
IMG_2186_00022,IMG_2186.MOV,train,Easy,
IMG_2186_00023,IMG_2186.MOV,train,Medium,
IMG_2186_00024,IMG_2186.MOV,train,Easy,
IMG_2186_00025,IMG_2186.MOV,train,Easy,
IMG_2186_00026,IMG_2186.MOV,train,Medium,
IMG_2186_00027,IMG_2186.MOV,train,Medium,
IMG_2186_00028,IMG_2186.MOV,train,Medium,
IMG_2186_00029,IMG_2186.MOV,train,Hard,
IMG_2186_00030,IMG_2186.MOV,train,Medium,
IMG_2186_00031,IMG_2186.MOV,train,Medium,
IMG_2186_00032,IMG_2186.MOV,train,Medium,
IMG_2186_00033,IMG_2186.MOV,train,Easy,
IMG_2186_00034,IMG_2186.MOV,train,Easy,
IMG_2186_00035,IMG_2186.MOV,train,Easy,
IMG_2186_00036,IMG_2186.MOV,train,Easy,
IMG_2186_00037,IMG_2186.MOV,train,Easy,
IMG_2186_00038,IMG_2186.MOV,train,Medium,
IMG_2186_00040,IMG_2186.MOV,train,Easy,
IMG_2186_00041,IMG_2186.MOV,train,Easy,
IMG_2186_00042,IMG_2186.MOV,train,Easy,
IMG_2186_00043,IMG_2186.MOV,train,Easy,
IMG_2186_00044,IMG_2186.MOV,train,Medium,
IMG_2186_00045,IMG_2186.MOV,train,Medium,
IMG_2186_00046,IMG_2186.MOV,train,Easy,
IMG_2186_00047,IMG_2186.MOV,train,Easy,
IMG_2186_00049,IMG_2186.MOV,train,Easy,
IMG_2186_00050,IMG_2186.MOV,train,Easy,
IMG_2186_00051,IMG_2186.MOV,train,Easy,
IMG_2186_00052,IMG_2186.MOV,train,Easy,
IMG_2186_00053,IMG_2186.MOV,train,Easy,
IMG_2186_00054,IMG_2186.MOV,train,Easy,
IMG_2186_00055,IMG_2186.MOV,train,Easy,
IMG_2186_00056,IMG_2186.MOV,train,Easy,
IMG_2186_00057,IMG_2186.MOV,train,Easy,
IMG_2186_00058,IMG_2186.MOV,train,Easy,
IMG_2186_00059,IMG_2186.MOV,train,Medium,
IMG_2186_00060,IMG_2186.MOV,train,Easy,
IMG_2186_00061,IMG_2186.MOV,train,Medium,
IMG_2186_00063,IMG_2186.MOV,train,Easy,
IMG_2186_00066,IMG_2186.MOV,train,Medium,
IMG_2186_00067,IMG_2186.MOV,train,Medium,
IMG_2186_00068,IMG_2186.MOV,train,Easy,
IMG_2186_00069,IMG_2186.MOV,train,Easy,
IMG_2186_00070,IMG_2186.MOV,train,Medium,
IMG_2186_00071,IMG_2186.MOV,train,Medium,
IMG_2186_00072,IMG_2186.MOV,train,Easy,
IMG_2186_00073,IMG_2186.MOV,train,Medium,
IMG_2186_00074,IMG_2186.MOV,train,Medium,
IMG_2186_00075,IMG_2186.MOV,train,Easy,
IMG_2186_00076,IMG_2186.MOV,train,Easy,
IMG_2186_00077,IMG_2186.MOV,train,Easy,
IMG_2186_00078,IMG_2186.MOV,train,Medium,
IMG_2186_00079,IMG_2186.MOV,train,Easy,
IMG_2186_00080,IMG_2186.MOV,train,Medium,
IMG_2186_00081,IMG_2186.MOV,train,Easy,
IMG_2186_00082,IMG_2186.MOV,train,Easy,
IMG_2186_00083,IMG_2186.MOV,train,Medium,
IMG_2186_00084,IMG_2186.MOV,train,Medium,
IMG_2186_00085,IMG_2186.MOV,train,Medium,
IMG_2186_00086,IMG_2186.MOV,train,Easy,
IMG_2186_00087,IMG_2186.MOV,train,Easy,
IMG_2186_00088,IMG_2186.MOV,train,Medium,
IMG_2186_00089,IMG_2186.MOV,train,Hard,
IMG_2186_00090,IMG_2186.MOV,train,Easy,
IMG_2186_00091,IMG_2186.MOV,train,Medium,
IMG_2186_00092,IMG_2186.MOV,train,Medium,
IMG_2186_00093,IMG_2186.MOV,train,Hard,
IMG_2186_00094,IMG_2186.MOV,train,Hard,
IMG_2186_00096,IMG_2186.MOV,train,Easy,
IMG_2186_00098,IMG_2186.MOV,train,Medium,
IMG_2186_00099,IMG_2186.MOV,train,Medium,
IMG_2186_00100,IMG_2186.MOV,train,Medium,
IMG_2186_00101,IMG_2186.MOV,train,Hard,
IMG_2186_00102,IMG_2186.MOV,train,Easy,
IMG_2186_00103,IMG_2186.MOV,train,Easy,
IMG_2186_00104,IMG_2186.MOV,train,Hard,
IMG_2186_00105,IMG_2186.MOV,train,Medium,
IMG_2186_00106,IMG_2186.MOV,train,Hard,
IMG_2186_00107,IMG_2186.MOV,train,Medium,
IMG_2186_00109,IMG_2186.MOV,train,Hard,
IMG_2186_00110,IMG_2186.MOV,train,Medium,
IMG_2186_00112,IMG_2186.MOV,train,Medium,
IMG_2186_00113,IMG_2186.MOV,train,Easy,
IMG_2186_00114,IMG_2186.MOV,train,Easy,
IMG_2186_00115,IMG_2186.MOV,train,Medium,
IMG_2186_00116,IMG_2186.MOV,train,Hard,
IMG_2186_00117,IMG_2186.MOV,train,Medium,
IMG_2186_00118,IMG_2186.MOV,train,Hard,
IMG_2186_00120,IMG_2186.MOV,train,Medium,
IMG_2186_00121,IMG_2186.MOV,train,Hard,
IMG_2186_00122,IMG_2186.MOV,train,Hard,
IMG_2186_00123,IMG_2186.MOV,train,Medium,
IMG_2186_00124,IMG_2186.MOV,train,Medium,
IMG_2186_00126,IMG_2186.MOV,train,Medium,
IMG_2186_00127,IMG_2186.MOV,train,Medium,
IMG_2186_00128,IMG_2186.MOV,train,Medium,
IMG_2186_00129,IMG_2186.MOV,train,Medium,
IMG_2186_00130,IMG_2186.MOV,train,Medium,
IMG_2186_00131,IMG_2186.MOV,train,Medium,
IMG_2186_00132,IMG_2186.MOV,train,Medium,
IMG_2186_00134,IMG_2186.MOV,train,Easy,
IMG_2186_00135,IMG_2186.MOV,train,Easy,
IMG_2186_00138,IMG_2186.MOV,train,Medium,
IMG_2186_00144,IMG_2186.MOV,train,Easy,
IMG_2186_00145,IMG_2186.MOV,train,Easy,
IMG_2186_00164,IMG_2186.MOV,train,Easy,
IMG_2186_00165,IMG_2186.MOV,train,Easy,
IMG_2186_00167,IMG_2186.MOV,train,Easy,
IMG_2186_00169,IMG_2186.MOV,train,Medium,
IMG_2186_00170,IMG_2186.MOV,train,Medium,
IMG_2186_00171,IMG_2186.MOV,train,Medium,
IMG_2186_00172,IMG_2186.MOV,train,Medium,
IMG_2186_00174,IMG_2186.MOV,train,Medium,
IMG_2186_00175,IMG_2186.MOV,train,Easy,
IMG_2186_00176,IMG_2186.MOV,train,Medium,
IMG_2186_00177,IMG_2186.MOV,train,Medium,
IMG_2186_00178,IMG_2186.MOV,train,Easy,
IMG_2186_00179,IMG_2186.MOV,train,Easy,
IMG_2186_00180,IMG_2186.MOV,train,Easy,
IMG_2186_00181,IMG_2186.MOV,train,Medium,
IMG_2186_00182,IMG_2186.MOV,train,Medium,
IMG_2186_00183,IMG_2186.MOV,train,Medium,
IMG_2186_00184,IMG_2186.MOV,train,Easy,
IMG_2186_00185,IMG_2186.MOV,train,Medium,
IMG_2186_00186,IMG_2186.MOV,train,Medium,
IMG_2186_00187,IMG_2186.MOV,train,Hard,
IMG_2186_00188,IMG_2186.MOV,train,Easy,
IMG_2186_00189,IMG_2186.MOV,train,Medium,
IMG_2186_00190,IMG_2186.MOV,train,Medium,
IMG_2186_00191,IMG_2186.MOV,train,Medium,
IMG_2186_00192,IMG_2186.MOV,train,Easy,
IMG_2186_00193,IMG_2186.MOV,train,Easy,
IMG_2186_00194,IMG_2186.MOV,train,Medium,
IMG_2186_00195,IMG_2186.MOV,train,Medium,
IMG_2186_00196,IMG_2186.MOV,train,Easy,
IMG_2186_00197,IMG_2186.MOV,train,Hard,
IMG_2186_00198,IMG_2186.MOV,train,Medium,
IMG_2186_00199,IMG_2186.MOV,train,Medium,
IMG_2186_00200,IMG_2186.MOV,train,Easy,
IMG_2186_00201,IMG_2186.MOV,train,Medium,
IMG_2186_00202,IMG_2186.MOV,train,Medium,
IMG_2186_00203,IMG_2186.MOV,train,Hard,
IMG_2186_00204,IMG_2186.MOV,train,Medium,
IMG_2186_00205,IMG_2186.MOV,train,Medium,
IMG_2186_00206,IMG_2186.MOV,train,Medium,
IMG_2186_00207,IMG_2186.MOV,train,Easy,
IMG_2186_00208,IMG_2186.MOV,train,Medium,
IMG_2186_00209,IMG_2186.MOV,train,Medium,
IMG_2186_00210,IMG_2186.MOV,train,Easy,
IMG_2186_00211,IMG_2186.MOV,train,Medium,
IMG_2186_00212,IMG_2186.MOV,train,Medium,
IMG_2186_00213,IMG_2186.MOV,train,Medium,
IMG_2186_00215,IMG_2186.MOV,train,Medium,
IMG_2186_00216,IMG_2186.MOV,train,Medium,
IMG_2186_00217,IMG_2186.MOV,train,Medium,
IMG_2186_00218,IMG_2186.MOV,train,Hard,
IMG_2186_00221,IMG_2186.MOV,train,Medium,
IMG_2186_00222,IMG_2186.MOV,train,Medium,
IMG_2186_00223,IMG_2186.MOV,train,Easy,
IMG_2186_00225,IMG_2186.MOV,train,Easy,
IMG_2186_00226,IMG_2186.MOV,train,Easy,
IMG_2186_00227,IMG_2186.MOV,train,Medium,
IMG_2186_00228,IMG_2186.MOV,train,Medium,
IMG_2186_00230,IMG_2186.MOV,train,Medium,
IMG_2186_00231,IMG_2186.MOV,train,Medium,
IMG_2186_00232,IMG_2186.MOV,train,Medium,
IMG_2186_00233,IMG_2186.MOV,train,Medium,
IMG_2186_00234,IMG_2186.MOV,train,Medium,
IMG_2186_00235,IMG_2186.MOV,train,Easy,
IMG_2186_00237,IMG_2186.MOV,train,Medium,
IMG_2186_00238,IMG_2186.MOV,train,Medium,
IMG_2186_00239,IMG_2186.MOV,train,Easy,
IMG_2186_00241,IMG_2186.MOV,train,Medium,
IMG_2186_00242,IMG_2186.MOV,train,Easy,
IMG_2186_00243,IMG_2186.MOV,train,Medium,
IMG_2186_00244,IMG_2186.MOV,train,Medium,
IMG_2186_00245,IMG_2186.MOV,train,Easy,
IMG_2186_00246,IMG_2186.MOV,train,Easy,
IMG_2186_00247,IMG_2186.MOV,train,Easy,
IMG_2186_00248,IMG_2186.MOV,train,Easy,
IMG_2186_00249,IMG_2186.MOV,train,Easy,
IMG_2186_00250,IMG_2186.MOV,train,Easy,
IMG_2186_00251,IMG_2186.MOV,train,Easy,
IMG_2186_00252,IMG_2186.MOV,train,Easy,
IMG_2186_00253,IMG_2186.MOV,train,Easy,
IMG_2186_00254,IMG_2186.MOV,train,Easy,
IMG_2186_00256,IMG_2186.MOV,train,Easy,
IMG_2186_00257,IMG_2186.MOV,train,Easy,
IMG_2186_00258,IMG_2186.MOV,train,Medium,
IMG_2186_00259,IMG_2186.MOV,train,Medium,
IMG_2186_00260,IMG_2186.MOV,train,Medium,
IMG_2186_00261,IMG_2186.MOV,train,Medium,
IMG_2186_00262,IMG_2186.MOV,train,Easy,
IMG_2186_00263,IMG_2186.MOV,train,Medium,
IMG_2186_00264,IMG_2186.MOV,train,Hard,
IMG_2186_00265,IMG_2186.MOV,train,Medium,
IMG_2186_00266,IMG_2186.MOV,train,Medium,
IMG_2186_00267,IMG_2186.MOV,train,Hard,
IMG_2186_00268,IMG_2186.MOV,train,Hard,
IMG_2186_00269,IMG_2186.MOV,train,Easy,
IMG_2186_00270,IMG_2186.MOV,train,Hard,
IMG_2186_00271,IMG_2186.MOV,train,Medium,
IMG_2186_00272,IMG_2186.MOV,train,Medium,
IMG_2186_00273,IMG_2186.MOV,train,Medium,
IMG_2186_00275,IMG_2186.MOV,train,Medium,
IMG_2186_00277,IMG_2186.MOV,train,Medium,
IMG_2186_00279,IMG_2186.MOV,train,Easy,
IMG_2186_00280,IMG_2186.MOV,train,Medium,
IMG_2186_00281,IMG_2186.MOV,train,Medium,
IMG_2186_00282,IMG_2186.MOV,train,Medium,
IMG_2186_00283,IMG_2186.MOV,train,Easy,
IMG_2186_00284,IMG_2186.MOV,train,Medium,
IMG_2186_00285,IMG_2186.MOV,train,Easy,
IMG_2186_00287,IMG_2186.MOV,train,Medium,
IMG_2186_00288,IMG_2186.MOV,train,Medium,
IMG_2186_00289,IMG_2186.MOV,train,Easy,
IMG_2186_00290,IMG_2186.MOV,train,Hard,
IMG_2186_00291,IMG_2186.MOV,train,Hard,
IMG_2186_00292,IMG_2186.MOV,train,Medium,
IMG_2186_00293,IMG_2186.MOV,train,Medium,
IMG_2186_00294,IMG_2186.MOV,train,Hard,
IMG_2186_00295,IMG_2186.MOV,train,Medium,
IMG_2186_00296,IMG_2186.MOV,train,Hard,
IMG_2186_00298,IMG_2186.MOV,train,Medium,
IMG_2186_00299,IMG_2186.MOV,train,Medium,
IMG_2186_00300,IMG_2186.MOV,train,Hard,
IMG_2186_00301,IMG_2186.MOV,train,Medium,
IMG_2186_00302,IMG_2186.MOV,train,Medium,
IMG_2186_00303,IMG_2186.MOV,train,Medium,
IMG_2186_00304,IMG_2186.MOV,train,Medium,
IMG_2186_00305,IMG_2186.MOV,train,Medium,
IMG_2186_00306,IMG_2186.MOV,train,Medium,
IMG_2186_00309,IMG_2186.MOV,train,Medium,
IMG_2186_00310,IMG_2186.MOV,train,Hard,
IMG_2186_00311,IMG_2186.MOV,train,Medium,
IMG_2186_00312,IMG_2186.MOV,train,Medium,
IMG_2186_00313,IMG_2186.MOV,train,Medium,
IMG_2186_00314,IMG_2186.MOV,train,Easy,
IMG_2186_00315,IMG_2186.MOV,train,Medium,
IMG_2186_00316,IMG_2186.MOV,train,Medium,
IMG_2186_00317,IMG_2186.MOV,train,Easy,
IMG_2186_00318,IMG_2186.MOV,train,Easy,
IMG_2186_00319,IMG_2186.MOV,train,Medium,
IMG_2186_00320,IMG_2186.MOV,train,Easy,
IMG_2186_00321,IMG_2186.MOV,train,Easy,
IMG_2186_00322,IMG_2186.MOV,train,Easy,
IMG_2186_00323,IMG_2186.MOV,train,Easy,
IMG_2186_00325,IMG_2186.MOV,train,Easy,
IMG_2186_00326,IMG_2186.MOV,train,Easy,
IMG_2186_00327,IMG_2186.MOV,train,Hard,
IMG_2186_00329,IMG_2186.MOV,train,Easy,
IMG_2186_00331,IMG_2186.MOV,train,Hard,
IMG_2186_00332,IMG_2186.MOV,train,Easy,
IMG_2186_00334,IMG_2186.MOV,train,Easy,
IMG_2186_00335,IMG_2186.MOV,train,Easy,
IMG_2186_00337,IMG_2186.MOV,train,Medium,
IMG_2186_00340,IMG_2186.MOV,train,Hard,
IMG_2186_00341,IMG_2186.MOV,train,Easy,
IMG_2186_00342,IMG_2186.MOV,train,Medium,
IMG_2186_00343,IMG_2186.MOV,train,Easy,
IMG_2186_00344,IMG_2186.MOV,train,Medium,
IMG_2186_00345,IMG_2186.MOV,train,Medium,
IMG_2186_00346,IMG_2186.MOV,train,Easy,
IMG_2186_00347,IMG_2186.MOV,train,Easy,
IMG_2186_00348,IMG_2186.MOV,train,Easy,
IMG_2186_00349,IMG_2186.MOV,train,Easy,
IMG_2186_00350,IMG_2186.MOV,train,Medium,
IMG_2186_00351,IMG_2186.MOV,train,Medium,
IMG_2186_00352,IMG_2186.MOV,train,Medium,
IMG_2186_00353,IMG_2186.MOV,train,Medium,
IMG_2186_00354,IMG_2186.MOV,train,Medium,
IMG_2186_00356,IMG_2186.MOV,train,Medium,
IMG_2186_00358,IMG_2186.MOV,train,Easy,
IMG_2186_00359,IMG_2186.MOV,train,Medium,
IMG_2186_00360,IMG_2186.MOV,train,Medium,
IMG_2186_00362,IMG_2186.MOV,train,Medium,
IMG_2186_00363,IMG_2186.MOV,train,Hard,
IMG_2186_00365,IMG_2186.MOV,train,Medium,
IMG_2186_00366,IMG_2186.MOV,train,Easy,
IMG_2186_00369,IMG_2186.MOV,train,Hard,
IMG_2186_00370,IMG_2186.MOV,train,Hard,
IMG_2186_00373,IMG_2186.MOV,train,Hard,
IMG_2186_00374,IMG_2186.MOV,train,Hard,
IMG_2186_00376,IMG_2186.MOV,train,Medium,
IMG_2186_00378,IMG_2186.MOV,train,Easy,
IMG_2186_00379,IMG_2186.MOV,train,Easy,
IMG_2186_00380,IMG_2186.MOV,train,Medium,
IMG_2186_00382,IMG_2186.MOV,train,Hard,
IMG_2186_00383,IMG_2186.MOV,train,Easy,
IMG_2186_00385,IMG_2186.MOV,train,Hard,
IMG_2186_00386,IMG_2186.MOV,train,Medium,
IMG_2186_00388,IMG_2186.MOV,train,Medium,
IMG_2186_00389,IMG_2186.MOV,train,Hard,
IMG_2186_00390,IMG_2186.MOV,train,Medium,
IMG_2186_00391,IMG_2186.MOV,train,Medium,
IMG_2186_00392,IMG_2186.MOV,train,Easy,
IMG_2186_00393,IMG_2186.MOV,train,Hard,
IMG_2186_00394,IMG_2186.MOV,train,Hard,
IMG_2186_00395,IMG_2186.MOV,train,Medium,
IMG_2186_00396,IMG_2186.MOV,train,Medium,
IMG_2186_00397,IMG_2186.MOV,train,Hard,
IMG_2186_00398,IMG_2186.MOV,train,Easy,
IMG_2186_00400,IMG_2186.MOV,train,Easy,
IMG_2186_00401,IMG_2186.MOV,train,Easy,
IMG_2186_00402,IMG_2186.MOV,train,Hard,
IMG_2186_00403,IMG_2186.MOV,train,Medium,
IMG_2186_00404,IMG_2186.MOV,train,Medium,
IMG_2186_00405,IMG_2186.MOV,train,Hard,
IMG_2186_00406,IMG_2186.MOV,train,Hard,
IMG_2186_00407,IMG_2186.MOV,train,Medium,
IMG_2186_00408,IMG_2186.MOV,train,Medium,
IMG_2186_00409,IMG_2186.MOV,train,Medium,
IMG_2186_00410,IMG_2186.MOV,train,Hard,
IMG_2186_00411,IMG_2186.MOV,train,Medium,
IMG_2186_00412,IMG_2186.MOV,train,Medium,
IMG_2186_00413,IMG_2186.MOV,train,Easy,
IMG_2186_00414,IMG_2186.MOV,train,Medium,
IMG_2186_00415,IMG_2186.MOV,train,Hard,
IMG_2186_00416,IMG_2186.MOV,train,Medium,
IMG_2186_00417,IMG_2186.MOV,train,Easy,
IMG_2186_00419,IMG_2186.MOV,train,Medium,
IMG_2186_00420,IMG_2186.MOV,train,Easy,
IMG_2186_00421,IMG_2186.MOV,train,Hard,
IMG_2186_00423,IMG_2186.MOV,train,Easy,
IMG_2186_00424,IMG_2186.MOV,train,Easy,
IMG_2186_00425,IMG_2186.MOV,train,Hard,
IMG_2187_00001,IMG_2187.MOV,train,Medium,
IMG_2187_00002,IMG_2187.MOV,train,Medium,
IMG_2187_00003,IMG_2187.MOV,train,Medium,
IMG_2187_00004,IMG_2187.MOV,train,Medium,
IMG_2187_00005,IMG_2187.MOV,train,Medium,
IMG_2187_00006,IMG_2187.MOV,train,Easy,
IMG_2187_00007,IMG_2187.MOV,train,Easy,
IMG_2187_00008,IMG_2187.MOV,train,Easy,
IMG_2187_00009,IMG_2187.MOV,train,Medium,
IMG_2187_00011,IMG_2187.MOV,train,Medium,
IMG_2187_00012,IMG_2187.MOV,train,Easy,
IMG_2187_00013,IMG_2187.MOV,train,Easy,
IMG_2187_00015,IMG_2187.MOV,train,Medium,
IMG_2187_00016,IMG_2187.MOV,train,Medium,
IMG_2187_00017,IMG_2187.MOV,train,Easy,
IMG_2187_00018,IMG_2187.MOV,train,Medium,
IMG_2187_00019,IMG_2187.MOV,train,Medium,
IMG_2187_00020,IMG_2187.MOV,train,Medium,
IMG_2187_00021,IMG_2187.MOV,train,Easy,
IMG_2187_00022,IMG_2187.MOV,train,Medium,
IMG_2187_00023,IMG_2187.MOV,train,Easy,
IMG_2187_00024,IMG_2187.MOV,train,Medium,
IMG_2187_00025,IMG_2187.MOV,train,Easy,
IMG_2187_00026,IMG_2187.MOV,train,Medium,
IMG_2187_00027,IMG_2187.MOV,train,Easy,
IMG_2187_00028,IMG_2187.MOV,train,Medium,
IMG_2187_00030,IMG_2187.MOV,train,Easy,
IMG_2187_00031,IMG_2187.MOV,train,Hard,
IMG_2187_00032,IMG_2187.MOV,train,Easy,
IMG_2187_00033,IMG_2187.MOV,train,Medium,
IMG_2187_00034,IMG_2187.MOV,train,Easy,
IMG_2187_00035,IMG_2187.MOV,train,Easy,
IMG_2187_00037,IMG_2187.MOV,train,Medium,
IMG_2187_00039,IMG_2187.MOV,train,Medium,
IMG_2187_00040,IMG_2187.MOV,train,Medium,
IMG_2187_00042,IMG_2187.MOV,train,Medium,
IMG_2187_00044,IMG_2187.MOV,train,Hard,
IMG_2187_00046,IMG_2187.MOV,train,Easy,
IMG_2187_00047,IMG_2187.MOV,train,Medium,
IMG_2187_00048,IMG_2187.MOV,train,Easy,
IMG_2187_00049,IMG_2187.MOV,train,Easy,
IMG_2187_00050,IMG_2187.MOV,train,Easy,
IMG_2187_00052,IMG_2187.MOV,train,Easy,
IMG_2187_00054,IMG_2187.MOV,train,Medium,
IMG_2187_00055,IMG_2187.MOV,train,Easy,
IMG_2187_00056,IMG_2187.MOV,train,Easy,
IMG_2187_00057,IMG_2187.MOV,train,Easy,
IMG_2187_00058,IMG_2187.MOV,train,Easy,
IMG_2187_00060,IMG_2187.MOV,train,Easy,
IMG_2187_00061,IMG_2187.MOV,train,Medium,
IMG_2187_00062,IMG_2187.MOV,train,Easy,
IMG_2187_00063,IMG_2187.MOV,train,Easy,
IMG_2187_00064,IMG_2187.MOV,train,Easy,
IMG_2187_00065,IMG_2187.MOV,train,Easy,
IMG_2187_00066,IMG_2187.MOV,train,Easy,
IMG_2187_00067,IMG_2187.MOV,train,Medium,
IMG_2187_00068,IMG_2187.MOV,train,Medium,
IMG_2187_00069,IMG_2187.MOV,train,Medium,
IMG_2187_00070,IMG_2187.MOV,train,Easy,
IMG_2187_00072,IMG_2187.MOV,train,Easy,
IMG_2187_00074,IMG_2187.MOV,train,Medium,
IMG_2187_00075,IMG_2187.MOV,train,Easy,
IMG_2187_00077,IMG_2187.MOV,train,Easy,
IMG_2187_00079,IMG_2187.MOV,train,Easy,
IMG_2187_00080,IMG_2187.MOV,train,Easy,
IMG_2187_00081,IMG_2187.MOV,train,Easy,
IMG_2187_00082,IMG_2187.MOV,train,Easy,
IMG_2187_00083,IMG_2187.MOV,train,Easy,
IMG_2187_00084,IMG_2187.MOV,train,Easy,
IMG_2187_00085,IMG_2187.MOV,train,Easy,
IMG_2187_00086,IMG_2187.MOV,train,Medium,
IMG_2187_00087,IMG_2187.MOV,train,Hard,
IMG_2187_00088,IMG_2187.MOV,train,Medium,
IMG_2187_00089,IMG_2187.MOV,train,Hard,
IMG_2187_00090,IMG_2187.MOV,train,Hard,
IMG_2187_00091,IMG_2187.MOV,train,Medium,
IMG_2187_00093,IMG_2187.MOV,train,Medium,
IMG_2187_00094,IMG_2187.MOV,train,Easy,
IMG_2187_00097,IMG_2187.MOV,train,Easy,
IMG_2187_00099,IMG_2187.MOV,train,Medium,
IMG_2187_00100,IMG_2187.MOV,train,Medium,
IMG_2187_00101,IMG_2187.MOV,train,Medium,
IMG_2187_00103,IMG_2187.MOV,train,Easy,
IMG_2187_00104,IMG_2187.MOV,train,Easy,
IMG_2187_00109,IMG_2187.MOV,train,Easy,
IMG_2187_00111,IMG_2187.MOV,train,Easy,
IMG_2187_00114,IMG_2187.MOV,train,Easy,
IMG_2187_00115,IMG_2187.MOV,train,Easy,
IMG_2187_00116,IMG_2187.MOV,train,Medium,
IMG_2187_00117,IMG_2187.MOV,train,Easy,
IMG_2187_00118,IMG_2187.MOV,train,Medium,
IMG_2187_00119,IMG_2187.MOV,train,Medium,
IMG_2187_00120,IMG_2187.MOV,train,Easy,
IMG_2187_00122,IMG_2187.MOV,train,Medium,
IMG_2187_00123,IMG_2187.MOV,train,Easy,
IMG_2187_00124,IMG_2187.MOV,train,Medium,
IMG_2187_00125,IMG_2187.MOV,train,Medium,
IMG_2187_00126,IMG_2187.MOV,train,Medium,
IMG_2187_00127,IMG_2187.MOV,train,Medium,
IMG_2187_00128,IMG_2187.MOV,train,Medium,
IMG_2187_00129,IMG_2187.MOV,train,Medium,
IMG_2187_00130,IMG_2187.MOV,train,Medium,
IMG_2187_00131,IMG_2187.MOV,train,Medium,
IMG_2187_00132,IMG_2187.MOV,train,Medium,
IMG_2187_00133,IMG_2187.MOV,train,Easy,
IMG_2187_00134,IMG_2187.MOV,train,Medium,
IMG_2187_00135,IMG_2187.MOV,train,Medium,
IMG_2187_00136,IMG_2187.MOV,train,Medium,
IMG_2187_00137,IMG_2187.MOV,train,Easy,
IMG_2187_00138,IMG_2187.MOV,train,Hard,
IMG_2187_00139,IMG_2187.MOV,train,Medium,
IMG_2187_00140,IMG_2187.MOV,train,Medium,
IMG_2187_00142,IMG_2187.MOV,train,Medium,
IMG_2187_00143,IMG_2187.MOV,train,Medium,
IMG_2187_00145,IMG_2187.MOV,train,Medium,
IMG_2187_00146,IMG_2187.MOV,train,Easy,
IMG_2187_00148,IMG_2187.MOV,train,Medium,
IMG_2187_00150,IMG_2187.MOV,train,Easy,
IMG_2187_00151,IMG_2187.MOV,train,Medium,
IMG_2187_00152,IMG_2187.MOV,train,Medium,
IMG_2187_00153,IMG_2187.MOV,train,Hard,
IMG_2187_00154,IMG_2187.MOV,train,Medium,
IMG_2187_00155,IMG_2187.MOV,train,Medium,
IMG_2187_00161,IMG_2187.MOV,train,Hard,
IMG_2187_00162,IMG_2187.MOV,train,Hard,
IMG_2187_00163,IMG_2187.MOV,train,Hard,
IMG_2187_00164,IMG_2187.MOV,train,Hard,
IMG_2187_00165,IMG_2187.MOV,train,Hard,
IMG_2187_00166,IMG_2187.MOV,train,Easy,
IMG_2187_00167,IMG_2187.MOV,train,Medium,
IMG_2187_00169,IMG_2187.MOV,train,Hard,
IMG_2187_00170,IMG_2187.MOV,train,Medium,
IMG_2187_00171,IMG_2187.MOV,train,Hard,
IMG_2187_00173,IMG_2187.MOV,train,Medium,
IMG_2187_00175,IMG_2187.MOV,train,Easy,
IMG_2187_00176,IMG_2187.MOV,train,Easy,
IMG_2187_00177,IMG_2187.MOV,train,Medium,
IMG_2187_00178,IMG_2187.MOV,train,Easy,
IMG_2187_00179,IMG_2187.MOV,train,Easy,
IMG_2187_00180,IMG_2187.MOV,train,Easy,
IMG_2187_00181,IMG_2187.MOV,train,Medium,
IMG_2187_00182,IMG_2187.MOV,train,Easy,
IMG_2187_00183,IMG_2187.MOV,train,Easy,
IMG_2187_00184,IMG_2187.MOV,train,Easy,
IMG_2187_00185,IMG_2187.MOV,train,Easy,
IMG_2187_00186,IMG_2187.MOV,train,Easy,
IMG_2187_00187,IMG_2187.MOV,train,Easy,
IMG_2187_00188,IMG_2187.MOV,train,Easy,
IMG_2187_00189,IMG_2187.MOV,train,Medium,
IMG_2187_00192,IMG_2187.MOV,train,Easy,
IMG_2187_00193,IMG_2187.MOV,train,Easy,
IMG_2187_00194,IMG_2187.MOV,train,Easy,
IMG_2187_00195,IMG_2187.MOV,train,Easy,
IMG_2187_00196,IMG_2187.MOV,train,Medium,
IMG_2187_00197,IMG_2187.MOV,train,Medium,
IMG_2187_00198,IMG_2187.MOV,train,Medium,
IMG_2187_00199,IMG_2187.MOV,train,Medium,
IMG_2187_00200,IMG_2187.MOV,train,Easy,
IMG_2187_00201,IMG_2187.MOV,train,Easy,
IMG_2187_00202,IMG_2187.MOV,train,Easy,
IMG_2187_00204,IMG_2187.MOV,train,Easy,
IMG_2187_00205,IMG_2187.MOV,train,Easy,
IMG_2187_00206,IMG_2187.MOV,train,Easy,
IMG_2187_00209,IMG_2187.MOV,train,Medium,
IMG_2187_00210,IMG_2187.MOV,train,Easy,
IMG_2187_00211,IMG_2187.MOV,train,Easy,
IMG_2187_00212,IMG_2187.MOV,train,Easy,
IMG_2187_00213,IMG_2187.MOV,train,Easy,
IMG_2187_00214,IMG_2187.MOV,train,Easy,
IMG_2187_00216,IMG_2187.MOV,train,Easy,
IMG_2187_00217,IMG_2187.MOV,train,Easy,
IMG_2187_00219,IMG_2187.MOV,train,Medium,
IMG_2187_00220,IMG_2187.MOV,train,Medium,
IMG_2187_00221,IMG_2187.MOV,train,Medium,
IMG_2187_00223,IMG_2187.MOV,train,Easy,
IMG_2187_00224,IMG_2187.MOV,train,Medium,
IMG_2187_00225,IMG_2187.MOV,train,Hard,
IMG_2187_00227,IMG_2187.MOV,train,Hard,
IMG_2187_00228,IMG_2187.MOV,train,Medium,
IMG_2187_00229,IMG_2187.MOV,train,Hard,
IMG_2187_00231,IMG_2187.MOV,train,Medium,
IMG_2187_00232,IMG_2187.MOV,train,Medium,
IMG_2187_00233,IMG_2187.MOV,train,Medium,
IMG_2187_00234,IMG_2187.MOV,train,Hard,
IMG_2187_00235,IMG_2187.MOV,train,Hard,
IMG_2187_00236,IMG_2187.MOV,train,Medium,
IMG_2187_00237,IMG_2187.MOV,train,Easy,
IMG_2187_00239,IMG_2187.MOV,train,Easy,
IMG_2187_00240,IMG_2187.MOV,train,Easy,
IMG_2187_00241,IMG_2187.MOV,train,Medium,
IMG_2187_00242,IMG_2187.MOV,train,Medium,
IMG_2187_00243,IMG_2187.MOV,train,Medium,
IMG_2187_00244,IMG_2187.MOV,train,Easy,
IMG_2187_00245,IMG_2187.MOV,train,Easy,
IMG_2187_00246,IMG_2187.MOV,train,Easy,
IMG_2187_00247,IMG_2187.MOV,train,Easy,
IMG_2187_00248,IMG_2187.MOV,train,Easy,
IMG_2187_00249,IMG_2187.MOV,train,Easy,
IMG_2187_00250,IMG_2187.MOV,train,Medium,
IMG_2187_00251,IMG_2187.MOV,train,Medium,
IMG_2187_00252,IMG_2187.MOV,train,Hard,
IMG_2187_00253,IMG_2187.MOV,train,Medium,
IMG_2188_00001,IMG_2188.MOV,train,Hard,
IMG_2188_00002,IMG_2188.MOV,train,Medium,
IMG_2188_00003,IMG_2188.MOV,train,Hard,
IMG_2188_00004,IMG_2188.MOV,train,Medium,
IMG_2188_00005,IMG_2188.MOV,train,Hard,
IMG_2188_00006,IMG_2188.MOV,train,Hard,
IMG_2188_00007,IMG_2188.MOV,train,Medium,
IMG_2188_00008,IMG_2188.MOV,train,Medium,
IMG_2188_00009,IMG_2188.MOV,train,Medium,
IMG_2188_00010,IMG_2188.MOV,train,Medium,
IMG_2188_00011,IMG_2188.MOV,train,Medium,
IMG_2188_00012,IMG_2188.MOV,train,Medium,
IMG_2188_00013,IMG_2188.MOV,train,Hard,
IMG_2188_00014,IMG_2188.MOV,train,Hard,
IMG_2188_00015,IMG_2188.MOV,train,Hard,
IMG_2189_00001,IMG_2189.MOV,train,Medium,
IMG_2189_00002,IMG_2189.MOV,train,Hard,
IMG_2189_00003,IMG_2189.MOV,train,Easy,
IMG_2189_00004,IMG_2189.MOV,train,Medium,
IMG_2189_00005,IMG_2189.MOV,train,Medium,
IMG_2189_00006,IMG_2189.MOV,train,Medium,
IMG_2189_00007,IMG_2189.MOV,train,Medium,
IMG_2189_00008,IMG_2189.MOV,train,Hard,
IMG_2189_00009,IMG_2189.MOV,train,Easy,
IMG_2189_00011,IMG_2189.MOV,train,Medium,
IMG_2189_00012,IMG_2189.MOV,train,Medium,
IMG_2189_00013,IMG_2189.MOV,train,Hard,
IMG_2189_00014,IMG_2189.MOV,train,Medium,
IMG_2189_00015,IMG_2189.MOV,train,Easy,
IMG_2189_00016,IMG_2189.MOV,train,Hard,
IMG_2189_00017,IMG_2189.MOV,train,Medium,
IMG_2189_00018,IMG_2189.MOV,train,Medium,
IMG_2189_00019,IMG_2189.MOV,train,Medium,
IMG_2189_00020,IMG_2189.MOV,train,Easy,
IMG_2189_00021,IMG_2189.MOV,train,Medium,
IMG_2189_00022,IMG_2189.MOV,train,Easy,
IMG_2189_00023,IMG_2189.MOV,train,Hard,
IMG_2189_00024,IMG_2189.MOV,train,Hard,
IMG_2189_00026,IMG_2189.MOV,train,Medium,
IMG_2189_00027,IMG_2189.MOV,train,Medium,
IMG_2189_00028,IMG_2189.MOV,train,Medium,
IMG_2189_00029,IMG_2189.MOV,train,Medium,
IMG_2189_00030,IMG_2189.MOV,train,Hard,
IMG_2189_00031,IMG_2189.MOV,train,Medium,
IMG_2189_00034,IMG_2189.MOV,train,Medium,
IMG_2189_00035,IMG_2189.MOV,train,Medium,
IMG_2189_00036,IMG_2189.MOV,train,Hard,
IMG_2189_00037,IMG_2189.MOV,train,Medium,
IMG_2189_00039,IMG_2189.MOV,train,Medium,
IMG_2189_00040,IMG_2189.MOV,train,Medium,
IMG_2189_00042,IMG_2189.MOV,train,Medium,
IMG_2189_00044,IMG_2189.MOV,train,Hard,
IMG_2189_00045,IMG_2189.MOV,train,Medium,
IMG_2189_00046,IMG_2189.MOV,train,Medium,
IMG_2189_00047,IMG_2189.MOV,train,Medium,
IMG_2189_00048,IMG_2189.MOV,train,Medium,
IMG_2189_00049,IMG_2189.MOV,train,Medium,
IMG_2189_00050,IMG_2189.MOV,train,Medium,
IMG_2189_00051,IMG_2189.MOV,train,Medium,
IMG_2189_00054,IMG_2189.MOV,train,Hard,
IMG_2189_00055,IMG_2189.MOV,train,Medium,
IMG_2189_00058,IMG_2189.MOV,train,Medium,
IMG_2189_00059,IMG_2189.MOV,train,Medium,
IMG_2189_00061,IMG_2189.MOV,train,Medium,
IMG_2189_00065,IMG_2189.MOV,train,Hard,
IMG_2189_00071,IMG_2189.MOV,train,Easy,
IMG_2189_00076,IMG_2189.MOV,train,Easy,
IMG_2189_00081,IMG_2189.MOV,train,Medium,
IMG_2189_00082,IMG_2189.MOV,train,Medium,
IMG_2189_00084,IMG_2189.MOV,train,Hard,
IMG_2189_00086,IMG_2189.MOV,train,Medium,
IMG_2189_00087,IMG_2189.MOV,train,Medium,
IMG_2189_00088,IMG_2189.MOV,train,Medium,
IMG_2189_00089,IMG_2189.MOV,train,Hard,
IMG_2189_00090,IMG_2189.MOV,train,Medium,
IMG_2189_00091,IMG_2189.MOV,train,Medium,
IMG_2189_00092,IMG_2189.MOV,train,Medium,
IMG_2189_00093,IMG_2189.MOV,train,Hard,
IMG_2189_00094,IMG_2189.MOV,train,Hard,
IMG_2189_00096,IMG_2189.MOV,train,Medium,
IMG_2189_00097,IMG_2189.MOV,train,Medium,
IMG_2189_00098,IMG_2189.MOV,train,Easy,
IMG_2189_00100,IMG_2189.MOV,train,Medium,
IMG_2189_00101,IMG_2189.MOV,train,Hard,
IMG_2189_00102,IMG_2189.MOV,train,Medium,
IMG_2189_00103,IMG_2189.MOV,train,Easy,
IMG_2189_00104,IMG_2189.MOV,train,Medium,
IMG_2189_00105,IMG_2189.MOV,train,Easy,
IMG_2189_00106,IMG_2189.MOV,train,Medium,
IMG_2189_00107,IMG_2189.MOV,train,Medium,
IMG_2189_00108,IMG_2189.MOV,train,Hard,
IMG_2189_00109,IMG_2189.MOV,train,Medium,
IMG_2189_00110,IMG_2189.MOV,train,Medium,
IMG_2189_00111,IMG_2189.MOV,train,Medium,
IMG_2189_00112,IMG_2189.MOV,train,Hard,
IMG_2189_00113,IMG_2189.MOV,train,Hard,
IMG_2189_00114,IMG_2189.MOV,train,Medium,
IMG_2189_00117,IMG_2189.MOV,train,Medium,
IMG_2189_00118,IMG_2189.MOV,train,Medium,
IMG_2189_00119,IMG_2189.MOV,train,Hard,
IMG_2189_00121,IMG_2189.MOV,train,Medium,
IMG_2189_00122,IMG_2189.MOV,train,Medium,
IMG_2189_00123,IMG_2189.MOV,train,Hard,
IMG_2189_00124,IMG_2189.MOV,train,Medium,
IMG_2189_00125,IMG_2189.MOV,train,Medium,
IMG_2189_00127,IMG_2189.MOV,train,Medium,
IMG_2189_00128,IMG_2189.MOV,train,Medium,
IMG_2189_00129,IMG_2189.MOV,train,Medium,
IMG_2189_00130,IMG_2189.MOV,train,Hard,
IMG_2189_00131,IMG_2189.MOV,train,Medium,
IMG_2189_00133,IMG_2189.MOV,train,Medium,
IMG_2189_00134,IMG_2189.MOV,train,Hard,
IMG_2189_00135,IMG_2189.MOV,train,Hard,
IMG_2189_00136,IMG_2189.MOV,train,Medium,
IMG_2189_00137,IMG_2189.MOV,train,Medium,
IMG_2189_00138,IMG_2189.MOV,train,Hard,
IMG_2189_00139,IMG_2189.MOV,train,Hard,
IMG_2189_00140,IMG_2189.MOV,train,Medium,
IMG_2189_00141,IMG_2189.MOV,train,Easy,
IMG_2189_00142,IMG_2189.MOV,train,Hard,
IMG_2189_00143,IMG_2189.MOV,train,Hard,
IMG_2189_00144,IMG_2189.MOV,train,Easy,
IMG_2189_00145,IMG_2189.MOV,train,Medium,
IMG_2189_00146,IMG_2189.MOV,train,Medium,
IMG_2189_00147,IMG_2189.MOV,train,Easy,
IMG_2189_00148,IMG_2189.MOV,train,Easy,
IMG_2189_00149,IMG_2189.MOV,train,Easy,
IMG_2189_00150,IMG_2189.MOV,train,Hard,
IMG_2189_00151,IMG_2189.MOV,train,Hard,
IMG_2189_00152,IMG_2189.MOV,train,Medium,
IMG_2189_00153,IMG_2189.MOV,train,Hard,
IMG_2189_00154,IMG_2189.MOV,train,Medium,
IMG_2189_00155,IMG_2189.MOV,train,Hard,
IMG_2189_00156,IMG_2189.MOV,train,Hard,
IMG_2189_00157,IMG_2189.MOV,train,Hard,
IMG_2189_00158,IMG_2189.MOV,train,Medium,
IMG_2189_00159,IMG_2189.MOV,train,Medium,
IMG_2189_00160,IMG_2189.MOV,train,Easy,
IMG_2189_00161,IMG_2189.MOV,train,Hard,
IMG_2189_00172,IMG_2189.MOV,train,Easy,
IMG_2189_00179,IMG_2189.MOV,train,Easy,
IMG_2189_00182,IMG_2189.MOV,train,Medium,
IMG_2189_00186,IMG_2189.MOV,train,Medium,
IMG_2189_00187,IMG_2189.MOV,train,Hard,
IMG_2189_00188,IMG_2189.MOV,train,Medium,
IMG_2189_00189,IMG_2189.MOV,train,Hard,
IMG_2189_00191,IMG_2189.MOV,train,Medium,
IMG_2189_00192,IMG_2189.MOV,train,Medium,
IMG_2189_00193,IMG_2189.MOV,train,Medium,
IMG_2189_00194,IMG_2189.MOV,train,Medium,
IMG_2189_00198,IMG_2189.MOV,train,Medium,
IMG_2189_00199,IMG_2189.MOV,train,Hard,
IMG_2189_00200,IMG_2189.MOV,train,Hard,
IMG_2189_00201,IMG_2189.MOV,train,Medium,
IMG_2189_00202,IMG_2189.MOV,train,Medium,
IMG_2189_00203,IMG_2189.MOV,train,Medium,
IMG_2189_00204,IMG_2189.MOV,train,Medium,
IMG_2189_00205,IMG_2189.MOV,train,Easy,
IMG_2189_00206,IMG_2189.MOV,train,Medium,
IMG_2189_00207,IMG_2189.MOV,train,Medium,
IMG_2189_00208,IMG_2189.MOV,train,Medium,
IMG_2189_00209,IMG_2189.MOV,train,Medium,
IMG_2189_00210,IMG_2189.MOV,train,Medium,
IMG_2189_00211,IMG_2189.MOV,train,Medium,
IMG_2189_00212,IMG_2189.MOV,train,Hard,
IMG_2189_00214,IMG_2189.MOV,train,Easy,
IMG_2189_00215,IMG_2189.MOV,train,Medium,
IMG_2189_00216,IMG_2189.MOV,train,Hard,
IMG_2189_00217,IMG_2189.MOV,train,Easy,
IMG_2189_00218,IMG_2189.MOV,train,Hard,
IMG_2189_00219,IMG_2189.MOV,train,Medium,
IMG_2189_00220,IMG_2189.MOV,train,Easy,
IMG_2189_00222,IMG_2189.MOV,train,Medium,
IMG_2189_00223,IMG_2189.MOV,train,Easy,
IMG_2189_00224,IMG_2189.MOV,train,Medium,
IMG_2189_00225,IMG_2189.MOV,train,Medium,
IMG_2189_00227,IMG_2189.MOV,train,Easy,
IMG_2189_00229,IMG_2189.MOV,train,Medium,
IMG_2189_00230,IMG_2189.MOV,train,Medium,
IMG_2189_00231,IMG_2189.MOV,train,Hard,
IMG_2189_00233,IMG_2189.MOV,train,Medium,
IMG_2189_00234,IMG_2189.MOV,train,Medium,
IMG_2189_00235,IMG_2189.MOV,train,Medium,
IMG_2189_00236,IMG_2189.MOV,train,Hard,
IMG_2189_00237,IMG_2189.MOV,train,Hard,
IMG_2189_00239,IMG_2189.MOV,train,Easy,
IMG_2189_00240,IMG_2189.MOV,train,Hard,
IMG_2189_00241,IMG_2189.MOV,train,Hard,
IMG_2189_00242,IMG_2189.MOV,train,Medium,
IMG_2189_00243,IMG_2189.MOV,train,Medium,
IMG_2189_00244,IMG_2189.MOV,train,Hard,
IMG_2189_00245,IMG_2189.MOV,train,Medium,
IMG_2189_00246,IMG_2189.MOV,train,Hard,
IMG_2189_00247,IMG_2189.MOV,train,Medium,
IMG_2189_00248,IMG_2189.MOV,train,Easy,
IMG_2189_00249,IMG_2189.MOV,train,Medium,
IMG_2189_00251,IMG_2189.MOV,train,Medium,
IMG_2189_00252,IMG_2189.MOV,train,Medium,
IMG_2189_00253,IMG_2189.MOV,train,Medium,
IMG_2189_00254,IMG_2189.MOV,train,Easy,
IMG_2189_00255,IMG_2189.MOV,train,Easy,
IMG_2189_00256,IMG_2189.MOV,train,Medium,
IMG_2189_00258,IMG_2189.MOV,train,Hard,
IMG_2189_00262,IMG_2189.MOV,train,Hard,
IMG_2189_00264,IMG_2189.MOV,train,Hard,
IMG_2189_00290,IMG_2189.MOV,train,Hard,
IMG_2189_00291,IMG_2189.MOV,train,Medium,
IMG_2189_00300,IMG_2189.MOV,train,Easy,
IMG_2189_00303,IMG_2189.MOV,train,Easy,
IMG_2189_00309,IMG_2189.MOV,train,Easy,
IMG_2189_00312,IMG_2189.MOV,train,Medium,
IMG_2189_00313,IMG_2189.MOV,train,Medium,
IMG_2189_00314,IMG_2189.MOV,train,Medium,
IMG_2189_00315,IMG_2189.MOV,train,Medium,
IMG_2189_00316,IMG_2189.MOV,train,Medium,
IMG_2189_00317,IMG_2189.MOV,train,Medium,
IMG_2189_00318,IMG_2189.MOV,train,Medium,
IMG_2189_00319,IMG_2189.MOV,train,Medium,
IMG_2189_00321,IMG_2189.MOV,train,Medium,
IMG_2189_00322,IMG_2189.MOV,train,Medium,
IMG_2189_00323,IMG_2189.MOV,train,Hard,
IMG_2189_00324,IMG_2189.MOV,train,Medium,
IMG_2189_00325,IMG_2189.MOV,train,Medium,
IMG_2189_00326,IMG_2189.MOV,train,Medium,
IMG_2189_00327,IMG_2189.MOV,train,Hard,
IMG_2189_00328,IMG_2189.MOV,train,Medium,
IMG_2189_00329,IMG_2189.MOV,train,Medium,
IMG_2189_00330,IMG_2189.MOV,train,Medium,
IMG_2189_00331,IMG_2189.MOV,train,Hard,
IMG_2189_00332,IMG_2189.MOV,train,Medium,
IMG_2189_00333,IMG_2189.MOV,train,Medium,
IMG_2189_00335,IMG_2189.MOV,train,Hard,
IMG_2189_00336,IMG_2189.MOV,train,Hard,
IMG_2189_00337,IMG_2189.MOV,train,Medium,
IMG_2189_00338,IMG_2189.MOV,train,Medium,
IMG_2189_00339,IMG_2189.MOV,train,Medium,
IMG_2189_00340,IMG_2189.MOV,train,Medium,
IMG_2189_00341,IMG_2189.MOV,train,Medium,
IMG_2189_00342,IMG_2189.MOV,train,Medium,
IMG_2189_00343,IMG_2189.MOV,train,Hard,
IMG_2189_00344,IMG_2189.MOV,train,Medium,
IMG_2189_00345,IMG_2189.MOV,train,Medium,
IMG_2189_00346,IMG_2189.MOV,train,Medium,
IMG_2189_00347,IMG_2189.MOV,train,Medium,
IMG_2189_00348,IMG_2189.MOV,train,Hard,
IMG_2189_00349,IMG_2189.MOV,train,Medium,
IMG_2189_00350,IMG_2189.MOV,train,Medium,
IMG_2189_00351,IMG_2189.MOV,train,Medium,
IMG_2189_00352,IMG_2189.MOV,train,Medium,
IMG_2189_00354,IMG_2189.MOV,train,Medium,
IMG_2189_00355,IMG_2189.MOV,train,Medium,
IMG_2189_00356,IMG_2189.MOV,train,Hard,
IMG_2189_00357,IMG_2189.MOV,train,Medium,
IMG_2189_00358,IMG_2189.MOV,train,Medium,
IMG_2189_00362,IMG_2189.MOV,train,Hard,
IMG_2189_00381,IMG_2189.MOV,train,Medium,
IMG_2189_00383,IMG_2189.MOV,train,Easy,
IMG_2189_00384,IMG_2189.MOV,train,Hard,
IMG_2189_00386,IMG_2189.MOV,train,Hard,
IMG_2189_00387,IMG_2189.MOV,train,Medium,
IMG_2189_00396,IMG_2189.MOV,train,Easy,
IMG_2189_00397,IMG_2189.MOV,train,Medium,
IMG_2189_00398,IMG_2189.MOV,train,Medium,
IMG_2189_00399,IMG_2189.MOV,train,Medium,
IMG_2189_00400,IMG_2189.MOV,train,Medium,
IMG_2189_00401,IMG_2189.MOV,train,Medium,
IMG_2189_00402,IMG_2189.MOV,train,Medium,
IMG_2189_00404,IMG_2189.MOV,train,Hard,
IMG_2189_00406,IMG_2189.MOV,train,Medium,
IMG_2189_00408,IMG_2189.MOV,train,Medium,
IMG_2189_00409,IMG_2189.MOV,train,Medium,
IMG_2189_00410,IMG_2189.MOV,train,Medium,
IMG_2189_00413,IMG_2189.MOV,train,Easy,
IMG_2189_00414,IMG_2189.MOV,train,Easy,
IMG_2189_00420,IMG_2189.MOV,train,Medium,
IMG_2189_00421,IMG_2189.MOV,train,Hard,
IMG_2189_00423,IMG_2189.MOV,train,Medium,
IMG_2189_00424,IMG_2189.MOV,train,Hard,
IMG_2189_00425,IMG_2189.MOV,train,Medium,
IMG_2189_00426,IMG_2189.MOV,train,Medium,
IMG_2189_00427,IMG_2189.MOV,train,Medium,
IMG_2189_00428,IMG_2189.MOV,train,Medium,
IMG_2189_00429,IMG_2189.MOV,train,Medium,
IMG_2189_00430,IMG_2189.MOV,train,Medium,
IMG_2189_00431,IMG_2189.MOV,train,Hard,
IMG_2189_00432,IMG_2189.MOV,train,Medium,
IMG_2189_00433,IMG_2189.MOV,train,Hard,
IMG_2189_00434,IMG_2189.MOV,train,Medium,
IMG_2189_00435,IMG_2189.MOV,train,Medium,
IMG_2189_00436,IMG_2189.MOV,train,Hard,
IMG_2189_00438,IMG_2189.MOV,train,Easy,
IMG_2189_00440,IMG_2189.MOV,train,Medium,
IMG_2189_00441,IMG_2189.MOV,train,Medium,
IMG_2189_00442,IMG_2189.MOV,train,Medium,
IMG_2189_00443,IMG_2189.MOV,train,Medium,
IMG_2189_00444,IMG_2189.MOV,train,Easy,
IMG_2189_00446,IMG_2189.MOV,train,Medium,
IMG_2189_00447,IMG_2189.MOV,train,Easy,
IMG_2189_00448,IMG_2189.MOV,train,Medium,
IMG_2189_00449,IMG_2189.MOV,train,Medium,
IMG_2189_00451,IMG_2189.MOV,train,Medium,
IMG_2189_00459,IMG_2189.MOV,train,Easy,
IMG_2189_00476,IMG_2189.MOV,train,Medium,
IMG_2189_00477,IMG_2189.MOV,train,Hard,
IMG_2189_00478,IMG_2189.MOV,train,Medium,
IMG_2189_00479,IMG_2189.MOV,train,Hard,
IMG_2189_00480,IMG_2189.MOV,train,Medium,
IMG_2189_00481,IMG_2189.MOV,train,Hard,
IMG_2189_00482,IMG_2189.MOV,train,Medium,
IMG_2189_00484,IMG_2189.MOV,train,Medium,
IMG_2189_00491,IMG_2189.MOV,train,Medium,
IMG_2189_00495,IMG_2189.MOV,train,Hard,
IMG_2189_00496,IMG_2189.MOV,train,Hard,
IMG_2189_00497,IMG_2189.MOV,train,Medium,
IMG_2189_00498,IMG_2189.MOV,train,Hard,
IMG_2189_00499,IMG_2189.MOV,train,Medium,
IMG_2189_00500,IMG_2189.MOV,train,Medium,
IMG_2189_00501,IMG_2189.MOV,train,Hard,
IMG_2189_00502,IMG_2189.MOV,train,Hard,
IMG_2189_00503,IMG_2189.MOV,train,Medium,
IMG_2189_00504,IMG_2189.MOV,train,Medium,
IMG_2189_00505,IMG_2189.MOV,train,Easy,
IMG_2189_00506,IMG_2189.MOV,train,Easy,
IMG_2189_00507,IMG_2189.MOV,train,Medium,
IMG_2189_00508,IMG_2189.MOV,train,Medium,
IMG_2189_00509,IMG_2189.MOV,train,Easy,
IMG_2189_00510,IMG_2189.MOV,train,Medium,
IMG_2189_00511,IMG_2189.MOV,train,Medium,
IMG_2189_00512,IMG_2189.MOV,train,Easy,
IMG_2189_00513,IMG_2189.MOV,train,Medium,
IMG_2189_00514,IMG_2189.MOV,train,Medium,
IMG_2189_00515,IMG_2189.MOV,train,Easy,
IMG_2189_00516,IMG_2189.MOV,train,Medium,
IMG_2189_00517,IMG_2189.MOV,train,Medium,
IMG_2189_00518,IMG_2189.MOV,train,Medium,
IMG_2189_00519,IMG_2189.MOV,train,Hard,
IMG_2189_00520,IMG_2189.MOV,train,Hard,
IMG_2189_00531,IMG_2189.MOV,train,Easy,
IMG_2189_00534,IMG_2189.MOV,train,Medium,
IMG_2189_00535,IMG_2189.MOV,train,Medium,
IMG_2189_00536,IMG_2189.MOV,train,Medium,
IMG_2189_00537,IMG_2189.MOV,train,Medium,
IMG_2189_00538,IMG_2189.MOV,train,Medium,
IMG_2189_00539,IMG_2189.MOV,train,Easy,
IMG_2189_00540,IMG_2189.MOV,train,Medium,
IMG_2189_00541,IMG_2189.MOV,train,Medium,
IMG_2189_00542,IMG_2189.MOV,train,Hard,
IMG_2189_00543,IMG_2189.MOV,train,Medium,
IMG_2189_00544,IMG_2189.MOV,train,Hard,
IMG_2189_00545,IMG_2189.MOV,train,Medium,
IMG_2189_00546,IMG_2189.MOV,train,Hard,
IMG_2189_00547,IMG_2189.MOV,train,Hard,
IMG_2189_00548,IMG_2189.MOV,train,Medium,
IMG_2189_00550,IMG_2189.MOV,train,Hard,
IMG_2189_00551,IMG_2189.MOV,train,Medium,
IMG_2189_00552,IMG_2189.MOV,train,Medium,
IMG_2189_00553,IMG_2189.MOV,train,Medium,
IMG_2189_00554,IMG_2189.MOV,train,Medium,
IMG_2189_00555,IMG_2189.MOV,train,Medium,
IMG_2189_00556,IMG_2189.MOV,train,Medium,
IMG_2189_00557,IMG_2189.MOV,train,Hard,
IMG_2189_00559,IMG_2189.MOV,train,Hard,
IMG_2189_00560,IMG_2189.MOV,train,Medium,
IMG_2189_00561,IMG_2189.MOV,train,Medium,
IMG_2189_00562,IMG_2189.MOV,train,Medium,
IMG_2189_00563,IMG_2189.MOV,train,Medium,
IMG_2189_00564,IMG_2189.MOV,train,Medium,
IMG_2189_00565,IMG_2189.MOV,train,Medium,
IMG_2189_00567,IMG_2189.MOV,train,Medium,
IMG_2189_00569,IMG_2189.MOV,train,Easy,
IMG_2189_00570,IMG_2189.MOV,train,Easy,
IMG_2189_00571,IMG_2189.MOV,train,Medium,
IMG_2189_00572,IMG_2189.MOV,train,Hard,
IMG_2189_00574,IMG_2189.MOV,train,Medium,
IMG_2189_00576,IMG_2189.MOV,train,Hard,
IMG_2189_00577,IMG_2189.MOV,train,Hard,
IMG_2189_00579,IMG_2189.MOV,train,Easy,
IMG_2189_00582,IMG_2189.MOV,train,Medium,
IMG_2189_00583,IMG_2189.MOV,train,Medium,
IMG_2189_00584,IMG_2189.MOV,train,Medium,
IMG_2189_00585,IMG_2189.MOV,train,Medium,
IMG_2189_00586,IMG_2189.MOV,train,Hard,
IMG_2189_00587,IMG_2189.MOV,train,Medium,
IMG_2189_00589,IMG_2189.MOV,train,Medium,
IMG_2189_00595,IMG_2189.MOV,train,Medium,
IMG_2189_00597,IMG_2189.MOV,train,Medium,
IMG_2189_00598,IMG_2189.MOV,train,Hard,
IMG_2189_00599,IMG_2189.MOV,train,Medium,
IMG_2189_00600,IMG_2189.MOV,train,Medium,
IMG_2189_00601,IMG_2189.MOV,train,Hard,
IMG_2189_00602,IMG_2189.MOV,train,Hard,
IMG_2189_00603,IMG_2189.MOV,train,Hard,
IMG_2189_00604,IMG_2189.MOV,train,Easy,
IMG_2189_00605,IMG_2189.MOV,train,Hard,
IMG_2189_00606,IMG_2189.MOV,train,Easy,
IMG_2189_00607,IMG_2189.MOV,train,Medium,
IMG_2189_00608,IMG_2189.MOV,train,Medium,
IMG_2189_00609,IMG_2189.MOV,train,Medium,
IMG_2189_00610,IMG_2189.MOV,train,Medium,
IMG_2189_00611,IMG_2189.MOV,train,Hard,
IMG_2189_00612,IMG_2189.MOV,train,Easy,
IMG_2189_00613,IMG_2189.MOV,train,Medium,
IMG_2189_00614,IMG_2189.MOV,train,Medium,
IMG_2189_00615,IMG_2189.MOV,train,Hard,
IMG_2189_00616,IMG_2189.MOV,train,Easy,
IMG_2189_00617,IMG_2189.MOV,train,Medium,
IMG_2189_00619,IMG_2189.MOV,train,Easy,
IMG_2189_00620,IMG_2189.MOV,train,Medium,
IMG_2189_00621,IMG_2189.MOV,train,Medium,
IMG_2189_00622,IMG_2189.MOV,train,Easy,
IMG_2189_00623,IMG_2189.MOV,train,Medium,
IMG_2189_00624,IMG_2189.MOV,train,Medium,
IMG_2189_00625,IMG_2189.MOV,train,Medium,
IMG_2189_00626,IMG_2189.MOV,train,Medium,
IMG_2189_00627,IMG_2189.MOV,train,Medium,
IMG_2189_00628,IMG_2189.MOV,train,Medium,
IMG_2189_00630,IMG_2189.MOV,train,Hard,
IMG_2189_00632,IMG_2189.MOV,train,Hard,
IMG_2189_00633,IMG_2189.MOV,train,Medium,
IMG_2189_00634,IMG_2189.MOV,train,Medium,
IMG_2189_00635,IMG_2189.MOV,train,Medium,
IMG_2189_00637,IMG_2189.MOV,train,Medium,
IMG_2189_00639,IMG_2189.MOV,train,Medium,
IMG_2189_00641,IMG_2189.MOV,train,Hard,
IMG_2189_00645,IMG_2189.MOV,train,Hard,
IMG_2189_00646,IMG_2189.MOV,train,Easy,
IMG_2189_00647,IMG_2189.MOV,train,Medium,
IMG_2189_00648,IMG_2189.MOV,train,Easy,
IMG_2189_00649,IMG_2189.MOV,train,Medium,
IMG_2189_00650,IMG_2189.MOV,train,Medium,
IMG_2189_00651,IMG_2189.MOV,train,Medium,
IMG_2189_00653,IMG_2189.MOV,train,Hard,
IMG_2189_00654,IMG_2189.MOV,train,Hard,
IMG_2189_00655,IMG_2189.MOV,train,Hard,
IMG_2189_00656,IMG_2189.MOV,train,Medium,
IMG_2189_00658,IMG_2189.MOV,train,Medium,
IMG_2189_00659,IMG_2189.MOV,train,Medium,
IMG_2189_00660,IMG_2189.MOV,train,Medium,
IMG_2189_00662,IMG_2189.MOV,train,Medium,
IMG_2189_00663,IMG_2189.MOV,train,Hard,
IMG_2189_00664,IMG_2189.MOV,train,Medium,
IMG_2189_00665,IMG_2189.MOV,train,Medium,
IMG_2189_00666,IMG_2189.MOV,train,Medium,
IMG_2189_00667,IMG_2189.MOV,train,Medium,
IMG_2189_00669,IMG_2189.MOV,train,Medium,
IMG_2189_00670,IMG_2189.MOV,train,Medium,
IMG_2189_00671,IMG_2189.MOV,train,Medium,
IMG_2189_00672,IMG_2189.MOV,train,Medium,
IMG_2189_00673,IMG_2189.MOV,train,Medium,
IMG_2189_00674,IMG_2189.MOV,train,Easy,
IMG_2189_00675,IMG_2189.MOV,train,Medium,
IMG_2189_00677,IMG_2189.MOV,train,Medium,
IMG_2189_00679,IMG_2189.MOV,train,Hard,
IMG_2189_00680,IMG_2189.MOV,train,Easy,
IMG_2189_00681,IMG_2189.MOV,train,Hard,
IMG_2189_00683,IMG_2189.MOV,train,Easy,
IMG_2189_00688,IMG_2189.MOV,train,Hard,
IMG_2189_00690,IMG_2189.MOV,train,Hard,
IMG_2189_00692,IMG_2189.MOV,train,Hard,
IMG_2189_00693,IMG_2189.MOV,train,Hard,
IMG_2189_00695,IMG_2189.MOV,train,Medium,
IMG_2189_00696,IMG_2189.MOV,train,Medium,
IMG_2189_00697,IMG_2189.MOV,train,Hard,
IMG_2189_00699,IMG_2189.MOV,train,Easy,
IMG_2189_00700,IMG_2189.MOV,train,Medium,
IMG_2189_00701,IMG_2189.MOV,train,Medium,
IMG_2189_00702,IMG_2189.MOV,train,Medium,
IMG_2189_00703,IMG_2189.MOV,train,Hard,
IMG_2189_00704,IMG_2189.MOV,train,Easy,
IMG_2189_00705,IMG_2189.MOV,train,Medium,
IMG_2189_00706,IMG_2189.MOV,train,Hard,
IMG_2189_00707,IMG_2189.MOV,train,Easy,
IMG_2189_00708,IMG_2189.MOV,train,Hard,
IMG_2189_00716,IMG_2189.MOV,train,Hard,
IMG_2189_00717,IMG_2189.MOV,train,Medium,
IMG_2189_00718,IMG_2189.MOV,train,Medium,
IMG_2189_00719,IMG_2189.MOV,train,Medium,
IMG_2189_00720,IMG_2189.MOV,train,Medium,
IMG_2189_00722,IMG_2189.MOV,train,Medium,
IMG_2189_00723,IMG_2189.MOV,train,Medium,
IMG_2189_00724,IMG_2189.MOV,train,Medium,
IMG_2189_00725,IMG_2189.MOV,train,Medium,
IMG_2189_00726,IMG_2189.MOV,train,Medium,
IMG_2189_00727,IMG_2189.MOV,train,Medium,
IMG_2189_00728,IMG_2189.MOV,train,Medium,
IMG_2189_00729,IMG_2189.MOV,train,Medium,
IMG_2189_00730,IMG_2189.MOV,train,Medium,
IMG_2189_00732,IMG_2189.MOV,train,Easy,
IMG_2189_00735,IMG_2189.MOV,train,Medium,
IMG_2189_00736,IMG_2189.MOV,train,Hard,
IMG_2189_00738,IMG_2189.MOV,train,Medium,
IMG_2189_00739,IMG_2189.MOV,train,Hard,
IMG_2189_00741,IMG_2189.MOV,train,Medium,
IMG_2189_00742,IMG_2189.MOV,train,Medium,
IMG_2189_00743,IMG_2189.MOV,train,Hard,
IMG_2189_00744,IMG_2189.MOV,train,Medium,
IMG_2189_00745,IMG_2189.MOV,train,Hard,
IMG_2189_00746,IMG_2189.MOV,train,Medium,
IMG_2189_00751,IMG_2189.MOV,train,Medium,
IMG_2189_00752,IMG_2189.MOV,train,Medium,
IMG_2189_00753,IMG_2189.MOV,train,Medium,
IMG_2189_00754,IMG_2189.MOV,train,Medium,
IMG_2189_00755,IMG_2189.MOV,train,Medium,
IMG_2189_00756,IMG_2189.MOV,train,Easy,
IMG_2189_00757,IMG_2189.MOV,train,Medium,
IMG_2189_00758,IMG_2189.MOV,train,Medium,
IMG_2189_00759,IMG_2189.MOV,train,Medium,
IMG_2189_00760,IMG_2189.MOV,train,Medium,
IMG_2189_00761,IMG_2189.MOV,train,Hard,
IMG_2189_00762,IMG_2189.MOV,train,Medium,
IMG_2189_00763,IMG_2189.MOV,train,Medium,
IMG_2189_00764,IMG_2189.MOV,train,Medium,
IMG_2189_00765,IMG_2189.MOV,train,Medium,
IMG_2189_00766,IMG_2189.MOV,train,Medium,
IMG_2189_00767,IMG_2189.MOV,train,Medium,
IMG_2189_00768,IMG_2189.MOV,train,Hard,
IMG_2189_00769,IMG_2189.MOV,train,Medium,
IMG_2189_00770,IMG_2189.MOV,train,Medium,
IMG_2189_00771,IMG_2189.MOV,train,Medium,
IMG_2189_00772,IMG_2189.MOV,train,Hard,
IMG_2189_00773,IMG_2189.MOV,train,Medium,
IMG_2189_00779,IMG_2189.MOV,train,Hard,
IMG_2189_00780,IMG_2189.MOV,train,Hard,
IMG_2189_00781,IMG_2189.MOV,train,Medium,
IMG_2189_00782,IMG_2189.MOV,train,Medium,
IMG_2189_00783,IMG_2189.MOV,train,Medium,
IMG_2189_00784,IMG_2189.MOV,train,Hard,
IMG_2189_00785,IMG_2189.MOV,train,Medium,
IMG_2189_00789,IMG_2189.MOV,train,Hard,
IMG_2189_00790,IMG_2189.MOV,train,Medium,
IMG_2189_00791,IMG_2189.MOV,train,Medium,
IMG_2189_00792,IMG_2189.MOV,train,Medium,
IMG_2189_00793,IMG_2189.MOV,train,Medium,
IMG_2189_00795,IMG_2189.MOV,train,Medium,
IMG_2189_00796,IMG_2189.MOV,train,Easy,
IMG_2189_00797,IMG_2189.MOV,train,Medium,
IMG_2189_00799,IMG_2189.MOV,train,Medium,
IMG_2189_00801,IMG_2189.MOV,train,Medium,
IMG_2189_00802,IMG_2189.MOV,train,Medium,
IMG_2189_00804,IMG_2189.MOV,train,Medium,
IMG_2189_00805,IMG_2189.MOV,train,Medium,
IMG_2189_00806,IMG_2189.MOV,train,Medium,
IMG_2189_00807,IMG_2189.MOV,train,Medium,
IMG_2189_00808,IMG_2189.MOV,train,Medium,
IMG_2189_00809,IMG_2189.MOV,train,Medium,
IMG_2189_00810,IMG_2189.MOV,train,Hard,
IMG_2189_00811,IMG_2189.MOV,train,Medium,
IMG_2189_00812,IMG_2189.MOV,train,Medium,
IMG_2189_00814,IMG_2189.MOV,train,Hard,
IMG_2189_00815,IMG_2189.MOV,train,Medium,
IMG_2189_00817,IMG_2189.MOV,train,Hard,
IMG_2189_00818,IMG_2189.MOV,train,Medium,
IMG_2189_00819,IMG_2189.MOV,train,Medium,
IMG_2189_00820,IMG_2189.MOV,train,Medium,
IMG_2189_00823,IMG_2189.MOV,train,Medium,
IMG_2189_00825,IMG_2189.MOV,train,Hard,
IMG_2189_00826,IMG_2189.MOV,train,Medium,
IMG_2189_00828,IMG_2189.MOV,train,Medium,
IMG_2189_00830,IMG_2189.MOV,train,Medium,
IMG_2189_00831,IMG_2189.MOV,train,Medium,
IMG_2189_00832,IMG_2189.MOV,train,Medium,
IMG_2189_00833,IMG_2189.MOV,train,Easy,
IMG_2189_00834,IMG_2189.MOV,train,Hard,
IMG_2189_00835,IMG_2189.MOV,train,Medium,
IMG_2189_00837,IMG_2189.MOV,train,Medium,
IMG_2189_00838,IMG_2189.MOV,train,Medium,
IMG_2189_00839,IMG_2189.MOV,train,Medium,
IMG_2189_00840,IMG_2189.MOV,train,Easy,
IMG_2189_00841,IMG_2189.MOV,train,Medium,
IMG_2189_00842,IMG_2189.MOV,train,Medium,
IMG_2189_00844,IMG_2189.MOV,train,Medium,
IMG_2189_00845,IMG_2189.MOV,train,Hard,
IMG_2189_00846,IMG_2189.MOV,train,Medium,
IMG_2189_00847,IMG_2189.MOV,train,Medium,
IMG_2189_00848,IMG_2189.MOV,train,Medium,
IMG_2189_00849,IMG_2189.MOV,train,Medium,
IMG_2189_00850,IMG_2189.MOV,train,Medium,
IMG_2189_00852,IMG_2189.MOV,train,Hard,
IMG_2189_00854,IMG_2189.MOV,train,Medium,
IMG_2189_00856,IMG_2189.MOV,train,Hard,
IMG_2189_00857,IMG_2189.MOV,train,Hard,
IMG_2189_00860,IMG_2189.MOV,train,Hard,
IMG_2189_00862,IMG_2189.MOV,train,Medium,
IMG_2189_00863,IMG_2189.MOV,train,Hard,
IMG_2189_00864,IMG_2189.MOV,train,Medium,
IMG_2189_00865,IMG_2189.MOV,train,Medium,
IMG_2189_00866,IMG_2189.MOV,train,Hard,
IMG_2189_00867,IMG_2189.MOV,train,Easy,
IMG_2189_00868,IMG_2189.MOV,train,Medium,
IMG_2189_00869,IMG_2189.MOV,train,Medium,
IMG_2189_00870,IMG_2189.MOV,train,Medium,
IMG_2189_00871,IMG_2189.MOV,train,Medium,
IMG_2189_00872,IMG_2189.MOV,train,Medium,
IMG_2189_00873,IMG_2189.MOV,train,Medium,
IMG_2189_00874,IMG_2189.MOV,train,Medium,
IMG_2189_00875,IMG_2189.MOV,train,Medium,
IMG_2189_00876,IMG_2189.MOV,train,Medium,
IMG_2189_00877,IMG_2189.MOV,train,Medium,
IMG_2189_00878,IMG_2189.MOV,train,Medium,
IMG_2189_00879,IMG_2189.MOV,train,Medium,
IMG_2189_00880,IMG_2189.MOV,train,Medium,
IMG_2189_00881,IMG_2189.MOV,train,Medium,
IMG_2189_00883,IMG_2189.MOV,train,Medium,
IMG_2189_00884,IMG_2189.MOV,train,Hard,
IMG_2189_00885,IMG_2189.MOV,train,Medium,
IMG_2189_00886,IMG_2189.MOV,train,Hard,
IMG_2189_00887,IMG_2189.MOV,train,Hard,
IMG_2189_00888,IMG_2189.MOV,train,Medium,
IMG_2189_00889,IMG_2189.MOV,train,Medium,
IMG_2189_00890,IMG_2189.MOV,train,Medium,
IMG_2189_00891,IMG_2189.MOV,train,Medium,
IMG_2189_00892,IMG_2189.MOV,train,Medium,
IMG_2189_00893,IMG_2189.MOV,train,Hard,
IMG_2189_00895,IMG_2189.MOV,train,Medium,
IMG_2189_00896,IMG_2189.MOV,train,Medium,
IMG_2189_00897,IMG_2189.MOV,train,Medium,
IMG_2189_00898,IMG_2189.MOV,train,Medium,
IMG_2189_00899,IMG_2189.MOV,train,Hard,
IMG_2189_00900,IMG_2189.MOV,train,Medium,
IMG_2189_00902,IMG_2189.MOV,train,Medium,
IMG_2189_00903,IMG_2189.MOV,train,Medium,
IMG_2189_00906,IMG_2189.MOV,train,Medium,
IMG_2189_00908,IMG_2189.MOV,train,Medium,
IMG_2189_00909,IMG_2189.MOV,train,Medium,
IMG_2189_00910,IMG_2189.MOV,train,Medium,
IMG_2190_00003,IMG_2190.MOV,train,Easy,
IMG_2190_00008,IMG_2190.MOV,train,Easy,
IMG_2190_00010,IMG_2190.MOV,train,Easy,
IMG_2190_00011,IMG_2190.MOV,train,Easy,
IMG_2190_00015,IMG_2190.MOV,train,Easy,
IMG_2190_00016,IMG_2190.MOV,train,Easy,
IMG_2190_00024,IMG_2190.MOV,train,Easy,
IMG_2190_00026,IMG_2190.MOV,train,Easy,
IMG_2190_00029,IMG_2190.MOV,train,Easy,
IMG_2190_00030,IMG_2190.MOV,train,Easy,
IMG_2190_00031,IMG_2190.MOV,train,Easy,
IMG_2190_00032,IMG_2190.MOV,train,Easy,
IMG_2190_00033,IMG_2190.MOV,train,Easy,
IMG_2190_00034,IMG_2190.MOV,train,Easy,
IMG_2190_00035,IMG_2190.MOV,train,Easy,
IMG_2190_00036,IMG_2190.MOV,train,Easy,
IMG_2190_00038,IMG_2190.MOV,train,Easy,
IMG_2190_00045,IMG_2190.MOV,train,Easy,
IMG_2190_00046,IMG_2190.MOV,train,Easy,
IMG_2190_00047,IMG_2190.MOV,train,Easy,
IMG_2190_00048,IMG_2190.MOV,train,Easy,
IMG_2190_00053,IMG_2190.MOV,train,Easy,
IMG_2190_00057,IMG_2190.MOV,train,Easy,
IMG_2190_00059,IMG_2190.MOV,train,Easy,
IMG_2190_00060,IMG_2190.MOV,train,Easy,
IMG_2190_00070,IMG_2190.MOV,train,Easy,
IMG_2190_00071,IMG_2190.MOV,train,Easy,
IMG_2190_00074,IMG_2190.MOV,train,Medium,
IMG_2190_00077,IMG_2190.MOV,train,Easy,
IMG_2190_00085,IMG_2190.MOV,train,Easy,
IMG_2190_00086,IMG_2190.MOV,train,Easy,
IMG_2190_00087,IMG_2190.MOV,train,Easy,
IMG_2190_00089,IMG_2190.MOV,train,Easy,
IMG_2190_00093,IMG_2190.MOV,train,Medium,
IMG_2190_00094,IMG_2190.MOV,train,Hard,
IMG_2190_00096,IMG_2190.MOV,train,Easy,
IMG_2190_00097,IMG_2190.MOV,train,Hard,
IMG_2190_00098,IMG_2190.MOV,train,Medium,
IMG_2190_00099,IMG_2190.MOV,train,Medium,
IMG_2190_00101,IMG_2190.MOV,train,Medium,
IMG_2190_00102,IMG_2190.MOV,train,Hard,
IMG_2190_00103,IMG_2190.MOV,train,Medium,
IMG_2190_00104,IMG_2190.MOV,train,Easy,
IMG_2190_00105,IMG_2190.MOV,train,Hard,
IMG_2190_00106,IMG_2190.MOV,train,Medium,
IMG_2190_00107,IMG_2190.MOV,train,Medium,
IMG_2190_00108,IMG_2190.MOV,train,Easy,
IMG_2190_00110,IMG_2190.MOV,train,Medium,
IMG_2190_00111,IMG_2190.MOV,train,Hard,
IMG_2190_00113,IMG_2190.MOV,train,Easy,
IMG_2190_00119,IMG_2190.MOV,train,Easy,
IMG_2190_00121,IMG_2190.MOV,train,Easy,
IMG_2190_00130,IMG_2190.MOV,train,Easy,
IMG_2190_00139,IMG_2190.MOV,train,Medium,
IMG_2190_00143,IMG_2190.MOV,train,Hard,
IMG_2190_00145,IMG_2190.MOV,train,Medium,
IMG_2190_00148,IMG_2190.MOV,train,Easy,
IMG_2190_00149,IMG_2190.MOV,train,Hard,
IMG_2190_00153,IMG_2190.MOV,train,Medium,
IMG_2190_00155,IMG_2190.MOV,train,Medium,
IMG_2190_00160,IMG_2190.MOV,train,Medium,
IMG_2190_00161,IMG_2190.MOV,train,Hard,
IMG_2190_00163,IMG_2190.MOV,train,Medium,
IMG_2190_00166,IMG_2190.MOV,train,Easy,
IMG_2190_00172,IMG_2190.MOV,train,Medium,
IMG_2190_00175,IMG_2190.MOV,train,Hard,
IMG_2190_00178,IMG_2190.MOV,train,Hard,
IMG_2190_00179,IMG_2190.MOV,train,Medium,
IMG_2190_00180,IMG_2190.MOV,train,Medium,
IMG_2190_00181,IMG_2190.MOV,train,Medium,
IMG_2190_00184,IMG_2190.MOV,train,Medium,
IMG_2190_00185,IMG_2190.MOV,train,Hard,
IMG_2190_00186,IMG_2190.MOV,train,Medium,
IMG_2190_00188,IMG_2190.MOV,train,Easy,
IMG_2190_00189,IMG_2190.MOV,train,Medium,
IMG_2190_00190,IMG_2190.MOV,train,Easy,
IMG_2190_00192,IMG_2190.MOV,train,Medium,
IMG_2190_00196,IMG_2190.MOV,train,Hard,
IMG_2190_00197,IMG_2190.MOV,train,Medium,
IMG_2190_00198,IMG_2190.MOV,train,Hard,
IMG_2190_00199,IMG_2190.MOV,train,Medium,
IMG_2190_00200,IMG_2190.MOV,train,Hard,
IMG_2190_00203,IMG_2190.MOV,train,Easy,
IMG_2190_00206,IMG_2190.MOV,train,Easy,
IMG_2190_00207,IMG_2190.MOV,train,Medium,
IMG_2190_00209,IMG_2190.MOV,train,Medium,
IMG_2190_00210,IMG_2190.MOV,train,Easy,
IMG_2190_00212,IMG_2190.MOV,train,Easy,
IMG_2190_00213,IMG_2190.MOV,train,Hard,
IMG_2190_00214,IMG_2190.MOV,train,Medium,
IMG_2190_00215,IMG_2190.MOV,train,Hard,
IMG_2190_00216,IMG_2190.MOV,train,Hard,
IMG_2190_00217,IMG_2190.MOV,train,Medium,
IMG_2190_00218,IMG_2190.MOV,train,Medium,
IMG_2190_00219,IMG_2190.MOV,train,Hard,
IMG_2190_00220,IMG_2190.MOV,train,Medium,
IMG_2190_00221,IMG_2190.MOV,train,Medium,
IMG_2190_00222,IMG_2190.MOV,train,Medium,
IMG_2190_00223,IMG_2190.MOV,train,Hard,
IMG_2190_00224,IMG_2190.MOV,train,Medium,
IMG_2190_00225,IMG_2190.MOV,train,Easy,
IMG_2190_00226,IMG_2190.MOV,train,Medium,
IMG_2190_00227,IMG_2190.MOV,train,Easy,
IMG_2190_00230,IMG_2190.MOV,train,Easy,
IMG_2190_00233,IMG_2190.MOV,train,Hard,
IMG_2190_00234,IMG_2190.MOV,train,Hard,
IMG_2190_00235,IMG_2190.MOV,train,Medium,
IMG_2190_00236,IMG_2190.MOV,train,Easy,
IMG_2190_00237,IMG_2190.MOV,train,Easy,
IMG_2190_00239,IMG_2190.MOV,train,Easy,
IMG_2190_00242,IMG_2190.MOV,train,Easy,
IMG_2190_00246,IMG_2190.MOV,train,Easy,
IMG_2190_00248,IMG_2190.MOV,train,Medium,
IMG_2190_00249,IMG_2190.MOV,train,Easy,
IMG_2190_00252,IMG_2190.MOV,train,Easy,
IMG_2190_00256,IMG_2190.MOV,train,Easy,
IMG_2190_00258,IMG_2190.MOV,train,Easy,
IMG_2190_00261,IMG_2190.MOV,train,Easy,
IMG_2190_00263,IMG_2190.MOV,train,Hard,
IMG_2190_00265,IMG_2190.MOV,train,Medium,
IMG_2190_00266,IMG_2190.MOV,train,Medium,
IMG_2190_00267,IMG_2190.MOV,train,Easy,
IMG_2190_00268,IMG_2190.MOV,train,Hard,
IMG_2190_00269,IMG_2190.MOV,train,Medium,
IMG_2190_00273,IMG_2190.MOV,train,Easy,
IMG_2190_00279,IMG_2190.MOV,train,Easy,
IMG_2190_00292,IMG_2190.MOV,train,Medium,
IMG_2190_00303,IMG_2190.MOV,train,Easy,
IMG_2190_00304,IMG_2190.MOV,train,Easy,
IMG_2190_00305,IMG_2190.MOV,train,Easy,
IMG_2190_00306,IMG_2190.MOV,train,Easy,
IMG_2190_00310,IMG_2190.MOV,train,Easy,
IMG_2190_00331,IMG_2190.MOV,train,Medium,
IMG_2190_00333,IMG_2190.MOV,train,Easy,
IMG_2190_00337,IMG_2190.MOV,train,Easy,
IMG_2190_00340,IMG_2190.MOV,train,Easy,
IMG_2190_00342,IMG_2190.MOV,train,Easy,
IMG_2190_00345,IMG_2190.MOV,train,Easy,
IMG_2190_00346,IMG_2190.MOV,train,Easy,
IMG_2190_00348,IMG_2190.MOV,train,Easy,
IMG_2190_00350,IMG_2190.MOV,train,Easy,
IMG_2190_00351,IMG_2190.MOV,train,Easy,
IMG_2190_00353,IMG_2190.MOV,train,Easy,
IMG_2190_00354,IMG_2190.MOV,train,Easy,
IMG_2190_00355,IMG_2190.MOV,train,Easy,
IMG_2190_00356,IMG_2190.MOV,train,Easy,
IMG_2190_00362,IMG_2190.MOV,train,Easy,
IMG_2190_00364,IMG_2190.MOV,train,Easy,
IMG_2190_00367,IMG_2190.MOV,train,Medium,
IMG_2190_00368,IMG_2190.MOV,train,Easy,
IMG_2190_00369,IMG_2190.MOV,train,Easy,
IMG_2190_00371,IMG_2190.MOV,train,Easy,
IMG_2190_00372,IMG_2190.MOV,train,Easy,
IMG_2190_00373,IMG_2190.MOV,train,Medium,
IMG_2190_00374,IMG_2190.MOV,train,Hard,
IMG_2190_00375,IMG_2190.MOV,train,Medium,
IMG_2190_00376,IMG_2190.MOV,train,Easy,
IMG_2190_00377,IMG_2190.MOV,train,Medium,
IMG_2190_00378,IMG_2190.MOV,train,Medium,
IMG_2190_00381,IMG_2190.MOV,train,Easy,
IMG_2190_00382,IMG_2190.MOV,train,Easy,
IMG_2190_00383,IMG_2190.MOV,train,Easy,
IMG_2190_00385,IMG_2190.MOV,train,Easy,
IMG_2190_00393,IMG_2190.MOV,train,Easy,
IMG_2190_00396,IMG_2190.MOV,train,Easy,
IMG_2190_00397,IMG_2190.MOV,train,Hard,
IMG_2190_00399,IMG_2190.MOV,train,Easy,
IMG_2190_00400,IMG_2190.MOV,train,Medium,
IMG_2190_00401,IMG_2190.MOV,train,Hard,
IMG_2190_00405,IMG_2190.MOV,train,Easy,
IMG_2190_00415,IMG_2190.MOV,train,Easy,
IMG_2190_00423,IMG_2190.MOV,train,Easy,
IMG_2190_00425,IMG_2190.MOV,train,Medium,
IMG_2190_00428,IMG_2190.MOV,train,Medium,
IMG_2190_00429,IMG_2190.MOV,train,Medium,
IMG_2190_00430,IMG_2190.MOV,train,Hard,
IMG_2190_00431,IMG_2190.MOV,train,Hard,
IMG_2190_00432,IMG_2190.MOV,train,Medium,
IMG_2190_00433,IMG_2190.MOV,train,Medium,
IMG_2190_00437,IMG_2190.MOV,train,Medium,
IMG_2190_00438,IMG_2190.MOV,train,Easy,
IMG_2190_00439,IMG_2190.MOV,train,Medium,
IMG_2190_00441,IMG_2190.MOV,train,Easy,
IMG_2190_00444,IMG_2190.MOV,train,Easy,
IMG_2190_00447,IMG_2190.MOV,train,Hard,
IMG_2190_00452,IMG_2190.MOV,train,Easy,
IMG_2190_00457,IMG_2190.MOV,train,Easy,
IMG_2190_00462,IMG_2190.MOV,train,Easy,
IMG_2190_00475,IMG_2190.MOV,train,Easy,
IMG_2190_00478,IMG_2190.MOV,train,Medium,
IMG_2190_00479,IMG_2190.MOV,train,Easy,
IMG_2190_00480,IMG_2190.MOV,train,Hard,
IMG_2190_00482,IMG_2190.MOV,train,Easy,
IMG_2190_00483,IMG_2190.MOV,train,Easy,
IMG_2190_00485,IMG_2190.MOV,train,Easy,
IMG_2190_00492,IMG_2190.MOV,train,Easy,
IMG_2190_00493,IMG_2190.MOV,train,Easy,
IMG_2190_00495,IMG_2190.MOV,train,Easy,
IMG_2190_00497,IMG_2190.MOV,train,Easy,
IMG_2190_00498,IMG_2190.MOV,train,Easy,
IMG_2190_00502,IMG_2190.MOV,train,Easy,
IMG_2190_00503,IMG_2190.MOV,train,Easy,
IMG_2190_00505,IMG_2190.MOV,train,Easy,
IMG_2190_00507,IMG_2190.MOV,train,Easy,
IMG_2190_00508,IMG_2190.MOV,train,Easy,
IMG_2190_00509,IMG_2190.MOV,train,Easy,
IMG_2190_00510,IMG_2190.MOV,train,Easy,
IMG_2190_00513,IMG_2190.MOV,train,Easy,
IMG_2190_00514,IMG_2190.MOV,train,Easy,
IMG_2190_00516,IMG_2190.MOV,train,Hard,
IMG_2190_00518,IMG_2190.MOV,train,Medium,
IMG_2190_00519,IMG_2190.MOV,train,Hard,
IMG_2190_00520,IMG_2190.MOV,train,Easy,
IMG_2190_00521,IMG_2190.MOV,train,Easy,
IMG_2190_00522,IMG_2190.MOV,train,Easy,
IMG_2190_00525,IMG_2190.MOV,train,Easy,
IMG_2190_00527,IMG_2190.MOV,train,Easy,
IMG_2190_00528,IMG_2190.MOV,train,Medium,
IMG_2190_00530,IMG_2190.MOV,train,Easy,
IMG_2190_00531,IMG_2190.MOV,train,Easy,
IMG_2190_00532,IMG_2190.MOV,train,Easy,
IMG_2190_00536,IMG_2190.MOV,train,Easy,
IMG_2190_00538,IMG_2190.MOV,train,Hard,
IMG_2190_00540,IMG_2190.MOV,train,Hard,
IMG_2190_00541,IMG_2190.MOV,train,Hard,
IMG_2190_00542,IMG_2190.MOV,train,Medium,
IMG_2190_00543,IMG_2190.MOV,train,Hard,
IMG_2190_00546,IMG_2190.MOV,train,Hard,
IMG_2190_00552,IMG_2190.MOV,train,Medium,
IMG_2190_00553,IMG_2190.MOV,train,Medium,
IMG_2190_00554,IMG_2190.MOV,train,Medium,
IMG_2190_00555,IMG_2190.MOV,train,Medium,
IMG_2190_00556,IMG_2190.MOV,train,Medium,
IMG_2190_00558,IMG_2190.MOV,train,Easy,
IMG_2190_00559,IMG_2190.MOV,train,Medium,
IMG_2190_00561,IMG_2190.MOV,train,Medium,
IMG_2190_00562,IMG_2190.MOV,train,Medium,
IMG_2190_00563,IMG_2190.MOV,train,Medium,
IMG_2190_00565,IMG_2190.MOV,train,Medium,
IMG_2190_00566,IMG_2190.MOV,train,Medium,
IMG_2190_00567,IMG_2190.MOV,train,Medium,
IMG_2190_00568,IMG_2190.MOV,train,Hard,
IMG_2190_00569,IMG_2190.MOV,train,Hard,
IMG_2190_00570,IMG_2190.MOV,train,Hard,
IMG_2190_00572,IMG_2190.MOV,train,Hard,
IMG_2190_00573,IMG_2190.MOV,train,Medium,
IMG_2190_00574,IMG_2190.MOV,train,Medium,
IMG_2190_00575,IMG_2190.MOV,train,Hard,
IMG_2190_00577,IMG_2190.MOV,train,Hard,
IMG_2190_00578,IMG_2190.MOV,train,Medium,
IMG_2190_00579,IMG_2190.MOV,train,Medium,
IMG_2191_00001,IMG_2191.MOV,train,Medium,
IMG_2191_00002,IMG_2191.MOV,train,Medium,
IMG_2191_00003,IMG_2191.MOV,train,Hard,
IMG_2191_00004,IMG_2191.MOV,train,Medium,
IMG_2191_00005,IMG_2191.MOV,train,Medium,
IMG_2191_00006,IMG_2191.MOV,train,Easy,
IMG_2191_00007,IMG_2191.MOV,train,Medium,
IMG_2191_00008,IMG_2191.MOV,train,Hard,
IMG_2191_00009,IMG_2191.MOV,train,Medium,
IMG_2191_00010,IMG_2191.MOV,train,Easy,
IMG_2191_00012,IMG_2191.MOV,train,Easy,
IMG_2191_00014,IMG_2191.MOV,train,Easy,
IMG_2191_00015,IMG_2191.MOV,train,Medium,
IMG_2191_00016,IMG_2191.MOV,train,Medium,
IMG_2191_00017,IMG_2191.MOV,train,Easy,
IMG_2191_00019,IMG_2191.MOV,train,Medium,
IMG_2191_00020,IMG_2191.MOV,train,Medium,
IMG_2191_00021,IMG_2191.MOV,train,Medium,
IMG_2191_00022,IMG_2191.MOV,train,Hard,
IMG_2191_00023,IMG_2191.MOV,train,Medium,
IMG_2191_00024,IMG_2191.MOV,train,Easy,
IMG_2191_00025,IMG_2191.MOV,train,Medium,
IMG_2191_00026,IMG_2191.MOV,train,Medium,
IMG_2191_00027,IMG_2191.MOV,train,Easy,
IMG_2191_00028,IMG_2191.MOV,train,Easy,
IMG_2191_00029,IMG_2191.MOV,train,Medium,
IMG_2191_00030,IMG_2191.MOV,train,Medium,
IMG_2191_00031,IMG_2191.MOV,train,Medium,
IMG_2191_00033,IMG_2191.MOV,train,Medium,
IMG_2191_00034,IMG_2191.MOV,train,Hard,
IMG_2191_00035,IMG_2191.MOV,train,Hard,
IMG_2191_00036,IMG_2191.MOV,train,Medium,
IMG_2191_00037,IMG_2191.MOV,train,Easy,
IMG_2191_00038,IMG_2191.MOV,train,Easy,
IMG_2191_00039,IMG_2191.MOV,train,Easy,
IMG_2191_00040,IMG_2191.MOV,train,Medium,
IMG_2191_00041,IMG_2191.MOV,train,Medium,
IMG_2191_00042,IMG_2191.MOV,train,Easy,
IMG_2191_00043,IMG_2191.MOV,train,Medium,
IMG_2191_00044,IMG_2191.MOV,train,Medium,
IMG_2191_00045,IMG_2191.MOV,train,Medium,
IMG_2191_00046,IMG_2191.MOV,train,Medium,
IMG_2191_00047,IMG_2191.MOV,train,Medium,
IMG_2191_00048,IMG_2191.MOV,train,Medium,
IMG_2191_00049,IMG_2191.MOV,train,Medium,
IMG_2191_00050,IMG_2191.MOV,train,Medium,
IMG_2191_00051,IMG_2191.MOV,train,Medium,
IMG_2191_00052,IMG_2191.MOV,train,Medium,
IMG_2191_00054,IMG_2191.MOV,train,Medium,
IMG_2191_00055,IMG_2191.MOV,train,Easy,
IMG_2191_00058,IMG_2191.MOV,train,Medium,
IMG_2191_00059,IMG_2191.MOV,train,Easy,
IMG_2191_00060,IMG_2191.MOV,train,Easy,
IMG_2191_00061,IMG_2191.MOV,train,Easy,
IMG_2191_00062,IMG_2191.MOV,train,Medium,
IMG_2191_00063,IMG_2191.MOV,train,Medium,
IMG_2191_00064,IMG_2191.MOV,train,Medium,
IMG_2191_00065,IMG_2191.MOV,train,Hard,
IMG_2191_00066,IMG_2191.MOV,train,Hard,
IMG_2191_00067,IMG_2191.MOV,train,Medium,
IMG_2191_00070,IMG_2191.MOV,train,Easy,
IMG_2191_00071,IMG_2191.MOV,train,Easy,
IMG_2191_00073,IMG_2191.MOV,train,Easy,
IMG_2191_00074,IMG_2191.MOV,train,Medium,
IMG_2191_00076,IMG_2191.MOV,train,Easy,
IMG_2191_00078,IMG_2191.MOV,train,Easy,
IMG_2191_00079,IMG_2191.MOV,train,Easy,
IMG_2191_00080,IMG_2191.MOV,train,Medium,
IMG_2191_00084,IMG_2191.MOV,train,Easy,
IMG_2191_00087,IMG_2191.MOV,train,Easy,
IMG_2191_00088,IMG_2191.MOV,train,Medium,
IMG_2191_00089,IMG_2191.MOV,train,Medium,
IMG_2191_00090,IMG_2191.MOV,train,Medium,
IMG_2191_00092,IMG_2191.MOV,train,Hard,
IMG_2191_00093,IMG_2191.MOV,train,Medium,
IMG_2191_00094,IMG_2191.MOV,train,Medium,
IMG_2191_00095,IMG_2191.MOV,train,Hard,
IMG_2191_00096,IMG_2191.MOV,train,Medium,
IMG_2191_00122,IMG_2191.MOV,train,Medium,
IMG_2191_00123,IMG_2191.MOV,train,Medium,
IMG_2191_00124,IMG_2191.MOV,train,Medium,
IMG_2191_00125,IMG_2191.MOV,train,Medium,
IMG_2191_00126,IMG_2191.MOV,train,Medium,
IMG_2191_00127,IMG_2191.MOV,train,Medium,
IMG_2191_00128,IMG_2191.MOV,train,Medium,
IMG_2191_00129,IMG_2191.MOV,train,Hard,
IMG_2191_00130,IMG_2191.MOV,train,Medium,
IMG_2191_00131,IMG_2191.MOV,train,Hard,
IMG_2191_00132,IMG_2191.MOV,train,Medium,
IMG_2191_00133,IMG_2191.MOV,train,Medium,
IMG_2191_00134,IMG_2191.MOV,train,Hard,
IMG_2191_00135,IMG_2191.MOV,train,Hard,
IMG_2191_00136,IMG_2191.MOV,train,Hard,
IMG_2191_00137,IMG_2191.MOV,train,Hard,
IMG_2191_00138,IMG_2191.MOV,train,Hard,
IMG_2191_00140,IMG_2191.MOV,train,Medium,
IMG_2191_00141,IMG_2191.MOV,train,Medium,
IMG_2191_00142,IMG_2191.MOV,train,Medium,
IMG_2191_00143,IMG_2191.MOV,train,Easy,
IMG_2191_00144,IMG_2191.MOV,train,Medium,
IMG_2191_00145,IMG_2191.MOV,train,Easy,
IMG_2191_00146,IMG_2191.MOV,train,Easy,
IMG_2191_00147,IMG_2191.MOV,train,Medium,
IMG_2191_00148,IMG_2191.MOV,train,Medium,
IMG_2191_00149,IMG_2191.MOV,train,Medium,
IMG_2191_00150,IMG_2191.MOV,train,Medium,
IMG_2191_00154,IMG_2191.MOV,train,Easy,
IMG_2191_00162,IMG_2191.MOV,train,Easy,
IMG_2191_00164,IMG_2191.MOV,train,Easy,
IMG_2191_00165,IMG_2191.MOV,train,Easy,
IMG_2191_00167,IMG_2191.MOV,train,Easy,
IMG_2191_00170,IMG_2191.MOV,train,Easy,
IMG_2191_00171,IMG_2191.MOV,train,Easy,
IMG_2191_00172,IMG_2191.MOV,train,Medium,
IMG_2191_00175,IMG_2191.MOV,train,Medium,
IMG_2191_00178,IMG_2191.MOV,train,Medium,
IMG_2191_00179,IMG_2191.MOV,train,Medium,
IMG_2191_00180,IMG_2191.MOV,train,Easy,
IMG_2191_00181,IMG_2191.MOV,train,Medium,
IMG_2191_00182,IMG_2191.MOV,train,Easy,
IMG_2191_00183,IMG_2191.MOV,train,Hard,
IMG_2191_00184,IMG_2191.MOV,train,Medium,
IMG_2191_00185,IMG_2191.MOV,train,Easy,
IMG_2191_00186,IMG_2191.MOV,train,Hard,
IMG_2191_00188,IMG_2191.MOV,train,Medium,
IMG_2191_00204,IMG_2191.MOV,train,Medium,
IMG_2191_00205,IMG_2191.MOV,train,Hard,
IMG_2191_00206,IMG_2191.MOV,train,Medium,
IMG_2191_00207,IMG_2191.MOV,train,Medium,
IMG_2191_00208,IMG_2191.MOV,train,Hard,
IMG_2191_00209,IMG_2191.MOV,train,Hard,
IMG_2191_00210,IMG_2191.MOV,train,Medium,
IMG_2191_00211,IMG_2191.MOV,train,Hard,
IMG_2191_00212,IMG_2191.MOV,train,Medium,
IMG_2191_00213,IMG_2191.MOV,train,Medium,
IMG_2191_00214,IMG_2191.MOV,train,Hard,
IMG_2191_00215,IMG_2191.MOV,train,Medium,
IMG_2191_00216,IMG_2191.MOV,train,Easy,
IMG_2191_00217,IMG_2191.MOV,train,Medium,
IMG_2191_00218,IMG_2191.MOV,train,Medium,
IMG_2191_00219,IMG_2191.MOV,train,Medium,
IMG_2191_00220,IMG_2191.MOV,train,Hard,
IMG_2191_00221,IMG_2191.MOV,train,Hard,
IMG_2191_00225,IMG_2191.MOV,train,Medium,
IMG_2191_00228,IMG_2191.MOV,train,Medium,
IMG_2191_00229,IMG_2191.MOV,train,Medium,
IMG_2191_00230,IMG_2191.MOV,train,Medium,
IMG_2191_00231,IMG_2191.MOV,train,Medium,
IMG_2191_00232,IMG_2191.MOV,train,Hard,
IMG_2191_00233,IMG_2191.MOV,train,Medium,
IMG_2191_00234,IMG_2191.MOV,train,Easy,
IMG_2191_00235,IMG_2191.MOV,train,Easy,
IMG_2191_00237,IMG_2191.MOV,train,Medium,
IMG_2191_00238,IMG_2191.MOV,train,Easy,
IMG_2191_00239,IMG_2191.MOV,train,Hard,
IMG_2191_00240,IMG_2191.MOV,train,Medium,
IMG_2191_00241,IMG_2191.MOV,train,Easy,
IMG_2191_00243,IMG_2191.MOV,train,Easy,
IMG_2191_00247,IMG_2191.MOV,train,Easy,
IMG_2191_00252,IMG_2191.MOV,train,Easy,
IMG_2191_00255,IMG_2191.MOV,train,Easy,
IMG_2191_00256,IMG_2191.MOV,train,Easy,
IMG_2191_00257,IMG_2191.MOV,train,Medium,
IMG_2191_00258,IMG_2191.MOV,train,Easy,
IMG_2191_00259,IMG_2191.MOV,train,Easy,
IMG_2191_00261,IMG_2191.MOV,train,Easy,
IMG_2191_00265,IMG_2191.MOV,train,Easy,
IMG_2191_00266,IMG_2191.MOV,train,Medium,
IMG_2191_00267,IMG_2191.MOV,train,Easy,
IMG_2191_00268,IMG_2191.MOV,train,Medium,
IMG_2191_00269,IMG_2191.MOV,train,Easy,
IMG_2191_00270,IMG_2191.MOV,train,Medium,
IMG_2191_00271,IMG_2191.MOV,train,Hard,
IMG_2191_00272,IMG_2191.MOV,train,Medium,
IMG_2191_00273,IMG_2191.MOV,train,Medium,
IMG_2191_00274,IMG_2191.MOV,train,Easy,
IMG_2191_00276,IMG_2191.MOV,train,Easy,
IMG_2191_00280,IMG_2191.MOV,train,Easy,
IMG_2191_00281,IMG_2191.MOV,train,Easy,
IMG_2191_00283,IMG_2191.MOV,train,Easy,
IMG_2191_00285,IMG_2191.MOV,train,Medium,
IMG_2191_00286,IMG_2191.MOV,train,Medium,
IMG_2191_00287,IMG_2191.MOV,train,Medium,
IMG_2191_00288,IMG_2191.MOV,train,Medium,
IMG_2191_00289,IMG_2191.MOV,train,Easy,
IMG_2191_00290,IMG_2191.MOV,train,Easy,
IMG_2191_00291,IMG_2191.MOV,train,Easy,
IMG_2191_00292,IMG_2191.MOV,train,Easy,
IMG_2191_00294,IMG_2191.MOV,train,Easy,
IMG_2191_00295,IMG_2191.MOV,train,Easy,
IMG_2191_00297,IMG_2191.MOV,train,Easy,
IMG_2191_00298,IMG_2191.MOV,train,Easy,
IMG_2191_00299,IMG_2191.MOV,train,Easy,
IMG_2191_00300,IMG_2191.MOV,train,Easy,
IMG_2191_00301,IMG_2191.MOV,train,Medium,
IMG_2191_00302,IMG_2191.MOV,train,Easy,
IMG_2191_00303,IMG_2191.MOV,train,Medium,
IMG_2191_00304,IMG_2191.MOV,train,Medium,
IMG_2191_00305,IMG_2191.MOV,train,Medium,
IMG_2191_00306,IMG_2191.MOV,train,Hard,
IMG_2191_00307,IMG_2191.MOV,train,Medium,
IMG_2191_00308,IMG_2191.MOV,train,Hard,
IMG_2191_00309,IMG_2191.MOV,train,Easy,
IMG_2191_00310,IMG_2191.MOV,train,Easy,
IMG_2191_00311,IMG_2191.MOV,train,Easy,
IMG_2191_00312,IMG_2191.MOV,train,Easy,
IMG_2191_00313,IMG_2191.MOV,train,Easy,
IMG_2191_00314,IMG_2191.MOV,train,Medium,
IMG_2191_00315,IMG_2191.MOV,train,Medium,
IMG_2191_00317,IMG_2191.MOV,train,Medium,
IMG_2191_00318,IMG_2191.MOV,train,Hard,
IMG_2191_00319,IMG_2191.MOV,train,Hard,
IMG_2191_00320,IMG_2191.MOV,train,Medium,
IMG_2191_00321,IMG_2191.MOV,train,Easy,
IMG_2191_00322,IMG_2191.MOV,train,Easy,
IMG_2191_00323,IMG_2191.MOV,train,Easy,
IMG_2191_00324,IMG_2191.MOV,train,Easy,
IMG_2191_00325,IMG_2191.MOV,train,Easy,
IMG_2191_00326,IMG_2191.MOV,train,Medium,
IMG_2191_00327,IMG_2191.MOV,train,Easy,
IMG_2191_00328,IMG_2191.MOV,train,Medium,
IMG_2191_00329,IMG_2191.MOV,train,Medium,
IMG_2191_00330,IMG_2191.MOV,train,Medium,
IMG_2191_00331,IMG_2191.MOV,train,Easy,
IMG_2191_00333,IMG_2191.MOV,train,Easy,
IMG_2191_00335,IMG_2191.MOV,train,Easy,
IMG_2191_00336,IMG_2191.MOV,train,Easy,
IMG_2191_00338,IMG_2191.MOV,train,Easy,
IMG_2191_00339,IMG_2191.MOV,train,Easy,
IMG_2191_00340,IMG_2191.MOV,train,Easy,
IMG_2191_00343,IMG_2191.MOV,train,Easy,
IMG_2192_00017,IMG_2192.MOV,train,Hard,
IMG_2192_00018,IMG_2192.MOV,train,Hard,
IMG_2192_00023,IMG_2192.MOV,train,Hard,
IMG_2192_00025,IMG_2192.MOV,train,Hard,
IMG_2192_00029,IMG_2192.MOV,train,Hard,
IMG_2192_00030,IMG_2192.MOV,train,Hard,
IMG_2192_00031,IMG_2192.MOV,train,Medium,
IMG_2192_00032,IMG_2192.MOV,train,Hard,
IMG_2192_00033,IMG_2192.MOV,train,Medium,
IMG_2192_00034,IMG_2192.MOV,train,Hard,
IMG_2192_00035,IMG_2192.MOV,train,Hard,
IMG_2192_00037,IMG_2192.MOV,train,Medium,
IMG_2192_00038,IMG_2192.MOV,train,Hard,
IMG_2192_00039,IMG_2192.MOV,train,Hard,
IMG_2192_00040,IMG_2192.MOV,train,Medium,
IMG_2192_00044,IMG_2192.MOV,train,Hard,
IMG_2192_00045,IMG_2192.MOV,train,Medium,
IMG_2192_00046,IMG_2192.MOV,train,Medium,
IMG_2192_00047,IMG_2192.MOV,train,Hard,
IMG_2192_00048,IMG_2192.MOV,train,Medium,
IMG_2192_00049,IMG_2192.MOV,train,Hard,
IMG_2192_00050,IMG_2192.MOV,train,Hard,
IMG_2192_00051,IMG_2192.MOV,train,Hard,
IMG_2192_00054,IMG_2192.MOV,train,Hard,
IMG_2192_00055,IMG_2192.MOV,train,Medium,
IMG_2192_00056,IMG_2192.MOV,train,Hard,
IMG_2192_00057,IMG_2192.MOV,train,Hard,
IMG_2192_00058,IMG_2192.MOV,train,Medium,
IMG_2192_00059,IMG_2192.MOV,train,Hard,
IMG_2192_00060,IMG_2192.MOV,train,Medium,
IMG_2192_00061,IMG_2192.MOV,train,Hard,
IMG_2192_00062,IMG_2192.MOV,train,Hard,
IMG_2192_00063,IMG_2192.MOV,train,Hard,
IMG_2192_00065,IMG_2192.MOV,train,Hard,
IMG_2192_00067,IMG_2192.MOV,train,Easy,
IMG_2192_00069,IMG_2192.MOV,train,Medium,
IMG_2192_00071,IMG_2192.MOV,train,Hard,
IMG_2192_00073,IMG_2192.MOV,train,Hard,
IMG_2192_00074,IMG_2192.MOV,train,Hard,
IMG_2192_00075,IMG_2192.MOV,train,Hard,
IMG_2192_00076,IMG_2192.MOV,train,Medium,
IMG_2192_00077,IMG_2192.MOV,train,Hard,
IMG_2192_00078,IMG_2192.MOV,train,Hard,
IMG_2192_00080,IMG_2192.MOV,train,Hard,
IMG_2192_00081,IMG_2192.MOV,train,Hard,
IMG_2192_00082,IMG_2192.MOV,train,Medium,
IMG_2192_00083,IMG_2192.MOV,train,Medium,
IMG_2192_00084,IMG_2192.MOV,train,Hard,
IMG_2192_00085,IMG_2192.MOV,train,Medium,
IMG_2192_00086,IMG_2192.MOV,train,Hard,
IMG_2192_00087,IMG_2192.MOV,train,Hard,
IMG_2192_00089,IMG_2192.MOV,train,Hard,
IMG_2192_00090,IMG_2192.MOV,train,Hard,
IMG_2192_00091,IMG_2192.MOV,train,Hard,
IMG_2192_00092,IMG_2192.MOV,train,Hard,
IMG_2192_00093,IMG_2192.MOV,train,Hard,
IMG_2192_00094,IMG_2192.MOV,train,Hard,
IMG_2192_00096,IMG_2192.MOV,train,Medium,
IMG_2192_00097,IMG_2192.MOV,train,Hard,
IMG_2192_00098,IMG_2192.MOV,train,Hard,
IMG_2192_00099,IMG_2192.MOV,train,Hard,
IMG_2192_00100,IMG_2192.MOV,train,Medium,
IMG_2192_00101,IMG_2192.MOV,train,Hard,
IMG_2192_00102,IMG_2192.MOV,train,Medium,
IMG_2192_00103,IMG_2192.MOV,train,Medium,
IMG_2192_00104,IMG_2192.MOV,train,Hard,
IMG_2192_00105,IMG_2192.MOV,train,Medium,
IMG_2192_00106,IMG_2192.MOV,train,Medium,
IMG_2192_00107,IMG_2192.MOV,train,Medium,
IMG_2192_00108,IMG_2192.MOV,train,Hard,
IMG_2192_00109,IMG_2192.MOV,train,Medium,
IMG_2192_00110,IMG_2192.MOV,train,Hard,
IMG_2192_00111,IMG_2192.MOV,train,Hard,
IMG_2192_00112,IMG_2192.MOV,train,Hard,
IMG_2192_00113,IMG_2192.MOV,train,Hard,
IMG_2192_00114,IMG_2192.MOV,train,Medium,
IMG_2192_00115,IMG_2192.MOV,train,Medium,
IMG_2192_00116,IMG_2192.MOV,train,Hard,
IMG_2192_00117,IMG_2192.MOV,train,Hard,
IMG_2192_00118,IMG_2192.MOV,train,Medium,
IMG_2192_00119,IMG_2192.MOV,train,Medium,
IMG_2192_00120,IMG_2192.MOV,train,Medium,
IMG_2192_00121,IMG_2192.MOV,train,Hard,
IMG_2192_00122,IMG_2192.MOV,train,Medium,
IMG_2192_00123,IMG_2192.MOV,train,Hard,
IMG_2192_00124,IMG_2192.MOV,train,Hard,
IMG_2192_00125,IMG_2192.MOV,train,Hard,
IMG_2192_00126,IMG_2192.MOV,train,Hard,
IMG_2192_00127,IMG_2192.MOV,train,Medium,
IMG_2192_00128,IMG_2192.MOV,train,Medium,
IMG_2192_00129,IMG_2192.MOV,train,Hard,
IMG_2192_00130,IMG_2192.MOV,train,Medium,
IMG_2192_00133,IMG_2192.MOV,train,Medium,
IMG_2192_00135,IMG_2192.MOV,train,Medium,
IMG_2192_00136,IMG_2192.MOV,train,Medium,
IMG_2192_00137,IMG_2192.MOV,train,Hard,
IMG_2192_00138,IMG_2192.MOV,train,Hard,
IMG_2192_00139,IMG_2192.MOV,train,Hard,
IMG_2192_00140,IMG_2192.MOV,train,Medium,
IMG_2192_00141,IMG_2192.MOV,train,Hard,
IMG_2192_00142,IMG_2192.MOV,train,Medium,
IMG_2192_00143,IMG_2192.MOV,train,Medium,
IMG_2192_00144,IMG_2192.MOV,train,Medium,
IMG_2192_00146,IMG_2192.MOV,train,Medium,
IMG_2192_00147,IMG_2192.MOV,train,Medium,
IMG_2192_00148,IMG_2192.MOV,train,Medium,
IMG_2192_00149,IMG_2192.MOV,train,Hard,
IMG_2192_00150,IMG_2192.MOV,train,Hard,
IMG_2192_00151,IMG_2192.MOV,train,Hard,
IMG_2192_00152,IMG_2192.MOV,train,Hard,
IMG_2192_00153,IMG_2192.MOV,train,Hard,
IMG_2192_00154,IMG_2192.MOV,train,Medium,
IMG_2192_00155,IMG_2192.MOV,train,Hard,
IMG_2192_00156,IMG_2192.MOV,train,Hard,
IMG_2192_00157,IMG_2192.MOV,train,Medium,
IMG_2192_00158,IMG_2192.MOV,train,Hard,
IMG_2192_00159,IMG_2192.MOV,train,Hard,
IMG_2192_00160,IMG_2192.MOV,train,Hard,
IMG_2192_00161,IMG_2192.MOV,train,Hard,
IMG_2192_00162,IMG_2192.MOV,train,Hard,
IMG_2192_00163,IMG_2192.MOV,train,Medium,
IMG_2192_00164,IMG_2192.MOV,train,Hard,
IMG_2192_00166,IMG_2192.MOV,train,Medium,
IMG_2192_00167,IMG_2192.MOV,train,Hard,
IMG_2192_00168,IMG_2192.MOV,train,Medium,
IMG_2192_00169,IMG_2192.MOV,train,Hard,
IMG_2192_00171,IMG_2192.MOV,train,Hard,
IMG_2192_00172,IMG_2192.MOV,train,Hard,
IMG_2192_00174,IMG_2192.MOV,train,Hard,
IMG_2192_00175,IMG_2192.MOV,train,Hard,
IMG_2192_00177,IMG_2192.MOV,train,Medium,
IMG_2192_00178,IMG_2192.MOV,train,Hard,
IMG_2192_00179,IMG_2192.MOV,train,Hard,
IMG_2192_00180,IMG_2192.MOV,train,Medium,
IMG_2192_00181,IMG_2192.MOV,train,Hard,
IMG_2192_00182,IMG_2192.MOV,train,Hard,
IMG_2192_00183,IMG_2192.MOV,train,Medium,
IMG_2192_00185,IMG_2192.MOV,train,Medium,
IMG_2192_00186,IMG_2192.MOV,train,Hard,
IMG_2192_00187,IMG_2192.MOV,train,Hard,
IMG_2192_00188,IMG_2192.MOV,train,Hard,
IMG_2192_00189,IMG_2192.MOV,train,Hard,
IMG_2192_00190,IMG_2192.MOV,train,Hard,
IMG_2192_00191,IMG_2192.MOV,train,Medium,
IMG_2192_00192,IMG_2192.MOV,train,Medium,
IMG_2192_00193,IMG_2192.MOV,train,Hard,
IMG_2192_00195,IMG_2192.MOV,train,Hard,
IMG_2192_00196,IMG_2192.MOV,train,Medium,
IMG_2192_00197,IMG_2192.MOV,train,Hard,
IMG_2192_00198,IMG_2192.MOV,train,Medium,
IMG_2192_00199,IMG_2192.MOV,train,Medium,
IMG_2192_00200,IMG_2192.MOV,train,Hard,
IMG_2192_00201,IMG_2192.MOV,train,Hard,
IMG_2192_00202,IMG_2192.MOV,train,Hard,
IMG_2192_00203,IMG_2192.MOV,train,Hard,
IMG_2192_00205,IMG_2192.MOV,train,Hard,
IMG_2192_00206,IMG_2192.MOV,train,Hard,
IMG_2192_00207,IMG_2192.MOV,train,Hard,
IMG_2192_00208,IMG_2192.MOV,train,Hard,
IMG_2192_00209,IMG_2192.MOV,train,Medium,
IMG_2192_00210,IMG_2192.MOV,train,Hard,
IMG_2192_00211,IMG_2192.MOV,train,Hard,
IMG_2192_00212,IMG_2192.MOV,train,Hard,
IMG_2192_00213,IMG_2192.MOV,train,Hard,
IMG_2192_00218,IMG_2192.MOV,train,Hard,
IMG_2192_00219,IMG_2192.MOV,train,Hard,
IMG_2192_00220,IMG_2192.MOV,train,Medium,
IMG_2192_00221,IMG_2192.MOV,train,Hard,
IMG_2192_00222,IMG_2192.MOV,train,Medium,
IMG_2192_00223,IMG_2192.MOV,train,Medium,
IMG_2192_00224,IMG_2192.MOV,train,Medium,
IMG_2192_00226,IMG_2192.MOV,train,Medium,
IMG_2192_00227,IMG_2192.MOV,train,Hard,
IMG_2192_00228,IMG_2192.MOV,train,Hard,
IMG_2192_00229,IMG_2192.MOV,train,Medium,
IMG_2192_00231,IMG_2192.MOV,train,Hard,
IMG_2192_00232,IMG_2192.MOV,train,Medium,
IMG_2192_00233,IMG_2192.MOV,train,Hard,
IMG_2192_00234,IMG_2192.MOV,train,Medium,
IMG_2192_00235,IMG_2192.MOV,train,Medium,
IMG_2192_00236,IMG_2192.MOV,train,Medium,
IMG_2192_00237,IMG_2192.MOV,train,Hard,
IMG_2192_00238,IMG_2192.MOV,train,Medium,
IMG_2192_00239,IMG_2192.MOV,train,Hard,
IMG_2192_00241,IMG_2192.MOV,train,Hard,
IMG_2192_00242,IMG_2192.MOV,train,Medium,
IMG_2192_00244,IMG_2192.MOV,train,Hard,
IMG_2192_00246,IMG_2192.MOV,train,Hard,
IMG_2192_00248,IMG_2192.MOV,train,Medium,
IMG_2192_00249,IMG_2192.MOV,train,Hard,
IMG_2192_00251,IMG_2192.MOV,train,Hard,
IMG_2192_00252,IMG_2192.MOV,train,Hard,
IMG_2192_00253,IMG_2192.MOV,train,Hard,
IMG_2192_00258,IMG_2192.MOV,train,Hard,
IMG_2192_00259,IMG_2192.MOV,train,Hard,
IMG_2192_00260,IMG_2192.MOV,train,Medium,
IMG_2192_00262,IMG_2192.MOV,train,Hard,
IMG_2192_00264,IMG_2192.MOV,train,Hard,
IMG_2192_00267,IMG_2192.MOV,train,Hard,
IMG_2192_00270,IMG_2192.MOV,train,Hard,
IMG_2192_00271,IMG_2192.MOV,train,Hard,
IMG_2192_00272,IMG_2192.MOV,train,Medium,
IMG_2192_00273,IMG_2192.MOV,train,Medium,
IMG_2192_00274,IMG_2192.MOV,train,Hard,
IMG_2192_00275,IMG_2192.MOV,train,Hard,
IMG_2192_00280,IMG_2192.MOV,train,Hard,
IMG_2192_00281,IMG_2192.MOV,train,Hard,
IMG_2192_00282,IMG_2192.MOV,train,Hard,
IMG_2192_00284,IMG_2192.MOV,train,Medium,
IMG_2192_00285,IMG_2192.MOV,train,Hard,
IMG_2192_00286,IMG_2192.MOV,train,Medium,
IMG_2192_00287,IMG_2192.MOV,train,Medium,
IMG_2192_00288,IMG_2192.MOV,train,Hard,
IMG_2192_00289,IMG_2192.MOV,train,Medium,
IMG_2192_00290,IMG_2192.MOV,train,Hard,
IMG_2192_00291,IMG_2192.MOV,train,Hard,
IMG_2192_00292,IMG_2192.MOV,train,Medium,
IMG_2192_00294,IMG_2192.MOV,train,Hard,
IMG_2192_00295,IMG_2192.MOV,train,Medium,
IMG_2192_00296,IMG_2192.MOV,train,Hard,
IMG_2192_00297,IMG_2192.MOV,train,Hard,
IMG_2192_00298,IMG_2192.MOV,train,Medium,
IMG_2192_00299,IMG_2192.MOV,train,Medium,
IMG_2192_00300,IMG_2192.MOV,train,Medium,
IMG_2192_00301,IMG_2192.MOV,train,Hard,
IMG_2192_00302,IMG_2192.MOV,train,Medium,
IMG_2192_00303,IMG_2192.MOV,train,Hard,
IMG_2192_00304,IMG_2192.MOV,train,Medium,
IMG_2192_00305,IMG_2192.MOV,train,Medium,
IMG_2192_00306,IMG_2192.MOV,train,Medium,
IMG_2192_00309,IMG_2192.MOV,train,Hard,
IMG_2192_00310,IMG_2192.MOV,train,Medium,
IMG_2192_00311,IMG_2192.MOV,train,Medium,
IMG_2192_00312,IMG_2192.MOV,train,Medium,
IMG_2192_00313,IMG_2192.MOV,train,Medium,
IMG_2192_00314,IMG_2192.MOV,train,Medium,
IMG_2192_00315,IMG_2192.MOV,train,Medium,
IMG_2192_00316,IMG_2192.MOV,train,Medium,
IMG_2192_00317,IMG_2192.MOV,train,Hard,
IMG_2192_00318,IMG_2192.MOV,train,Hard,
IMG_2192_00319,IMG_2192.MOV,train,Easy,
IMG_2192_00320,IMG_2192.MOV,train,Medium,
IMG_2192_00321,IMG_2192.MOV,train,Hard,
IMG_2192_00322,IMG_2192.MOV,train,Hard,
IMG_2192_00323,IMG_2192.MOV,train,Hard,
IMG_2192_00324,IMG_2192.MOV,train,Hard,
IMG_2192_00326,IMG_2192.MOV,train,Hard,
IMG_2192_00327,IMG_2192.MOV,train,Hard,
IMG_2192_00328,IMG_2192.MOV,train,Hard,
IMG_2192_00330,IMG_2192.MOV,train,Hard,
IMG_2192_00331,IMG_2192.MOV,train,Medium,
IMG_2192_00332,IMG_2192.MOV,train,Medium,
IMG_2192_00333,IMG_2192.MOV,train,Hard,
IMG_2192_00334,IMG_2192.MOV,train,Hard,
IMG_2192_00335,IMG_2192.MOV,train,Easy,
IMG_2192_00336,IMG_2192.MOV,train,Hard,
IMG_2192_00337,IMG_2192.MOV,train,Medium,
IMG_2192_00338,IMG_2192.MOV,train,Hard,
IMG_2192_00339,IMG_2192.MOV,train,Medium,
IMG_2192_00340,IMG_2192.MOV,train,Medium,
IMG_2192_00341,IMG_2192.MOV,train,Medium,
IMG_2192_00342,IMG_2192.MOV,train,Medium,
IMG_2192_00343,IMG_2192.MOV,train,Medium,
IMG_2192_00344,IMG_2192.MOV,train,Medium,
IMG_2192_00345,IMG_2192.MOV,train,Hard,
IMG_2192_00346,IMG_2192.MOV,train,Medium,
IMG_2192_00347,IMG_2192.MOV,train,Medium,
IMG_2192_00348,IMG_2192.MOV,train,Hard,
IMG_2192_00349,IMG_2192.MOV,train,Hard,
IMG_2192_00350,IMG_2192.MOV,train,Hard,
IMG_2192_00351,IMG_2192.MOV,train,Hard,
IMG_2192_00355,IMG_2192.MOV,train,Hard,
IMG_2192_00356,IMG_2192.MOV,train,Medium,
IMG_2192_00358,IMG_2192.MOV,train,Hard,
IMG_2192_00359,IMG_2192.MOV,train,Medium,
IMG_2192_00362,IMG_2192.MOV,train,Medium,
IMG_2192_00364,IMG_2192.MOV,train,Hard,
IMG_2192_00376,IMG_2192.MOV,train,Hard,
IMG_2192_00377,IMG_2192.MOV,train,Medium,
IMG_2192_00380,IMG_2192.MOV,train,Hard,
IMG_2192_00382,IMG_2192.MOV,train,Hard,
IMG_2192_00391,IMG_2192.MOV,train,Hard,
IMG_2192_00393,IMG_2192.MOV,train,Hard,
IMG_2192_00396,IMG_2192.MOV,train,Hard,
IMG_2192_00397,IMG_2192.MOV,train,Hard,
IMG_2192_00398,IMG_2192.MOV,train,Medium,
IMG_2192_00399,IMG_2192.MOV,train,Medium,
IMG_2192_00400,IMG_2192.MOV,train,Hard,
IMG_2192_00401,IMG_2192.MOV,train,Hard,
IMG_2192_00402,IMG_2192.MOV,train,Hard,
IMG_2192_00403,IMG_2192.MOV,train,Hard,
IMG_2192_00404,IMG_2192.MOV,train,Hard,
IMG_2192_00405,IMG_2192.MOV,train,Hard,
IMG_2192_00407,IMG_2192.MOV,train,Hard,
IMG_2192_00408,IMG_2192.MOV,train,Hard,
IMG_2192_00411,IMG_2192.MOV,train,Medium,
IMG_2192_00412,IMG_2192.MOV,train,Medium,
IMG_2192_00413,IMG_2192.MOV,train,Medium,
IMG_2192_00415,IMG_2192.MOV,train,Hard,
IMG_2193_00001,IMG_2193.MOV,train,Hard,
IMG_2193_00002,IMG_2193.MOV,train,Medium,
IMG_2193_00003,IMG_2193.MOV,train,Medium,
IMG_2193_00004,IMG_2193.MOV,train,Hard,
IMG_2193_00005,IMG_2193.MOV,train,Hard,
IMG_2193_00006,IMG_2193.MOV,train,Medium,
IMG_2193_00007,IMG_2193.MOV,train,Medium,
IMG_2193_00008,IMG_2193.MOV,train,Medium,
IMG_2193_00009,IMG_2193.MOV,train,Hard,
IMG_2193_00011,IMG_2193.MOV,train,Medium,
IMG_2193_00012,IMG_2193.MOV,train,Medium,
IMG_2193_00013,IMG_2193.MOV,train,Medium,
IMG_2193_00014,IMG_2193.MOV,train,Medium,
IMG_2193_00015,IMG_2193.MOV,train,Medium,
IMG_2193_00016,IMG_2193.MOV,train,Medium,
IMG_2193_00017,IMG_2193.MOV,train,Medium,
IMG_2193_00018,IMG_2193.MOV,train,Medium,
IMG_2193_00019,IMG_2193.MOV,train,Hard,
IMG_2193_00020,IMG_2193.MOV,train,Hard,
IMG_2193_00021,IMG_2193.MOV,train,Medium,
IMG_2193_00023,IMG_2193.MOV,train,Medium,
IMG_2193_00024,IMG_2193.MOV,train,Medium,
IMG_2193_00026,IMG_2193.MOV,train,Medium,
IMG_2193_00027,IMG_2193.MOV,train,Medium,
IMG_2193_00028,IMG_2193.MOV,train,Hard,
IMG_2193_00029,IMG_2193.MOV,train,Medium,
IMG_2193_00032,IMG_2193.MOV,train,Medium,
IMG_2193_00033,IMG_2193.MOV,train,Easy,
IMG_2193_00034,IMG_2193.MOV,train,Medium,
IMG_2193_00035,IMG_2193.MOV,train,Medium,
IMG_2193_00037,IMG_2193.MOV,train,Medium,
IMG_2193_00038,IMG_2193.MOV,train,Medium,
IMG_2193_00039,IMG_2193.MOV,train,Medium,
IMG_2193_00040,IMG_2193.MOV,train,Hard,
IMG_2193_00041,IMG_2193.MOV,train,Hard,
IMG_2193_00043,IMG_2193.MOV,train,Medium,
IMG_2193_00044,IMG_2193.MOV,train,Hard,
IMG_2193_00045,IMG_2193.MOV,train,Hard,
IMG_2193_00046,IMG_2193.MOV,train,Medium,
IMG_2193_00047,IMG_2193.MOV,train,Medium,
IMG_2193_00049,IMG_2193.MOV,train,Medium,
IMG_2193_00051,IMG_2193.MOV,train,Hard,
IMG_2193_00052,IMG_2193.MOV,train,Medium,
IMG_2193_00053,IMG_2193.MOV,train,Medium,
IMG_2193_00054,IMG_2193.MOV,train,Medium,
IMG_2193_00055,IMG_2193.MOV,train,Hard,
IMG_2193_00056,IMG_2193.MOV,train,Hard,
IMG_2193_00057,IMG_2193.MOV,train,Easy,
IMG_2193_00058,IMG_2193.MOV,train,Medium,
IMG_2193_00060,IMG_2193.MOV,train,Medium,
IMG_2193_00061,IMG_2193.MOV,train,Medium,
IMG_2193_00062,IMG_2193.MOV,train,Hard,
IMG_2193_00063,IMG_2193.MOV,train,Medium,
IMG_2193_00064,IMG_2193.MOV,train,Hard,
IMG_2193_00065,IMG_2193.MOV,train,Medium,
IMG_2193_00066,IMG_2193.MOV,train,Medium,
IMG_2193_00067,IMG_2193.MOV,train,Medium,
IMG_2193_00068,IMG_2193.MOV,train,Medium,
IMG_2193_00069,IMG_2193.MOV,train,Easy,
IMG_2193_00070,IMG_2193.MOV,train,Medium,
IMG_2193_00071,IMG_2193.MOV,train,Hard,
IMG_2193_00072,IMG_2193.MOV,train,Hard,
IMG_2193_00075,IMG_2193.MOV,train,Hard,
IMG_2193_00077,IMG_2193.MOV,train,Medium,
IMG_2193_00078,IMG_2193.MOV,train,Easy,
IMG_2193_00079,IMG_2193.MOV,train,Medium,
IMG_2193_00080,IMG_2193.MOV,train,Medium,
IMG_2193_00081,IMG_2193.MOV,train,Easy,
IMG_2193_00082,IMG_2193.MOV,train,Hard,
IMG_2193_00083,IMG_2193.MOV,train,Medium,
IMG_2193_00084,IMG_2193.MOV,train,Hard,
IMG_2193_00085,IMG_2193.MOV,train,Medium,
IMG_2193_00086,IMG_2193.MOV,train,Medium,
IMG_2193_00087,IMG_2193.MOV,train,Medium,
IMG_2193_00088,IMG_2193.MOV,train,Medium,
IMG_2193_00089,IMG_2193.MOV,train,Hard,
IMG_2193_00090,IMG_2193.MOV,train,Medium,
IMG_2193_00091,IMG_2193.MOV,train,Hard,
IMG_2193_00092,IMG_2193.MOV,train,Medium,
IMG_2193_00093,IMG_2193.MOV,train,Medium,
IMG_2193_00095,IMG_2193.MOV,train,Easy,
IMG_2193_00096,IMG_2193.MOV,train,Medium,
IMG_2193_00097,IMG_2193.MOV,train,Medium,
IMG_2193_00099,IMG_2193.MOV,train,Medium,
IMG_2193_00103,IMG_2193.MOV,train,Hard,
IMG_2193_00104,IMG_2193.MOV,train,Medium,
IMG_2193_00105,IMG_2193.MOV,train,Medium,
IMG_2193_00106,IMG_2193.MOV,train,Medium,
IMG_2193_00107,IMG_2193.MOV,train,Hard,
IMG_2193_00108,IMG_2193.MOV,train,Hard,
IMG_2193_00109,IMG_2193.MOV,train,Medium,
IMG_2193_00110,IMG_2193.MOV,train,Hard,
IMG_2193_00111,IMG_2193.MOV,train,Medium,
IMG_2193_00112,IMG_2193.MOV,train,Medium,
IMG_2193_00113,IMG_2193.MOV,train,Medium,
IMG_2193_00114,IMG_2193.MOV,train,Medium,
IMG_2193_00115,IMG_2193.MOV,train,Easy,
IMG_2193_00116,IMG_2193.MOV,train,Medium,
IMG_2193_00117,IMG_2193.MOV,train,Medium,
IMG_2193_00118,IMG_2193.MOV,train,Medium,
IMG_2193_00119,IMG_2193.MOV,train,Hard,
IMG_2193_00120,IMG_2193.MOV,train,Medium,
IMG_2193_00121,IMG_2193.MOV,train,Medium,
IMG_2193_00122,IMG_2193.MOV,train,Hard,
IMG_2193_00123,IMG_2193.MOV,train,Medium,
IMG_2193_00124,IMG_2193.MOV,train,Hard,
IMG_2193_00127,IMG_2193.MOV,train,Medium,
IMG_2193_00130,IMG_2193.MOV,train,Hard,
IMG_2193_00131,IMG_2193.MOV,train,Hard,
IMG_2193_00132,IMG_2193.MOV,train,Hard,
IMG_2193_00133,IMG_2193.MOV,train,Hard,
IMG_2193_00134,IMG_2193.MOV,train,Hard,
IMG_2193_00135,IMG_2193.MOV,train,Hard,
IMG_2193_00137,IMG_2193.MOV,train,Hard,
IMG_2193_00138,IMG_2193.MOV,train,Hard,
IMG_2193_00139,IMG_2193.MOV,train,Medium,
IMG_2193_00140,IMG_2193.MOV,train,Medium,
IMG_2193_00141,IMG_2193.MOV,train,Medium,
IMG_2193_00142,IMG_2193.MOV,train,Medium,
IMG_2193_00143,IMG_2193.MOV,train,Hard,
IMG_2193_00146,IMG_2193.MOV,train,Medium,
IMG_2193_00147,IMG_2193.MOV,train,Medium,
IMG_2193_00148,IMG_2193.MOV,train,Medium,
IMG_2193_00149,IMG_2193.MOV,train,Medium,
IMG_2193_00150,IMG_2193.MOV,train,Medium,
IMG_2193_00151,IMG_2193.MOV,train,Medium,
IMG_2193_00152,IMG_2193.MOV,train,Medium,
IMG_2193_00153,IMG_2193.MOV,train,Hard,
IMG_2193_00154,IMG_2193.MOV,train,Hard,
IMG_2193_00155,IMG_2193.MOV,train,Medium,
IMG_2193_00156,IMG_2193.MOV,train,Medium,
IMG_2193_00158,IMG_2193.MOV,train,Medium,
IMG_2193_00159,IMG_2193.MOV,train,Medium,
IMG_2193_00160,IMG_2193.MOV,train,Medium,
IMG_2193_00161,IMG_2193.MOV,train,Medium,
IMG_2193_00162,IMG_2193.MOV,train,Easy,
IMG_2193_00163,IMG_2193.MOV,train,Hard,
IMG_2193_00164,IMG_2193.MOV,train,Medium,
IMG_2193_00166,IMG_2193.MOV,train,Hard,
IMG_2193_00167,IMG_2193.MOV,train,Medium,
IMG_2193_00168,IMG_2193.MOV,train,Hard,
IMG_2193_00169,IMG_2193.MOV,train,Medium,
IMG_2193_00170,IMG_2193.MOV,train,Hard,
IMG_2193_00171,IMG_2193.MOV,train,Medium,
IMG_2193_00172,IMG_2193.MOV,train,Medium,
IMG_2193_00173,IMG_2193.MOV,train,Easy,
IMG_2193_00174,IMG_2193.MOV,train,Hard,
IMG_2193_00176,IMG_2193.MOV,train,Hard,
IMG_2193_00177,IMG_2193.MOV,train,Hard,
IMG_2193_00178,IMG_2193.MOV,train,Medium,
IMG_2193_00179,IMG_2193.MOV,train,Medium,
IMG_2193_00180,IMG_2193.MOV,train,Medium,
IMG_2193_00181,IMG_2193.MOV,train,Hard,
IMG_2193_00182,IMG_2193.MOV,train,Medium,
IMG_2193_00183,IMG_2193.MOV,train,Medium,
IMG_2193_00184,IMG_2193.MOV,train,Medium,
IMG_2193_00185,IMG_2193.MOV,train,Hard,
IMG_2193_00186,IMG_2193.MOV,train,Hard,
IMG_2193_00187,IMG_2193.MOV,train,Medium,
IMG_2193_00188,IMG_2193.MOV,train,Easy,
IMG_2193_00189,IMG_2193.MOV,train,Hard,
IMG_2193_00191,IMG_2193.MOV,train,Hard,
IMG_2193_00193,IMG_2193.MOV,train,Hard,
IMG_2193_00194,IMG_2193.MOV,train,Medium,
IMG_2193_00195,IMG_2193.MOV,train,Medium,
IMG_2193_00196,IMG_2193.MOV,train,Medium,
IMG_2193_00197,IMG_2193.MOV,train,Medium,
IMG_2193_00198,IMG_2193.MOV,train,Easy,
IMG_2193_00199,IMG_2193.MOV,train,Hard,
IMG_2193_00200,IMG_2193.MOV,train,Medium,
IMG_2193_00201,IMG_2193.MOV,train,Medium,
IMG_2193_00202,IMG_2193.MOV,train,Medium,
IMG_2193_00203,IMG_2193.MOV,train,Medium,
IMG_2193_00204,IMG_2193.MOV,train,Medium,
IMG_2193_00205,IMG_2193.MOV,train,Medium,
IMG_2193_00206,IMG_2193.MOV,train,Easy,
IMG_2193_00207,IMG_2193.MOV,train,Easy,
IMG_2193_00208,IMG_2193.MOV,train,Hard,
IMG_2193_00209,IMG_2193.MOV,train,Easy,
IMG_2193_00210,IMG_2193.MOV,train,Easy,
IMG_2193_00211,IMG_2193.MOV,train,Medium,
IMG_2193_00212,IMG_2193.MOV,train,Hard,
IMG_2193_00213,IMG_2193.MOV,train,Medium,
IMG_2193_00214,IMG_2193.MOV,train,Medium,
IMG_2193_00215,IMG_2193.MOV,train,Medium,
IMG_2193_00216,IMG_2193.MOV,train,Hard,
IMG_2193_00217,IMG_2193.MOV,train,Medium,
IMG_2193_00219,IMG_2193.MOV,train,Medium,
IMG_2193_00220,IMG_2193.MOV,train,Medium,
IMG_2193_00221,IMG_2193.MOV,train,Medium,
IMG_2193_00222,IMG_2193.MOV,train,Medium,
IMG_2193_00223,IMG_2193.MOV,train,Hard,
IMG_2193_00224,IMG_2193.MOV,train,Medium,
IMG_2193_00225,IMG_2193.MOV,train,Medium,
IMG_2193_00226,IMG_2193.MOV,train,Hard,
IMG_2193_00227,IMG_2193.MOV,train,Medium,
IMG_2193_00228,IMG_2193.MOV,train,Medium,
IMG_2193_00229,IMG_2193.MOV,train,Hard,
IMG_2193_00230,IMG_2193.MOV,train,Hard,
IMG_2193_00231,IMG_2193.MOV,train,Medium,
IMG_2193_00233,IMG_2193.MOV,train,Medium,
IMG_2193_00234,IMG_2193.MOV,train,Medium,
IMG_2193_00236,IMG_2193.MOV,train,Medium,
IMG_2193_00237,IMG_2193.MOV,train,Hard,
IMG_2193_00238,IMG_2193.MOV,train,Hard,
IMG_2193_00239,IMG_2193.MOV,train,Hard,
IMG_2193_00240,IMG_2193.MOV,train,Hard,
IMG_2193_00241,IMG_2193.MOV,train,Medium,
IMG_2193_00242,IMG_2193.MOV,train,Hard,
IMG_2193_00243,IMG_2193.MOV,train,Medium,
IMG_2193_00244,IMG_2193.MOV,train,Medium,
IMG_2193_00246,IMG_2193.MOV,train,Hard,
IMG_2193_00247,IMG_2193.MOV,train,Hard,
IMG_2193_00248,IMG_2193.MOV,train,Medium,
IMG_2193_00249,IMG_2193.MOV,train,Medium,
IMG_2193_00250,IMG_2193.MOV,train,Medium,
IMG_2193_00251,IMG_2193.MOV,train,Hard,
IMG_2193_00252,IMG_2193.MOV,train,Hard,
IMG_2193_00253,IMG_2193.MOV,train,Hard,
IMG_2193_00254,IMG_2193.MOV,train,Medium,
IMG_2193_00255,IMG_2193.MOV,train,Medium,
IMG_2193_00256,IMG_2193.MOV,train,Medium,
IMG_2193_00257,IMG_2193.MOV,train,Medium,
IMG_2193_00258,IMG_2193.MOV,train,Medium,
IMG_2193_00259,IMG_2193.MOV,train,Medium,
IMG_2193_00260,IMG_2193.MOV,train,Hard,
IMG_2193_00261,IMG_2193.MOV,train,Medium,
IMG_2193_00262,IMG_2193.MOV,train,Hard,
IMG_2193_00263,IMG_2193.MOV,train,Hard,
IMG_2193_00264,IMG_2193.MOV,train,Hard,
IMG_2193_00265,IMG_2193.MOV,train,Medium,
IMG_2193_00266,IMG_2193.MOV,train,Medium,
IMG_2193_00267,IMG_2193.MOV,train,Medium,
IMG_2193_00268,IMG_2193.MOV,train,Medium,
IMG_2193_00269,IMG_2193.MOV,train,Medium,
IMG_2193_00270,IMG_2193.MOV,train,Hard,
IMG_2193_00271,IMG_2193.MOV,train,Hard,
IMG_2193_00272,IMG_2193.MOV,train,Medium,
IMG_2193_00273,IMG_2193.MOV,train,Hard,
IMG_2193_00274,IMG_2193.MOV,train,Hard,
IMG_2193_00275,IMG_2193.MOV,train,Medium,
IMG_2193_00276,IMG_2193.MOV,train,Medium,
IMG_2193_00277,IMG_2193.MOV,train,Medium,
IMG_2193_00278,IMG_2193.MOV,train,Hard,
IMG_2193_00279,IMG_2193.MOV,train,Hard,
IMG_2193_00280,IMG_2193.MOV,train,Medium,
IMG_2193_00281,IMG_2193.MOV,train,Hard,
IMG_2193_00282,IMG_2193.MOV,train,Medium,
IMG_2193_00283,IMG_2193.MOV,train,Medium,
IMG_2193_00284,IMG_2193.MOV,train,Hard,
IMG_2193_00285,IMG_2193.MOV,train,Medium,
IMG_2193_00286,IMG_2193.MOV,train,Easy,
IMG_2193_00287,IMG_2193.MOV,train,Medium,
IMG_2193_00288,IMG_2193.MOV,train,Hard,
IMG_2193_00289,IMG_2193.MOV,train,Hard,
IMG_2193_00290,IMG_2193.MOV,train,Medium,
IMG_2193_00291,IMG_2193.MOV,train,Hard,
IMG_2193_00292,IMG_2193.MOV,train,Hard,
IMG_2193_00293,IMG_2193.MOV,train,Medium,
IMG_2193_00294,IMG_2193.MOV,train,Medium,
IMG_2193_00295,IMG_2193.MOV,train,Hard,
IMG_2193_00296,IMG_2193.MOV,train,Medium,
IMG_2193_00297,IMG_2193.MOV,train,Hard,
IMG_2193_00298,IMG_2193.MOV,train,Medium,
IMG_2193_00299,IMG_2193.MOV,train,Hard,
IMG_2193_00300,IMG_2193.MOV,train,Medium,
IMG_2193_00301,IMG_2193.MOV,train,Hard,
IMG_2193_00302,IMG_2193.MOV,train,Medium,
IMG_2193_00303,IMG_2193.MOV,train,Hard,
IMG_2193_00304,IMG_2193.MOV,train,Medium,
IMG_2193_00305,IMG_2193.MOV,train,Hard,
IMG_2193_00306,IMG_2193.MOV,train,Medium,
IMG_2193_00307,IMG_2193.MOV,train,Medium,
IMG_2193_00308,IMG_2193.MOV,train,Hard,
IMG_2193_00309,IMG_2193.MOV,train,Hard,
IMG_2193_00310,IMG_2193.MOV,train,Medium,
IMG_2193_00311,IMG_2193.MOV,train,Medium,
IMG_2193_00312,IMG_2193.MOV,train,Medium,
IMG_2193_00313,IMG_2193.MOV,train,Medium,
IMG_2193_00314,IMG_2193.MOV,train,Medium,
IMG_2193_00315,IMG_2193.MOV,train,Medium,
IMG_2193_00316,IMG_2193.MOV,train,Medium,
IMG_2193_00317,IMG_2193.MOV,train,Hard,
IMG_2193_00318,IMG_2193.MOV,train,Medium,
IMG_2193_00319,IMG_2193.MOV,train,Easy,
IMG_2193_00320,IMG_2193.MOV,train,Medium,
IMG_2193_00321,IMG_2193.MOV,train,Easy,
IMG_2193_00322,IMG_2193.MOV,train,Easy,
IMG_2193_00323,IMG_2193.MOV,train,Easy,
IMG_2193_00324,IMG_2193.MOV,train,Easy,
IMG_2193_00325,IMG_2193.MOV,train,Hard,
IMG_2193_00326,IMG_2193.MOV,train,Hard,
IMG_2193_00327,IMG_2193.MOV,train,Medium,
IMG_2193_00329,IMG_2193.MOV,train,Medium,
IMG_2193_00330,IMG_2193.MOV,train,Medium,
IMG_2193_00332,IMG_2193.MOV,train,Medium,
IMG_2193_00333,IMG_2193.MOV,train,Medium,
IMG_2193_00334,IMG_2193.MOV,train,Medium,
IMG_2193_00335,IMG_2193.MOV,train,Medium,
IMG_2193_00336,IMG_2193.MOV,train,Medium,
IMG_2193_00337,IMG_2193.MOV,train,Medium,
IMG_2193_00339,IMG_2193.MOV,train,Medium,
IMG_2193_00340,IMG_2193.MOV,train,Easy,
IMG_2193_00341,IMG_2193.MOV,train,Medium,
IMG_2193_00342,IMG_2193.MOV,train,Hard,
IMG_2193_00343,IMG_2193.MOV,train,Medium,
IMG_2193_00344,IMG_2193.MOV,train,Medium,
IMG_2193_00345,IMG_2193.MOV,train,Medium,
IMG_2193_00346,IMG_2193.MOV,train,Medium,
IMG_2193_00347,IMG_2193.MOV,train,Medium,
IMG_2193_00348,IMG_2193.MOV,train,Medium,
IMG_2193_00349,IMG_2193.MOV,train,Medium,
IMG_2193_00350,IMG_2193.MOV,train,Hard,
IMG_2193_00351,IMG_2193.MOV,train,Hard,
IMG_2193_00352,IMG_2193.MOV,train,Hard,
IMG_2193_00353,IMG_2193.MOV,train,Medium,
IMG_2193_00355,IMG_2193.MOV,train,Hard,
IMG_2193_00356,IMG_2193.MOV,train,Medium,
IMG_2193_00357,IMG_2193.MOV,train,Medium,
IMG_2193_00358,IMG_2193.MOV,train,Medium,
IMG_2193_00359,IMG_2193.MOV,train,Medium,
IMG_2193_00360,IMG_2193.MOV,train,Medium,
IMG_2193_00361,IMG_2193.MOV,train,Medium,
IMG_2193_00362,IMG_2193.MOV,train,Medium,
IMG_2193_00363,IMG_2193.MOV,train,Medium,
IMG_2193_00364,IMG_2193.MOV,train,Hard,
IMG_2193_00365,IMG_2193.MOV,train,Hard,
IMG_2193_00366,IMG_2193.MOV,train,Hard,
IMG_2193_00367,IMG_2193.MOV,train,Hard,
IMG_2193_00368,IMG_2193.MOV,train,Medium,
IMG_2193_00369,IMG_2193.MOV,train,Medium,
IMG_2193_00371,IMG_2193.MOV,train,Hard,
IMG_2193_00372,IMG_2193.MOV,train,Hard,
IMG_2193_00373,IMG_2193.MOV,train,Hard,
IMG_2193_00375,IMG_2193.MOV,train,Medium,
IMG_2193_00377,IMG_2193.MOV,train,Medium,
IMG_2193_00378,IMG_2193.MOV,train,Medium,
IMG_2193_00379,IMG_2193.MOV,train,Easy,
IMG_2193_00380,IMG_2193.MOV,train,Hard,
IMG_2193_00381,IMG_2193.MOV,train,Hard,
IMG_2193_00383,IMG_2193.MOV,train,Hard,
IMG_2193_00384,IMG_2193.MOV,train,Medium,
IMG_2193_00385,IMG_2193.MOV,train,Hard,
IMG_2193_00386,IMG_2193.MOV,train,Medium,
IMG_2193_00387,IMG_2193.MOV,train,Hard,
IMG_2193_00388,IMG_2193.MOV,train,Easy,
IMG_2193_00389,IMG_2193.MOV,train,Medium,
IMG_2193_00391,IMG_2193.MOV,train,Medium,
IMG_2193_00392,IMG_2193.MOV,train,Medium,
IMG_2193_00393,IMG_2193.MOV,train,Medium,
IMG_2193_00394,IMG_2193.MOV,train,Hard,
IMG_2193_00395,IMG_2193.MOV,train,Hard,
IMG_2193_00396,IMG_2193.MOV,train,Medium,
IMG_2193_00397,IMG_2193.MOV,train,Hard,
IMG_2193_00399,IMG_2193.MOV,train,Hard,
IMG_2193_00400,IMG_2193.MOV,train,Medium,
IMG_2193_00401,IMG_2193.MOV,train,Hard,
IMG_2193_00402,IMG_2193.MOV,train,Hard,
IMG_2193_00403,IMG_2193.MOV,train,Hard,
IMG_2193_00404,IMG_2193.MOV,train,Medium,
IMG_2193_00405,IMG_2193.MOV,train,Hard,
IMG_2193_00406,IMG_2193.MOV,train,Medium,
IMG_2193_00407,IMG_2193.MOV,train,Hard,
IMG_2193_00408,IMG_2193.MOV,train,Medium,
IMG_2193_00409,IMG_2193.MOV,train,Hard,
IMG_2193_00411,IMG_2193.MOV,train,Medium,
IMG_2193_00412,IMG_2193.MOV,train,Medium,
IMG_2193_00413,IMG_2193.MOV,train,Medium,
IMG_2193_00414,IMG_2193.MOV,train,Medium,
IMG_2193_00415,IMG_2193.MOV,train,Medium,
IMG_2193_00417,IMG_2193.MOV,train,Medium,
IMG_2193_00418,IMG_2193.MOV,train,Hard,
IMG_2193_00420,IMG_2193.MOV,train,Medium,
IMG_2193_00421,IMG_2193.MOV,train,Medium,
IMG_2193_00422,IMG_2193.MOV,train,Medium,
IMG_2193_00423,IMG_2193.MOV,train,Medium,
IMG_2193_00424,IMG_2193.MOV,train,Medium,
IMG_2193_00425,IMG_2193.MOV,train,Medium,
IMG_2193_00426,IMG_2193.MOV,train,Medium,
IMG_2193_00427,IMG_2193.MOV,train,Medium,
IMG_2193_00428,IMG_2193.MOV,train,Medium,
IMG_2193_00429,IMG_2193.MOV,train,Hard,
IMG_2193_00430,IMG_2193.MOV,train,Hard,
IMG_2193_00431,IMG_2193.MOV,train,Medium,
IMG_2193_00432,IMG_2193.MOV,train,Medium,
IMG_2193_00433,IMG_2193.MOV,train,Medium,
IMG_2193_00434,IMG_2193.MOV,train,Hard,
IMG_2193_00436,IMG_2193.MOV,train,Medium,
IMG_2193_00437,IMG_2193.MOV,train,Hard,
IMG_2193_00439,IMG_2193.MOV,train,Medium,
IMG_2193_00440,IMG_2193.MOV,train,Medium,
IMG_2193_00441,IMG_2193.MOV,train,Medium,
IMG_2193_00442,IMG_2193.MOV,train,Medium,
IMG_2193_00443,IMG_2193.MOV,train,Medium,
IMG_2193_00444,IMG_2193.MOV,train,Hard,
IMG_2193_00445,IMG_2193.MOV,train,Medium,
IMG_2193_00447,IMG_2193.MOV,train,Medium,
IMG_2193_00448,IMG_2193.MOV,train,Medium,
IMG_2193_00449,IMG_2193.MOV,train,Medium,
IMG_2193_00451,IMG_2193.MOV,train,Medium,
IMG_2193_00452,IMG_2193.MOV,train,Medium,
IMG_2193_00453,IMG_2193.MOV,train,Medium,
IMG_2193_00454,IMG_2193.MOV,train,Medium,
IMG_2193_00457,IMG_2193.MOV,train,Medium,
IMG_2193_00458,IMG_2193.MOV,train,Medium,
IMG_2193_00459,IMG_2193.MOV,train,Hard,
IMG_2193_00460,IMG_2193.MOV,train,Medium,
IMG_2193_00461,IMG_2193.MOV,train,Medium,
IMG_2193_00462,IMG_2193.MOV,train,Medium,
IMG_2193_00463,IMG_2193.MOV,train,Hard,
IMG_2193_00465,IMG_2193.MOV,train,Medium,
IMG_2193_00466,IMG_2193.MOV,train,Medium,
IMG_2193_00467,IMG_2193.MOV,train,Medium,
IMG_2193_00468,IMG_2193.MOV,train,Medium,
IMG_2193_00469,IMG_2193.MOV,train,Medium,
IMG_2193_00470,IMG_2193.MOV,train,Medium,
IMG_2193_00471,IMG_2193.MOV,train,Hard,
IMG_2193_00472,IMG_2193.MOV,train,Hard,
IMG_2193_00473,IMG_2193.MOV,train,Hard,
IMG_2193_00474,IMG_2193.MOV,train,Medium,
IMG_2193_00475,IMG_2193.MOV,train,Hard,
IMG_2193_00476,IMG_2193.MOV,train,Medium,
IMG_2193_00477,IMG_2193.MOV,train,Medium,
IMG_2193_00479,IMG_2193.MOV,train,Medium,
IMG_2193_00480,IMG_2193.MOV,train,Hard,
IMG_2193_00481,IMG_2193.MOV,train,Medium,
IMG_2193_00482,IMG_2193.MOV,train,Medium,
IMG_2193_00483,IMG_2193.MOV,train,Easy,
IMG_2193_00486,IMG_2193.MOV,train,Medium,
IMG_2193_00487,IMG_2193.MOV,train,Medium,
IMG_2193_00488,IMG_2193.MOV,train,Easy,
IMG_2193_00490,IMG_2193.MOV,train,Medium,
IMG_2193_00491,IMG_2193.MOV,train,Hard,
IMG_2193_00492,IMG_2193.MOV,train,Medium,
IMG_2193_00493,IMG_2193.MOV,train,Hard,
IMG_2193_00494,IMG_2193.MOV,train,Medium,
IMG_2193_00495,IMG_2193.MOV,train,Medium,
IMG_2193_00496,IMG_2193.MOV,train,Medium,
IMG_2193_00497,IMG_2193.MOV,train,Medium,
IMG_2193_00498,IMG_2193.MOV,train,Hard,
IMG_2193_00499,IMG_2193.MOV,train,Easy,
IMG_2193_00500,IMG_2193.MOV,train,Hard,
IMG_2193_00502,IMG_2193.MOV,train,Medium,
IMG_2193_00503,IMG_2193.MOV,train,Medium,
IMG_2193_00504,IMG_2193.MOV,train,Medium,
IMG_2193_00505,IMG_2193.MOV,train,Hard,
IMG_2193_00506,IMG_2193.MOV,train,Hard,
IMG_2193_00507,IMG_2193.MOV,train,Hard,
IMG_2193_00508,IMG_2193.MOV,train,Medium,
IMG_2193_00509,IMG_2193.MOV,train,Medium,
IMG_2193_00510,IMG_2193.MOV,train,Hard,
IMG_2193_00511,IMG_2193.MOV,train,Easy,
IMG_2193_00512,IMG_2193.MOV,train,Medium,
IMG_2193_00513,IMG_2193.MOV,train,Hard,
IMG_2193_00514,IMG_2193.MOV,train,Easy,
IMG_2193_00516,IMG_2193.MOV,train,Hard,
IMG_2193_00517,IMG_2193.MOV,train,Hard,
IMG_2193_00518,IMG_2193.MOV,train,Medium,
IMG_2193_00519,IMG_2193.MOV,train,Hard,
IMG_2193_00521,IMG_2193.MOV,train,Hard,
IMG_2193_00523,IMG_2193.MOV,train,Medium,
IMG_2193_00524,IMG_2193.MOV,train,Hard,
IMG_2193_00525,IMG_2193.MOV,train,Medium,
IMG_2193_00526,IMG_2193.MOV,train,Medium,
IMG_2193_00527,IMG_2193.MOV,train,Medium,
IMG_2193_00528,IMG_2193.MOV,train,Medium,
IMG_2193_00530,IMG_2193.MOV,train,Medium,
IMG_2193_00531,IMG_2193.MOV,train,Hard,
IMG_2193_00532,IMG_2193.MOV,train,Medium,
IMG_2193_00534,IMG_2193.MOV,train,Medium,
IMG_2193_00535,IMG_2193.MOV,train,Hard,
IMG_2193_00536,IMG_2193.MOV,train,Medium,
IMG_2193_00537,IMG_2193.MOV,train,Hard,
IMG_2193_00539,IMG_2193.MOV,train,Medium,
IMG_2193_00540,IMG_2193.MOV,train,Hard,
IMG_2193_00541,IMG_2193.MOV,train,Medium,
IMG_2193_00542,IMG_2193.MOV,train,Medium,
IMG_2193_00544,IMG_2193.MOV,train,Easy,
IMG_2193_00545,IMG_2193.MOV,train,Medium,
IMG_2193_00547,IMG_2193.MOV,train,Easy,
IMG_2193_00548,IMG_2193.MOV,train,Hard,
IMG_2193_00550,IMG_2193.MOV,train,Medium,
IMG_2193_00551,IMG_2193.MOV,train,Hard,
IMG_2193_00552,IMG_2193.MOV,train,Easy,
IMG_2193_00553,IMG_2193.MOV,train,Medium,
IMG_2193_00554,IMG_2193.MOV,train,Hard,
IMG_2193_00556,IMG_2193.MOV,train,Easy,
IMG_2193_00557,IMG_2193.MOV,train,Medium,
IMG_2193_00558,IMG_2193.MOV,train,Medium,
IMG_2193_00559,IMG_2193.MOV,train,Hard,
IMG_2193_00560,IMG_2193.MOV,train,Medium,
IMG_2193_00562,IMG_2193.MOV,train,Medium,
IMG_2193_00563,IMG_2193.MOV,train,Medium,
IMG_2193_00565,IMG_2193.MOV,train,Medium,
IMG_2193_00567,IMG_2193.MOV,train,Medium,
IMG_2193_00568,IMG_2193.MOV,train,Medium,
IMG_2193_00569,IMG_2193.MOV,train,Hard,
IMG_2193_00570,IMG_2193.MOV,train,Hard,
IMG_2193_00571,IMG_2193.MOV,train,Medium,
IMG_2193_00572,IMG_2193.MOV,train,Medium,
IMG_2193_00573,IMG_2193.MOV,train,Medium,
IMG_2193_00574,IMG_2193.MOV,train,Easy,
IMG_2193_00576,IMG_2193.MOV,train,Medium,
IMG_2193_00577,IMG_2193.MOV,train,Medium,
IMG_2193_00578,IMG_2193.MOV,train,Medium,
IMG_2193_00579,IMG_2193.MOV,train,Hard,
IMG_2193_00580,IMG_2193.MOV,train,Medium,
IMG_2193_00581,IMG_2193.MOV,train,Medium,
IMG_2193_00583,IMG_2193.MOV,train,Easy,
IMG_2193_00584,IMG_2193.MOV,train,Hard,
IMG_2193_00585,IMG_2193.MOV,train,Hard,
IMG_2193_00586,IMG_2193.MOV,train,Hard,
IMG_2193_00587,IMG_2193.MOV,train,Medium,
IMG_2193_00588,IMG_2193.MOV,train,Medium,
IMG_2193_00589,IMG_2193.MOV,train,Medium,
IMG_2193_00590,IMG_2193.MOV,train,Easy,
IMG_2193_00591,IMG_2193.MOV,train,Medium,
IMG_2193_00592,IMG_2193.MOV,train,Medium,
IMG_2193_00593,IMG_2193.MOV,train,Medium,
IMG_2193_00595,IMG_2193.MOV,train,Easy,
IMG_2193_00596,IMG_2193.MOV,train,Easy,
IMG_2193_00597,IMG_2193.MOV,train,Easy,
IMG_2193_00598,IMG_2193.MOV,train,Easy,
IMG_2193_00599,IMG_2193.MOV,train,Medium,
IMG_2193_00600,IMG_2193.MOV,train,Medium,
IMG_2193_00601,IMG_2193.MOV,train,Easy,
IMG_2193_00602,IMG_2193.MOV,train,Medium,
IMG_2193_00603,IMG_2193.MOV,train,Medium,
IMG_2193_00604,IMG_2193.MOV,train,Medium,
IMG_2193_00605,IMG_2193.MOV,train,Easy,
IMG_2193_00606,IMG_2193.MOV,train,Medium,
IMG_2193_00607,IMG_2193.MOV,train,Medium,
IMG_2193_00608,IMG_2193.MOV,train,Easy,
IMG_2193_00609,IMG_2193.MOV,train,Medium,
IMG_2193_00610,IMG_2193.MOV,train,Easy,
IMG_2193_00611,IMG_2193.MOV,train,Medium,
IMG_2193_00612,IMG_2193.MOV,train,Hard,
IMG_2193_00614,IMG_2193.MOV,train,Easy,
IMG_2193_00615,IMG_2193.MOV,train,Hard,
IMG_2193_00616,IMG_2193.MOV,train,Medium,
IMG_2193_00617,IMG_2193.MOV,train,Medium,
IMG_2193_00618,IMG_2193.MOV,train,Medium,
IMG_2193_00619,IMG_2193.MOV,train,Medium,
IMG_2193_00620,IMG_2193.MOV,train,Hard,
IMG_2193_00621,IMG_2193.MOV,train,Easy,
IMG_2193_00622,IMG_2193.MOV,train,Easy,
IMG_2193_00623,IMG_2193.MOV,train,Medium,
IMG_2193_00624,IMG_2193.MOV,train,Medium,
IMG_2193_00625,IMG_2193.MOV,train,Hard,
IMG_2193_00626,IMG_2193.MOV,train,Easy,
IMG_2193_00627,IMG_2193.MOV,train,Easy,
IMG_2193_00630,IMG_2193.MOV,train,Medium,
IMG_2193_00632,IMG_2193.MOV,train,Medium,
IMG_2193_00633,IMG_2193.MOV,train,Medium,
IMG_2193_00634,IMG_2193.MOV,train,Medium,
IMG_2193_00637,IMG_2193.MOV,train,Medium,
IMG_2193_00638,IMG_2193.MOV,train,Easy,
IMG_2193_00640,IMG_2193.MOV,train,Hard,
IMG_2193_00641,IMG_2193.MOV,train,Medium,
IMG_2193_00642,IMG_2193.MOV,train,Medium,
IMG_2193_00644,IMG_2193.MOV,train,Medium,
IMG_2193_00646,IMG_2193.MOV,train,Easy,
IMG_2193_00647,IMG_2193.MOV,train,Medium,
IMG_2193_00648,IMG_2193.MOV,train,Easy,
IMG_2193_00651,IMG_2193.MOV,train,Hard,
IMG_2193_00652,IMG_2193.MOV,train,Hard,
IMG_2193_00653,IMG_2193.MOV,train,Hard,
IMG_2193_00654,IMG_2193.MOV,train,Medium,
IMG_2193_00655,IMG_2193.MOV,train,Medium,
IMG_2193_00657,IMG_2193.MOV,train,Hard,
IMG_2193_00658,IMG_2193.MOV,train,Medium,
IMG_2193_00659,IMG_2193.MOV,train,Medium,
IMG_2193_00660,IMG_2193.MOV,train,Hard,
IMG_2193_00661,IMG_2193.MOV,train,Easy,
IMG_2193_00662,IMG_2193.MOV,train,Hard,
IMG_2193_00663,IMG_2193.MOV,train,Medium,
IMG_2193_00664,IMG_2193.MOV,train,Easy,
IMG_2193_00665,IMG_2193.MOV,train,Hard,
IMG_2193_00666,IMG_2193.MOV,train,Medium,
IMG_2193_00667,IMG_2193.MOV,train,Easy,
IMG_2193_00669,IMG_2193.MOV,train,Medium,
IMG_2193_00670,IMG_2193.MOV,train,Hard,
IMG_2193_00671,IMG_2193.MOV,train,Medium,
IMG_2193_00672,IMG_2193.MOV,train,Medium,
IMG_2193_00673,IMG_2193.MOV,train,Hard,
IMG_2193_00674,IMG_2193.MOV,train,Medium,
IMG_2193_00675,IMG_2193.MOV,train,Easy,
IMG_2193_00676,IMG_2193.MOV,train,Medium,
IMG_2193_00677,IMG_2193.MOV,train,Medium,
IMG_2193_00678,IMG_2193.MOV,train,Medium,
IMG_2193_00680,IMG_2193.MOV,train,Hard,
IMG_2193_00681,IMG_2193.MOV,train,Medium,
IMG_2193_00682,IMG_2193.MOV,train,Medium,
IMG_2193_00683,IMG_2193.MOV,train,Medium,
IMG_2193_00685,IMG_2193.MOV,train,Medium,
IMG_2193_00686,IMG_2193.MOV,train,Hard,
IMG_2193_00687,IMG_2193.MOV,train,Medium,
IMG_2193_00688,IMG_2193.MOV,train,Easy,
IMG_2193_00689,IMG_2193.MOV,train,Medium,
IMG_2193_00690,IMG_2193.MOV,train,Medium,
IMG_2193_00691,IMG_2193.MOV,train,Easy,
IMG_2193_00692,IMG_2193.MOV,train,Medium,
IMG_2193_00693,IMG_2193.MOV,train,Medium,
IMG_2193_00694,IMG_2193.MOV,train,Medium,
IMG_2193_00695,IMG_2193.MOV,train,Hard,
IMG_2193_00696,IMG_2193.MOV,train,Medium,
IMG_2193_00697,IMG_2193.MOV,train,Medium,
IMG_2193_00698,IMG_2193.MOV,train,Medium,
IMG_2193_00699,IMG_2193.MOV,train,Medium,
IMG_2193_00700,IMG_2193.MOV,train,Easy,
IMG_2193_00701,IMG_2193.MOV,train,Medium,
IMG_2193_00702,IMG_2193.MOV,train,Medium,
IMG_2193_00703,IMG_2193.MOV,train,Hard,
IMG_2193_00705,IMG_2193.MOV,train,Medium,
IMG_2193_00706,IMG_2193.MOV,train,Hard,
IMG_2193_00707,IMG_2193.MOV,train,Medium,
IMG_2193_00708,IMG_2193.MOV,train,Medium,
IMG_2193_00709,IMG_2193.MOV,train,Hard,
IMG_2193_00710,IMG_2193.MOV,train,Hard,
IMG_2193_00711,IMG_2193.MOV,train,Medium,
IMG_2193_00712,IMG_2193.MOV,train,Hard,
IMG_2193_00713,IMG_2193.MOV,train,Medium,
IMG_2193_00714,IMG_2193.MOV,train,Medium,
IMG_2193_00715,IMG_2193.MOV,train,Medium,
IMG_2193_00716,IMG_2193.MOV,train,Medium,
IMG_2193_00717,IMG_2193.MOV,train,Hard,
IMG_2193_00718,IMG_2193.MOV,train,Medium,
IMG_2193_00719,IMG_2193.MOV,train,Medium,
IMG_2193_00720,IMG_2193.MOV,train,Hard,
IMG_2193_00721,IMG_2193.MOV,train,Medium,
IMG_2193_00722,IMG_2193.MOV,train,Hard,
IMG_2193_00723,IMG_2193.MOV,train,Medium,
IMG_2193_00724,IMG_2193.MOV,train,Medium,
IMG_2193_00725,IMG_2193.MOV,train,Medium,
IMG_2193_00726,IMG_2193.MOV,train,Hard,
IMG_2193_00729,IMG_2193.MOV,train,Easy,
IMG_2193_00730,IMG_2193.MOV,train,Medium,
IMG_2193_00731,IMG_2193.MOV,train,Medium,
IMG_2193_00732,IMG_2193.MOV,train,Medium,
IMG_2193_00733,IMG_2193.MOV,train,Hard,
IMG_2194_00005,IMG_2194.MOV,train,Hard,
IMG_2194_00006,IMG_2194.MOV,train,Hard,
IMG_2194_00007,IMG_2194.MOV,train,Easy,
IMG_2194_00008,IMG_2194.MOV,train,Medium,
IMG_2194_00009,IMG_2194.MOV,train,Medium,
IMG_2194_00010,IMG_2194.MOV,train,Medium,
IMG_2194_00011,IMG_2194.MOV,train,Medium,
IMG_2194_00018,IMG_2194.MOV,train,Hard,
IMG_2194_00019,IMG_2194.MOV,train,Easy,
IMG_2194_00020,IMG_2194.MOV,train,Easy,
IMG_2194_00021,IMG_2194.MOV,train,Easy,
IMG_2194_00022,IMG_2194.MOV,train,Medium,
IMG_2194_00023,IMG_2194.MOV,train,Medium,
IMG_2194_00024,IMG_2194.MOV,train,Medium,
IMG_2194_00029,IMG_2194.MOV,train,Hard,
IMG_2194_00030,IMG_2194.MOV,train,Easy,
IMG_2194_00031,IMG_2194.MOV,train,Medium,
IMG_2194_00032,IMG_2194.MOV,train,Medium,
IMG_2194_00033,IMG_2194.MOV,train,Hard,
IMG_2194_00035,IMG_2194.MOV,train,Medium,
IMG_2194_00036,IMG_2194.MOV,train,Easy,
IMG_2194_00039,IMG_2194.MOV,train,Medium,
IMG_2194_00040,IMG_2194.MOV,train,Medium,
IMG_2194_00041,IMG_2194.MOV,train,Medium,
IMG_2194_00042,IMG_2194.MOV,train,Medium,
IMG_2194_00043,IMG_2194.MOV,train,Medium,
IMG_2194_00044,IMG_2194.MOV,train,Medium,
IMG_2194_00045,IMG_2194.MOV,train,Medium,
IMG_2194_00047,IMG_2194.MOV,train,Medium,
IMG_2194_00049,IMG_2194.MOV,train,Easy,
IMG_2194_00050,IMG_2194.MOV,train,Easy,
IMG_2194_00051,IMG_2194.MOV,train,Easy,
IMG_2194_00052,IMG_2194.MOV,train,Medium,
IMG_2194_00053,IMG_2194.MOV,train,Hard,
IMG_2194_00057,IMG_2194.MOV,train,Medium,
IMG_2194_00058,IMG_2194.MOV,train,Hard,
IMG_2194_00059,IMG_2194.MOV,train,Medium,
IMG_2194_00060,IMG_2194.MOV,train,Medium,
IMG_2194_00061,IMG_2194.MOV,train,Medium,
IMG_2194_00062,IMG_2194.MOV,train,Hard,
IMG_2194_00063,IMG_2194.MOV,train,Hard,
IMG_2194_00064,IMG_2194.MOV,train,Medium,
IMG_2194_00065,IMG_2194.MOV,train,Hard,
IMG_2194_00066,IMG_2194.MOV,train,Hard,
IMG_2194_00067,IMG_2194.MOV,train,Medium,
IMG_2194_00068,IMG_2194.MOV,train,Hard,
IMG_2194_00069,IMG_2194.MOV,train,Medium,
IMG_2194_00070,IMG_2194.MOV,train,Medium,
IMG_2194_00071,IMG_2194.MOV,train,Easy,
IMG_2194_00072,IMG_2194.MOV,train,Medium,
IMG_2194_00073,IMG_2194.MOV,train,Medium,
IMG_2194_00074,IMG_2194.MOV,train,Easy,
IMG_2194_00075,IMG_2194.MOV,train,Medium,
IMG_2194_00076,IMG_2194.MOV,train,Medium,
IMG_2194_00077,IMG_2194.MOV,train,Medium,
IMG_2194_00079,IMG_2194.MOV,train,Easy,
IMG_2194_00080,IMG_2194.MOV,train,Medium,
IMG_2194_00081,IMG_2194.MOV,train,Medium,
IMG_2194_00082,IMG_2194.MOV,train,Medium,
IMG_2194_00084,IMG_2194.MOV,train,Medium,
IMG_2194_00085,IMG_2194.MOV,train,Medium,
IMG_2194_00086,IMG_2194.MOV,train,Medium,
IMG_2194_00089,IMG_2194.MOV,train,Medium,
IMG_2194_00090,IMG_2194.MOV,train,Easy,
IMG_2194_00091,IMG_2194.MOV,train,Easy,
IMG_2194_00092,IMG_2194.MOV,train,Easy,
IMG_2194_00093,IMG_2194.MOV,train,Easy,
IMG_2194_00094,IMG_2194.MOV,train,Medium,
IMG_2194_00095,IMG_2194.MOV,train,Medium,
IMG_2194_00096,IMG_2194.MOV,train,Easy,
IMG_2194_00097,IMG_2194.MOV,train,Easy,
IMG_2194_00098,IMG_2194.MOV,train,Easy,
IMG_2194_00099,IMG_2194.MOV,train,Easy,
IMG_2194_00100,IMG_2194.MOV,train,Easy,
IMG_2194_00101,IMG_2194.MOV,train,Easy,
IMG_2194_00102,IMG_2194.MOV,train,Easy,
IMG_2194_00103,IMG_2194.MOV,train,Easy,
IMG_2194_00104,IMG_2194.MOV,train,Easy,
IMG_2194_00105,IMG_2194.MOV,train,Easy,
IMG_2194_00106,IMG_2194.MOV,train,Easy,
IMG_2194_00107,IMG_2194.MOV,train,Easy,
IMG_2194_00109,IMG_2194.MOV,train,Medium,
IMG_2194_00110,IMG_2194.MOV,train,Medium,
IMG_2194_00114,IMG_2194.MOV,train,Medium,
IMG_2194_00115,IMG_2194.MOV,train,Medium,
IMG_2194_00116,IMG_2194.MOV,train,Medium,
IMG_2194_00117,IMG_2194.MOV,train,Medium,
IMG_2194_00118,IMG_2194.MOV,train,Medium,
IMG_2194_00124,IMG_2194.MOV,train,Hard,
IMG_2194_00125,IMG_2194.MOV,train,Medium,
IMG_2194_00126,IMG_2194.MOV,train,Medium,
IMG_2194_00127,IMG_2194.MOV,train,Medium,
IMG_2194_00128,IMG_2194.MOV,train,Medium,
IMG_2194_00129,IMG_2194.MOV,train,Easy,
IMG_2194_00130,IMG_2194.MOV,train,Medium,
IMG_2194_00131,IMG_2194.MOV,train,Hard,
IMG_2194_00132,IMG_2194.MOV,train,Easy,
IMG_2194_00133,IMG_2194.MOV,train,Medium,
IMG_2194_00134,IMG_2194.MOV,train,Medium,
IMG_2194_00135,IMG_2194.MOV,train,Hard,
IMG_2194_00136,IMG_2194.MOV,train,Medium,
IMG_2194_00137,IMG_2194.MOV,train,Medium,
IMG_2194_00138,IMG_2194.MOV,train,Easy,
IMG_2194_00139,IMG_2194.MOV,train,Easy,
IMG_2194_00140,IMG_2194.MOV,train,Medium,
IMG_2194_00141,IMG_2194.MOV,train,Medium,
IMG_2194_00142,IMG_2194.MOV,train,Easy,
IMG_2194_00143,IMG_2194.MOV,train,Easy,
IMG_2194_00144,IMG_2194.MOV,train,Medium,
IMG_2194_00145,IMG_2194.MOV,train,Medium,
IMG_2194_00146,IMG_2194.MOV,train,Easy,
IMG_2194_00147,IMG_2194.MOV,train,Medium,
IMG_2194_00148,IMG_2194.MOV,train,Medium,
IMG_2194_00149,IMG_2194.MOV,train,Hard,
IMG_2194_00150,IMG_2194.MOV,train,Hard,
IMG_2194_00151,IMG_2194.MOV,train,Medium,
IMG_2194_00152,IMG_2194.MOV,train,Hard,
IMG_2194_00153,IMG_2194.MOV,train,Easy,
IMG_2194_00155,IMG_2194.MOV,train,Medium,
IMG_2194_00156,IMG_2194.MOV,train,Medium,
IMG_2194_00157,IMG_2194.MOV,train,Easy,
IMG_2194_00158,IMG_2194.MOV,train,Easy,
IMG_2194_00159,IMG_2194.MOV,train,Easy,
IMG_2194_00160,IMG_2194.MOV,train,Easy,
IMG_2194_00161,IMG_2194.MOV,train,Easy,
IMG_2194_00162,IMG_2194.MOV,train,Easy,
IMG_2194_00163,IMG_2194.MOV,train,Easy,
IMG_2194_00164,IMG_2194.MOV,train,Easy,
IMG_2194_00165,IMG_2194.MOV,train,Easy,
IMG_2194_00166,IMG_2194.MOV,train,Easy,
IMG_2194_00167,IMG_2194.MOV,train,Hard,
IMG_2194_00168,IMG_2194.MOV,train,Medium,
IMG_2194_00169,IMG_2194.MOV,train,Medium,
IMG_2194_00170,IMG_2194.MOV,train,Medium,
IMG_2194_00171,IMG_2194.MOV,train,Medium,
IMG_2194_00172,IMG_2194.MOV,train,Easy,
IMG_2194_00173,IMG_2194.MOV,train,Easy,
IMG_2194_00174,IMG_2194.MOV,train,Medium,
IMG_2194_00175,IMG_2194.MOV,train,Easy,
IMG_2194_00176,IMG_2194.MOV,train,Easy,
IMG_2194_00177,IMG_2194.MOV,train,Easy,
IMG_2194_00178,IMG_2194.MOV,train,Easy,
IMG_2194_00181,IMG_2194.MOV,train,Medium,
IMG_2194_00182,IMG_2194.MOV,train,Hard,
IMG_2194_00183,IMG_2194.MOV,train,Hard,
IMG_2194_00186,IMG_2194.MOV,train,Hard,
IMG_2194_00187,IMG_2194.MOV,train,Medium,
IMG_2194_00188,IMG_2194.MOV,train,Hard,
IMG_2194_00191,IMG_2194.MOV,train,Medium,
IMG_2194_00193,IMG_2194.MOV,train,Medium,
IMG_2194_00194,IMG_2194.MOV,train,Medium,
IMG_2194_00198,IMG_2194.MOV,train,Easy,
IMG_2194_00199,IMG_2194.MOV,train,Easy,
IMG_2194_00200,IMG_2194.MOV,train,Medium,
IMG_2194_00203,IMG_2194.MOV,train,Hard,
IMG_2194_00204,IMG_2194.MOV,train,Medium,
IMG_2194_00205,IMG_2194.MOV,train,Medium,
IMG_2194_00206,IMG_2194.MOV,train,Medium,
IMG_2194_00207,IMG_2194.MOV,train,Easy,
IMG_2194_00208,IMG_2194.MOV,train,Medium,
IMG_2194_00209,IMG_2194.MOV,train,Medium,
IMG_2194_00210,IMG_2194.MOV,train,Medium,
IMG_2194_00212,IMG_2194.MOV,train,Medium,
IMG_2194_00213,IMG_2194.MOV,train,Easy,
IMG_2194_00214,IMG_2194.MOV,train,Easy,
IMG_2194_00215,IMG_2194.MOV,train,Medium,
IMG_2195_00001,IMG_2195.MOV,train,Hard,
IMG_2195_00002,IMG_2195.MOV,train,Medium,
IMG_2195_00003,IMG_2195.MOV,train,Medium,
IMG_2195_00004,IMG_2195.MOV,train,Medium,
IMG_2195_00005,IMG_2195.MOV,train,Easy,
IMG_2195_00006,IMG_2195.MOV,train,Medium,
IMG_2195_00007,IMG_2195.MOV,train,Medium,
IMG_2195_00008,IMG_2195.MOV,train,Easy,
IMG_2195_00009,IMG_2195.MOV,train,Easy,
IMG_2195_00010,IMG_2195.MOV,train,Medium,
IMG_2195_00011,IMG_2195.MOV,train,Medium,
IMG_2195_00012,IMG_2195.MOV,train,Medium,
IMG_2195_00013,IMG_2195.MOV,train,Hard,
IMG_2195_00014,IMG_2195.MOV,train,Medium,
IMG_2195_00015,IMG_2195.MOV,train,Hard,
IMG_2195_00016,IMG_2195.MOV,train,Medium,
IMG_2195_00017,IMG_2195.MOV,train,Medium,
IMG_2195_00018,IMG_2195.MOV,train,Medium,
IMG_2195_00019,IMG_2195.MOV,train,Hard,
IMG_2195_00020,IMG_2195.MOV,train,Hard,
IMG_2195_00021,IMG_2195.MOV,train,Medium,
IMG_2195_00022,IMG_2195.MOV,train,Hard,
IMG_2195_00023,IMG_2195.MOV,train,Medium,
IMG_2195_00025,IMG_2195.MOV,train,Easy,
IMG_2195_00026,IMG_2195.MOV,train,Easy,
IMG_2195_00027,IMG_2195.MOV,train,Hard,
IMG_2195_00028,IMG_2195.MOV,train,Medium,
IMG_2195_00029,IMG_2195.MOV,train,Hard,
IMG_2195_00030,IMG_2195.MOV,train,Medium,
IMG_2195_00031,IMG_2195.MOV,train,Hard,
IMG_2195_00032,IMG_2195.MOV,train,Medium,
IMG_2195_00033,IMG_2195.MOV,train,Hard,
IMG_2195_00035,IMG_2195.MOV,train,Easy,
IMG_2195_00036,IMG_2195.MOV,train,Medium,
IMG_2195_00038,IMG_2195.MOV,train,Hard,
IMG_2195_00039,IMG_2195.MOV,train,Hard,
IMG_2195_00040,IMG_2195.MOV,train,Hard,
IMG_2195_00041,IMG_2195.MOV,train,Medium,
IMG_2195_00042,IMG_2195.MOV,train,Hard,
IMG_2195_00043,IMG_2195.MOV,train,Hard,
IMG_2195_00044,IMG_2195.MOV,train,Medium,
IMG_2195_00045,IMG_2195.MOV,train,Easy,
IMG_2195_00046,IMG_2195.MOV,train,Easy,
IMG_2195_00047,IMG_2195.MOV,train,Easy,
IMG_2195_00048,IMG_2195.MOV,train,Medium,
IMG_2195_00049,IMG_2195.MOV,train,Easy,
IMG_2195_00051,IMG_2195.MOV,train,Easy,
IMG_2195_00052,IMG_2195.MOV,train,Easy,
IMG_2195_00053,IMG_2195.MOV,train,Easy,
IMG_2195_00054,IMG_2195.MOV,train,Easy,
IMG_2195_00055,IMG_2195.MOV,train,Medium,
IMG_2195_00056,IMG_2195.MOV,train,Easy,
IMG_2195_00057,IMG_2195.MOV,train,Medium,
IMG_2195_00058,IMG_2195.MOV,train,Medium,
IMG_2195_00059,IMG_2195.MOV,train,Medium,
IMG_2195_00060,IMG_2195.MOV,train,Medium,
IMG_2195_00061,IMG_2195.MOV,train,Medium,
IMG_2195_00062,IMG_2195.MOV,train,Medium,
IMG_2195_00063,IMG_2195.MOV,train,Easy,
IMG_2195_00064,IMG_2195.MOV,train,Medium,
IMG_2195_00065,IMG_2195.MOV,train,Easy,
IMG_2195_00066,IMG_2195.MOV,train,Medium,
IMG_2195_00067,IMG_2195.MOV,train,Medium,
IMG_2195_00068,IMG_2195.MOV,train,Medium,
IMG_2195_00069,IMG_2195.MOV,train,Medium,
IMG_2195_00070,IMG_2195.MOV,train,Hard,
IMG_2195_00071,IMG_2195.MOV,train,Medium,
IMG_2195_00073,IMG_2195.MOV,train,Easy,
IMG_2195_00074,IMG_2195.MOV,train,Medium,
IMG_2195_00075,IMG_2195.MOV,train,Medium,
IMG_2195_00076,IMG_2195.MOV,train,Medium,
IMG_2195_00077,IMG_2195.MOV,train,Medium,
IMG_2195_00078,IMG_2195.MOV,train,Medium,
IMG_2195_00079,IMG_2195.MOV,train,Medium,
IMG_2195_00080,IMG_2195.MOV,train,Hard,
IMG_2195_00081,IMG_2195.MOV,train,Medium,
IMG_2195_00083,IMG_2195.MOV,train,Medium,
IMG_2195_00084,IMG_2195.MOV,train,Medium,
IMG_2195_00085,IMG_2195.MOV,train,Medium,
IMG_2195_00086,IMG_2195.MOV,train,Easy,
IMG_2195_00088,IMG_2195.MOV,train,Medium,
IMG_2195_00090,IMG_2195.MOV,train,Easy,
IMG_2195_00091,IMG_2195.MOV,train,Hard,
IMG_2195_00092,IMG_2195.MOV,train,Medium,
IMG_2195_00093,IMG_2195.MOV,train,Medium,
IMG_2196_00001,IMG_2196.MOV,test,Medium,11.0
IMG_2196_00003,IMG_2196.MOV,test,Medium,11.0
IMG_2196_00007,IMG_2196.MOV,test,Medium,11.0
IMG_2196_00011,IMG_2196.MOV,test,Medium,11.0
IMG_2196_00013,IMG_2196.MOV,test,Medium,11.0
IMG_2196_00014,IMG_2196.MOV,test,Medium,11.0
IMG_2196_00015,IMG_2196.MOV,test,Easy,11.0
IMG_2196_00019,IMG_2196.MOV,test,Medium,11.0
IMG_2196_00020,IMG_2196.MOV,test,Medium,11.0
IMG_2196_00021,IMG_2196.MOV,test,Easy,11.0
IMG_2196_00022,IMG_2196.MOV,test,Medium,11.0
IMG_2196_00023,IMG_2196.MOV,test,Medium,11.0
IMG_2196_00024,IMG_2196.MOV,test,Easy,11.0
IMG_2196_00025,IMG_2196.MOV,test,Hard,11.0
IMG_2196_00026,IMG_2196.MOV,test,Medium,11.0
IMG_2196_00027,IMG_2196.MOV,test,Easy,11.0
IMG_2196_00028,IMG_2196.MOV,test,Easy,11.0
IMG_2196_00029,IMG_2196.MOV,test,Medium,11.0
IMG_2196_00030,IMG_2196.MOV,test,Medium,11.0
IMG_2196_00031,IMG_2196.MOV,test,Medium,11.0
IMG_2196_00032,IMG_2196.MOV,test,Medium,11.0
IMG_2196_00033,IMG_2196.MOV,test,Medium,11.0
IMG_2196_00034,IMG_2196.MOV,test,Easy,11.0
IMG_2196_00035,IMG_2196.MOV,test,Medium,11.0
IMG_2196_00037,IMG_2196.MOV,test,Medium,11.0
IMG_2196_00038,IMG_2196.MOV,test,Medium,11.0
IMG_2196_00039,IMG_2196.MOV,test,Medium,11.0
IMG_2196_00041,IMG_2196.MOV,test,Hard,11.0
IMG_2196_00042,IMG_2196.MOV,test,Medium,11.0
IMG_2196_00043,IMG_2196.MOV,test,Hard,11.0
IMG_2196_00044,IMG_2196.MOV,test,Medium,11.0
IMG_2196_00045,IMG_2196.MOV,test,Medium,11.0
IMG_2196_00046,IMG_2196.MOV,test,Easy,11.0
IMG_2196_00047,IMG_2196.MOV,test,Hard,11.0
IMG_2196_00048,IMG_2196.MOV,test,Hard,11.0
IMG_2196_00049,IMG_2196.MOV,test,Hard,11.0
IMG_2196_00050,IMG_2196.MOV,test,Medium,11.0
IMG_2196_00051,IMG_2196.MOV,test,Medium,11.0
IMG_2196_00054,IMG_2196.MOV,test,Hard,11.0
IMG_2196_00055,IMG_2196.MOV,test,Medium,11.0
IMG_2196_00056,IMG_2196.MOV,test,Medium,11.0
IMG_2196_00057,IMG_2196.MOV,test,Medium,11.0
IMG_2196_00058,IMG_2196.MOV,test,Medium,11.0
IMG_2196_00059,IMG_2196.MOV,test,Medium,11.0
IMG_2196_00060,IMG_2196.MOV,test,Easy,11.0
IMG_2196_00064,IMG_2196.MOV,test,Hard,11.0
IMG_2196_00065,IMG_2196.MOV,test,Hard,11.0
IMG_2196_00066,IMG_2196.MOV,test,Hard,11.0
IMG_2196_00073,IMG_2196.MOV,test,Medium,11.0
IMG_2196_00075,IMG_2196.MOV,test,Medium,11.0
IMG_2196_00079,IMG_2196.MOV,test,Medium,11.0
IMG_2196_00080,IMG_2196.MOV,test,Easy,11.0
IMG_2196_00084,IMG_2196.MOV,test,Medium,11.0
IMG_2196_00085,IMG_2196.MOV,test,Medium,11.0
IMG_2196_00089,IMG_2196.MOV,test,Medium,11.0
IMG_2196_00090,IMG_2196.MOV,test,Medium,11.0
IMG_2196_00091,IMG_2196.MOV,test,Medium,11.0
IMG_2196_00092,IMG_2196.MOV,test,Medium,11.0
IMG_2196_00093,IMG_2196.MOV,test,Medium,11.0
IMG_2196_00094,IMG_2196.MOV,test,Easy,11.0
IMG_2196_00096,IMG_2196.MOV,test,Easy,11.0
IMG_2196_00097,IMG_2196.MOV,test,Easy,11.0
IMG_2196_00098,IMG_2196.MOV,test,Easy,11.0
IMG_2196_00099,IMG_2196.MOV,test,Easy,11.0
IMG_2196_00100,IMG_2196.MOV,test,Easy,11.0
IMG_2196_00101,IMG_2196.MOV,test,Easy,11.0
IMG_2196_00102,IMG_2196.MOV,test,Easy,11.0
IMG_2196_00103,IMG_2196.MOV,test,Easy,11.0
IMG_2196_00105,IMG_2196.MOV,test,Easy,11.0
IMG_2196_00106,IMG_2196.MOV,test,Medium,11.0
IMG_2196_00107,IMG_2196.MOV,test,Easy,11.0
IMG_2196_00108,IMG_2196.MOV,test,Medium,11.0
IMG_2196_00109,IMG_2196.MOV,test,Medium,11.0
IMG_2196_00110,IMG_2196.MOV,test,Medium,11.0
IMG_2196_00111,IMG_2196.MOV,test,Medium,11.0
IMG_2196_00112,IMG_2196.MOV,test,Medium,11.0
IMG_2196_00113,IMG_2196.MOV,test,Medium,11.0
IMG_2196_00114,IMG_2196.MOV,test,Easy,11.0
IMG_2196_00115,IMG_2196.MOV,test,Medium,11.0
IMG_2196_00116,IMG_2196.MOV,test,Medium,11.0
IMG_2196_00117,IMG_2196.MOV,test,Medium,11.0
IMG_2196_00130,IMG_2196.MOV,test,Easy,11.0
IMG_2196_00131,IMG_2196.MOV,test,Easy,11.0
IMG_2196_00134,IMG_2196.MOV,test,Medium,11.0
IMG_2196_00135,IMG_2196.MOV,test,Hard,11.0
IMG_2196_00138,IMG_2196.MOV,test,Easy,11.0
IMG_2196_00139,IMG_2196.MOV,test,Medium,11.0
IMG_2196_00140,IMG_2196.MOV,test,Easy,11.0
IMG_2196_00141,IMG_2196.MOV,test,Medium,11.0
IMG_2196_00142,IMG_2196.MOV,test,Medium,11.0
IMG_2196_00143,IMG_2196.MOV,test,Medium,11.0
IMG_2196_00144,IMG_2196.MOV,test,Medium,11.0
IMG_2196_00145,IMG_2196.MOV,test,Medium,11.0
IMG_2196_00146,IMG_2196.MOV,test,Easy,11.0
IMG_2196_00147,IMG_2196.MOV,test,Medium,11.0
IMG_2196_00152,IMG_2196.MOV,test,Medium,11.0
IMG_2196_00153,IMG_2196.MOV,test,Hard,11.0
IMG_2196_00154,IMG_2196.MOV,test,Medium,11.0
IMG_2196_00155,IMG_2196.MOV,test,Medium,11.0
IMG_2196_00156,IMG_2196.MOV,test,Medium,11.0
IMG_2196_00157,IMG_2196.MOV,test,Medium,11.0
IMG_2196_00158,IMG_2196.MOV,test,Medium,11.0
IMG_2196_00159,IMG_2196.MOV,test,Easy,11.0
IMG_2196_00163,IMG_2196.MOV,test,Easy,11.0
IMG_2196_00164,IMG_2196.MOV,test,Easy,11.0
IMG_2196_00165,IMG_2196.MOV,test,Easy,11.0
IMG_2196_00166,IMG_2196.MOV,test,Medium,11.0
IMG_2196_00167,IMG_2196.MOV,test,Easy,11.0
IMG_2196_00172,IMG_2196.MOV,test,Hard,11.0
IMG_2196_00173,IMG_2196.MOV,test,Medium,11.0
IMG_2196_00174,IMG_2196.MOV,test,Easy,11.0
IMG_2196_00175,IMG_2196.MOV,test,Easy,11.0
IMG_2196_00176,IMG_2196.MOV,test,Medium,11.0
IMG_2196_00177,IMG_2196.MOV,test,Medium,11.0
IMG_2196_00179,IMG_2196.MOV,test,Medium,11.0
IMG_2196_00180,IMG_2196.MOV,test,Medium,11.0
IMG_2196_00181,IMG_2196.MOV,test,Easy,11.0
IMG_2196_00182,IMG_2196.MOV,test,Easy,11.0
IMG_2196_00183,IMG_2196.MOV,test,Medium,11.0
IMG_2196_00184,IMG_2196.MOV,test,Medium,11.0
IMG_2196_00185,IMG_2196.MOV,test,Easy,11.0
IMG_2196_00186,IMG_2196.MOV,test,Medium,11.0
IMG_2196_00187,IMG_2196.MOV,test,Medium,11.0
IMG_2196_00188,IMG_2196.MOV,test,Medium,11.0
IMG_2196_00189,IMG_2196.MOV,test,Medium,11.0
IMG_2196_00191,IMG_2196.MOV,test,Hard,11.0
IMG_2196_00192,IMG_2196.MOV,test,Medium,11.0
IMG_2196_00194,IMG_2196.MOV,test,Medium,11.0
IMG_2196_00195,IMG_2196.MOV,test,Medium,11.0
IMG_2196_00196,IMG_2196.MOV,test,Medium,11.0
IMG_2196_00197,IMG_2196.MOV,test,Easy,11.0
IMG_2196_00198,IMG_2196.MOV,test,Medium,11.0
IMG_2196_00205,IMG_2196.MOV,test,Medium,11.0
IMG_2196_00206,IMG_2196.MOV,test,Medium,11.0
IMG_2196_00207,IMG_2196.MOV,test,Hard,11.0
IMG_2196_00208,IMG_2196.MOV,test,Hard,11.0
IMG_2196_00216,IMG_2196.MOV,test,Medium,11.0
IMG_2196_00217,IMG_2196.MOV,test,Hard,11.0
IMG_2196_00218,IMG_2196.MOV,test,Medium,11.0
IMG_2196_00219,IMG_2196.MOV,test,Easy,11.0
IMG_2196_00220,IMG_2196.MOV,test,Medium,11.0
IMG_2196_00222,IMG_2196.MOV,test,Easy,11.0
IMG_2196_00223,IMG_2196.MOV,test,Easy,11.0
IMG_2196_00224,IMG_2196.MOV,test,Medium,11.0
IMG_2196_00225,IMG_2196.MOV,test,Medium,11.0
IMG_2196_00233,IMG_2196.MOV,test,Medium,11.0
IMG_2196_00234,IMG_2196.MOV,test,Medium,11.0
IMG_2196_00235,IMG_2196.MOV,test,Hard,11.0
IMG_2196_00236,IMG_2196.MOV,test,Medium,11.0
IMG_2196_00237,IMG_2196.MOV,test,Easy,11.0
IMG_2196_00238,IMG_2196.MOV,test,Easy,11.0
IMG_2196_00240,IMG_2196.MOV,test,Medium,11.0
IMG_2196_00241,IMG_2196.MOV,test,Easy,11.0
IMG_2196_00243,IMG_2196.MOV,test,Easy,11.0
IMG_2196_00246,IMG_2196.MOV,test,Medium,11.0
IMG_2196_00247,IMG_2196.MOV,test,Hard,11.0
IMG_2196_00248,IMG_2196.MOV,test,Medium,11.0
IMG_2196_00252,IMG_2196.MOV,test,Hard,11.0
IMG_2196_00255,IMG_2196.MOV,test,Easy,11.0
IMG_2196_00256,IMG_2196.MOV,test,Easy,11.0
IMG_2196_00258,IMG_2196.MOV,test,Medium,11.0
IMG_2196_00259,IMG_2196.MOV,test,Medium,11.0
IMG_2196_00260,IMG_2196.MOV,test,Medium,11.0
IMG_2196_00261,IMG_2196.MOV,test,Medium,11.0
IMG_2196_00262,IMG_2196.MOV,test,Easy,11.0
IMG_2196_00263,IMG_2196.MOV,test,Hard,11.0
IMG_2196_00267,IMG_2196.MOV,test,Easy,11.0
IMG_2196_00271,IMG_2196.MOV,test,Hard,11.0
IMG_2196_00272,IMG_2196.MOV,test,Medium,11.0
IMG_2196_00273,IMG_2196.MOV,test,Medium,11.0
IMG_2196_00274,IMG_2196.MOV,test,Easy,11.0
IMG_2196_00275,IMG_2196.MOV,test,Medium,11.0
IMG_2196_00276,IMG_2196.MOV,test,Easy,11.0
IMG_2196_00277,IMG_2196.MOV,test,Medium,11.0
IMG_2196_00278,IMG_2196.MOV,test,Medium,11.0
IMG_2196_00279,IMG_2196.MOV,test,Hard,11.0
IMG_2196_00280,IMG_2196.MOV,test,Easy,11.0
IMG_2196_00281,IMG_2196.MOV,test,Easy,11.0
IMG_2196_00282,IMG_2196.MOV,test,Medium,11.0
IMG_2196_00283,IMG_2196.MOV,test,Medium,11.0
IMG_2196_00284,IMG_2196.MOV,test,Easy,11.0
IMG_2196_00285,IMG_2196.MOV,test,Hard,11.0
IMG_2196_00286,IMG_2196.MOV,test,Medium,11.0
IMG_2196_00287,IMG_2196.MOV,test,Easy,11.0
IMG_2196_00288,IMG_2196.MOV,test,Easy,11.0
IMG_2196_00289,IMG_2196.MOV,test,Medium,11.0
IMG_2196_00290,IMG_2196.MOV,test,Medium,11.0
IMG_2196_00291,IMG_2196.MOV,test,Medium,11.0
IMG_2196_00292,IMG_2196.MOV,test,Easy,11.0
IMG_2196_00293,IMG_2196.MOV,test,Easy,11.0
IMG_2196_00294,IMG_2196.MOV,test,Medium,11.0
IMG_2196_00295,IMG_2196.MOV,test,Easy,11.0
IMG_2196_00296,IMG_2196.MOV,test,Medium,11.0
IMG_2196_00297,IMG_2196.MOV,test,Easy,11.0
IMG_2196_00298,IMG_2196.MOV,test,Medium,11.0
IMG_2196_00299,IMG_2196.MOV,test,Medium,11.0
IMG_2196_00300,IMG_2196.MOV,test,Medium,11.0
IMG_2196_00301,IMG_2196.MOV,test,Hard,11.0
IMG_2196_00302,IMG_2196.MOV,test,Hard,11.0
IMG_2196_00303,IMG_2196.MOV,test,Easy,11.0
IMG_2196_00304,IMG_2196.MOV,test,Medium,11.0
IMG_2196_00305,IMG_2196.MOV,test,Hard,11.0
IMG_2196_00307,IMG_2196.MOV,test,Easy,11.0
IMG_2196_00309,IMG_2196.MOV,test,Medium,11.0
IMG_2196_00310,IMG_2196.MOV,test,Medium,11.0
IMG_2196_00311,IMG_2196.MOV,test,Medium,11.0
IMG_2196_00312,IMG_2196.MOV,test,Medium,11.0
IMG_2196_00317,IMG_2196.MOV,test,Hard,11.0
IMG_2196_00318,IMG_2196.MOV,test,Medium,11.0
IMG_2196_00319,IMG_2196.MOV,test,Easy,11.0
IMG_2196_00320,IMG_2196.MOV,test,Medium,11.0
IMG_2196_00321,IMG_2196.MOV,test,Medium,11.0
IMG_2196_00322,IMG_2196.MOV,test,Easy,11.0
IMG_2196_00323,IMG_2196.MOV,test,Medium,11.0
IMG_2196_00324,IMG_2196.MOV,test,Medium,11.0
IMG_2196_00325,IMG_2196.MOV,test,Hard,11.0
IMG_2196_00326,IMG_2196.MOV,test,Medium,11.0
IMG_2196_00327,IMG_2196.MOV,test,Medium,11.0
IMG_2196_00328,IMG_2196.MOV,test,Medium,11.0
IMG_2196_00329,IMG_2196.MOV,test,Medium,11.0
IMG_2196_00330,IMG_2196.MOV,test,Hard,11.0
IMG_2196_00331,IMG_2196.MOV,test,Medium,11.0
IMG_2196_00333,IMG_2196.MOV,test,Medium,11.0
IMG_2196_00334,IMG_2196.MOV,test,Hard,11.0
IMG_2196_00335,IMG_2196.MOV,test,Hard,11.0
IMG_2196_00336,IMG_2196.MOV,test,Hard,11.0
IMG_2196_00337,IMG_2196.MOV,test,Easy,11.0
IMG_2196_00338,IMG_2196.MOV,test,Medium,11.0
IMG_2196_00339,IMG_2196.MOV,test,Medium,11.0
IMG_2196_00340,IMG_2196.MOV,test,Easy,11.0
IMG_2196_00341,IMG_2196.MOV,test,Medium,11.0
IMG_2196_00342,IMG_2196.MOV,test,Medium,11.0
IMG_2196_00343,IMG_2196.MOV,test,Medium,11.0
IMG_2196_00344,IMG_2196.MOV,test,Medium,11.0
IMG_2196_00345,IMG_2196.MOV,test,Medium,11.0
IMG_2196_00346,IMG_2196.MOV,test,Medium,11.0
IMG_2196_00347,IMG_2196.MOV,test,Easy,11.0
IMG_2196_00348,IMG_2196.MOV,test,Easy,11.0
IMG_2196_00349,IMG_2196.MOV,test,Hard,11.0
IMG_2196_00352,IMG_2196.MOV,test,Medium,11.0
IMG_2196_00353,IMG_2196.MOV,test,Hard,11.0
IMG_2196_00354,IMG_2196.MOV,test,Medium,11.0
IMG_2196_00360,IMG_2196.MOV,test,Hard,11.0
IMG_2196_00363,IMG_2196.MOV,test,Easy,11.0
IMG_2196_00364,IMG_2196.MOV,test,Medium,11.0
IMG_2196_00370,IMG_2196.MOV,test,Easy,11.0
IMG_2196_00371,IMG_2196.MOV,test,Medium,11.0
IMG_2196_00372,IMG_2196.MOV,test,Medium,11.0
IMG_2196_00373,IMG_2196.MOV,test,Medium,11.0
IMG_2196_00374,IMG_2196.MOV,test,Medium,11.0
IMG_2196_00375,IMG_2196.MOV,test,Medium,11.0
IMG_2196_00377,IMG_2196.MOV,test,Medium,11.0
IMG_2196_00378,IMG_2196.MOV,test,Medium,11.0
IMG_2196_00384,IMG_2196.MOV,test,Easy,11.0
IMG_2196_00385,IMG_2196.MOV,test,Medium,11.0
IMG_2196_00386,IMG_2196.MOV,test,Hard,11.0
IMG_2196_00387,IMG_2196.MOV,test,Easy,11.0
IMG_2196_00394,IMG_2196.MOV,test,Medium,11.0
IMG_2197_00001,IMG_2197.MOV,test,Hard,3.0
IMG_2197_00002,IMG_2197.MOV,test,Hard,3.0
IMG_2197_00003,IMG_2197.MOV,test,Medium,3.0
IMG_2197_00004,IMG_2197.MOV,test,Medium,3.0
IMG_2197_00006,IMG_2197.MOV,test,Hard,3.0
IMG_2197_00010,IMG_2197.MOV,test,Medium,3.0
IMG_2197_00011,IMG_2197.MOV,test,Hard,3.0
IMG_2197_00012,IMG_2197.MOV,test,Medium,3.0
IMG_2197_00014,IMG_2197.MOV,test,Hard,3.0
IMG_2197_00015,IMG_2197.MOV,test,Hard,3.0
IMG_2197_00016,IMG_2197.MOV,test,Easy,3.0
IMG_2197_00017,IMG_2197.MOV,test,Medium,3.0
IMG_2197_00018,IMG_2197.MOV,test,Hard,3.0
IMG_2197_00019,IMG_2197.MOV,test,Easy,3.0
IMG_2197_00020,IMG_2197.MOV,test,Medium,3.0
IMG_2197_00021,IMG_2197.MOV,test,Hard,3.0
IMG_2197_00022,IMG_2197.MOV,test,Medium,3.0
IMG_2197_00024,IMG_2197.MOV,test,Medium,3.0
IMG_2197_00025,IMG_2197.MOV,test,Hard,3.0
IMG_2197_00028,IMG_2197.MOV,test,Hard,3.0
IMG_2197_00030,IMG_2197.MOV,test,Medium,3.0
IMG_2197_00031,IMG_2197.MOV,test,Medium,3.0
IMG_2197_00033,IMG_2197.MOV,test,Medium,3.0
IMG_2197_00034,IMG_2197.MOV,test,Medium,3.0
IMG_2197_00036,IMG_2197.MOV,test,Hard,3.0
IMG_2197_00037,IMG_2197.MOV,test,Hard,3.0
IMG_2197_00038,IMG_2197.MOV,test,Medium,3.0
IMG_2197_00039,IMG_2197.MOV,test,Easy,3.0
IMG_2197_00040,IMG_2197.MOV,test,Medium,3.0
IMG_2197_00041,IMG_2197.MOV,test,Hard,3.0
IMG_2197_00044,IMG_2197.MOV,test,Medium,3.0
IMG_2197_00045,IMG_2197.MOV,test,Medium,3.0
IMG_2197_00046,IMG_2197.MOV,test,Medium,3.0
IMG_2197_00047,IMG_2197.MOV,test,Medium,3.0
IMG_2197_00048,IMG_2197.MOV,test,Medium,3.0
IMG_2197_00049,IMG_2197.MOV,test,Hard,3.0
IMG_2197_00050,IMG_2197.MOV,test,Medium,3.0
IMG_2197_00051,IMG_2197.MOV,test,Medium,3.0
IMG_2197_00052,IMG_2197.MOV,test,Medium,3.0
IMG_2197_00053,IMG_2197.MOV,test,Hard,3.0
IMG_2197_00054,IMG_2197.MOV,test,Hard,3.0
IMG_2197_00055,IMG_2197.MOV,test,Medium,3.0
IMG_2197_00056,IMG_2197.MOV,test,Medium,3.0
IMG_2197_00057,IMG_2197.MOV,test,Hard,3.0
IMG_2197_00058,IMG_2197.MOV,test,Hard,3.0
IMG_2197_00059,IMG_2197.MOV,test,Medium,3.0
IMG_2197_00060,IMG_2197.MOV,test,Medium,3.0
IMG_2197_00061,IMG_2197.MOV,test,Medium,3.0
IMG_2197_00062,IMG_2197.MOV,test,Medium,3.0
IMG_2197_00063,IMG_2197.MOV,test,Medium,3.0
IMG_2197_00070,IMG_2197.MOV,test,Hard,3.0
IMG_2197_00073,IMG_2197.MOV,test,Medium,3.0
IMG_2197_00074,IMG_2197.MOV,test,Easy,3.0
IMG_2197_00076,IMG_2197.MOV,test,Medium,3.0
IMG_2197_00077,IMG_2197.MOV,test,Medium,3.0
IMG_2197_00079,IMG_2197.MOV,test,Hard,3.0
IMG_2197_00080,IMG_2197.MOV,test,Easy,3.0
IMG_2197_00081,IMG_2197.MOV,test,Medium,3.0
IMG_2197_00082,IMG_2197.MOV,test,Medium,3.0
IMG_2197_00083,IMG_2197.MOV,test,Hard,3.0
IMG_2197_00084,IMG_2197.MOV,test,Medium,3.0
IMG_2197_00085,IMG_2197.MOV,test,Medium,3.0
IMG_2197_00087,IMG_2197.MOV,test,Medium,3.0
IMG_2197_00088,IMG_2197.MOV,test,Hard,3.0
IMG_2197_00089,IMG_2197.MOV,test,Medium,3.0
IMG_2197_00092,IMG_2197.MOV,test,Medium,3.0
IMG_2197_00093,IMG_2197.MOV,test,Medium,3.0
IMG_2197_00094,IMG_2197.MOV,test,Hard,3.0
IMG_2197_00096,IMG_2197.MOV,test,Medium,3.0
IMG_2197_00097,IMG_2197.MOV,test,Easy,3.0
IMG_2197_00098,IMG_2197.MOV,test,Hard,3.0
IMG_2197_00103,IMG_2197.MOV,test,Hard,3.0
IMG_2197_00104,IMG_2197.MOV,test,Easy,3.0
IMG_2197_00105,IMG_2197.MOV,test,Hard,3.0
IMG_2197_00106,IMG_2197.MOV,test,Medium,3.0
IMG_2197_00107,IMG_2197.MOV,test,Hard,3.0
IMG_2197_00108,IMG_2197.MOV,test,Medium,3.0
IMG_2197_00109,IMG_2197.MOV,test,Medium,3.0
IMG_2197_00110,IMG_2197.MOV,test,Medium,3.0
IMG_2197_00111,IMG_2197.MOV,test,Medium,3.0
IMG_2197_00112,IMG_2197.MOV,test,Medium,3.0
IMG_2197_00113,IMG_2197.MOV,test,Hard,3.0
IMG_2197_00114,IMG_2197.MOV,test,Easy,3.0
IMG_2197_00115,IMG_2197.MOV,test,Hard,3.0
IMG_2197_00116,IMG_2197.MOV,test,Medium,3.0
IMG_2197_00117,IMG_2197.MOV,test,Medium,3.0
IMG_2197_00118,IMG_2197.MOV,test,Easy,3.0
IMG_2197_00119,IMG_2197.MOV,test,Medium,3.0
IMG_2197_00121,IMG_2197.MOV,test,Medium,3.0
IMG_2197_00122,IMG_2197.MOV,test,Medium,3.0
IMG_2197_00123,IMG_2197.MOV,test,Medium,3.0
IMG_2197_00124,IMG_2197.MOV,test,Medium,3.0
IMG_2197_00125,IMG_2197.MOV,test,Medium,3.0
IMG_2197_00126,IMG_2197.MOV,test,Hard,3.0
IMG_2197_00127,IMG_2197.MOV,test,Hard,3.0
IMG_2197_00128,IMG_2197.MOV,test,Medium,3.0
IMG_2197_00129,IMG_2197.MOV,test,Hard,3.0
IMG_2197_00130,IMG_2197.MOV,test,Easy,3.0
IMG_2197_00131,IMG_2197.MOV,test,Easy,3.0
IMG_2197_00132,IMG_2197.MOV,test,Hard,3.0
IMG_2197_00133,IMG_2197.MOV,test,Medium,3.0
IMG_2197_00134,IMG_2197.MOV,test,Easy,3.0
IMG_2197_00135,IMG_2197.MOV,test,Medium,3.0
IMG_2197_00136,IMG_2197.MOV,test,Medium,3.0
IMG_2197_00137,IMG_2197.MOV,test,Hard,3.0
IMG_2197_00138,IMG_2197.MOV,test,Medium,3.0
IMG_2197_00141,IMG_2197.MOV,test,Easy,3.0
IMG_2197_00143,IMG_2197.MOV,test,Medium,3.0
IMG_2197_00144,IMG_2197.MOV,test,Easy,3.0
IMG_2197_00145,IMG_2197.MOV,test,Medium,3.0
IMG_2197_00146,IMG_2197.MOV,test,Medium,3.0
IMG_2197_00147,IMG_2197.MOV,test,Easy,3.0
IMG_2197_00148,IMG_2197.MOV,test,Medium,3.0
IMG_2197_00150,IMG_2197.MOV,test,Hard,3.0
IMG_2197_00151,IMG_2197.MOV,test,Hard,3.0
IMG_2197_00153,IMG_2197.MOV,test,Hard,3.0
IMG_2197_00154,IMG_2197.MOV,test,Hard,3.0
IMG_2197_00155,IMG_2197.MOV,test,Medium,3.0
IMG_2197_00157,IMG_2197.MOV,test,Medium,3.0
IMG_2197_00158,IMG_2197.MOV,test,Medium,3.0
IMG_2197_00159,IMG_2197.MOV,test,Medium,3.0
IMG_2198_00001,IMG_2198.MOV,train,Medium,
IMG_2198_00002,IMG_2198.MOV,train,Easy,
IMG_2198_00003,IMG_2198.MOV,train,Hard,
IMG_2198_00004,IMG_2198.MOV,train,Medium,
IMG_2198_00005,IMG_2198.MOV,train,Medium,
IMG_2198_00006,IMG_2198.MOV,train,Hard,
IMG_2198_00007,IMG_2198.MOV,train,Medium,
IMG_2198_00008,IMG_2198.MOV,train,Medium,
IMG_2198_00009,IMG_2198.MOV,train,Medium,
IMG_2198_00010,IMG_2198.MOV,train,Easy,
IMG_2198_00011,IMG_2198.MOV,train,Easy,
IMG_2198_00012,IMG_2198.MOV,train,Easy,
IMG_2198_00013,IMG_2198.MOV,train,Easy,
IMG_2198_00014,IMG_2198.MOV,train,Easy,
IMG_2198_00015,IMG_2198.MOV,train,Medium,
IMG_2198_00016,IMG_2198.MOV,train,Easy,
IMG_2198_00017,IMG_2198.MOV,train,Medium,
IMG_2198_00018,IMG_2198.MOV,train,Medium,
IMG_2198_00019,IMG_2198.MOV,train,Medium,
IMG_2198_00020,IMG_2198.MOV,train,Medium,
IMG_2198_00021,IMG_2198.MOV,train,Medium,
IMG_2198_00022,IMG_2198.MOV,train,Medium,
IMG_2198_00023,IMG_2198.MOV,train,Medium,
IMG_2198_00024,IMG_2198.MOV,train,Medium,
IMG_2198_00025,IMG_2198.MOV,train,Easy,
IMG_2198_00026,IMG_2198.MOV,train,Easy,
IMG_2198_00027,IMG_2198.MOV,train,Easy,
IMG_2198_00028,IMG_2198.MOV,train,Easy,
IMG_2198_00029,IMG_2198.MOV,train,Easy,
IMG_2198_00030,IMG_2198.MOV,train,Medium,
IMG_2198_00031,IMG_2198.MOV,train,Medium,
IMG_2198_00032,IMG_2198.MOV,train,Medium,
IMG_2198_00033,IMG_2198.MOV,train,Easy,
IMG_2198_00034,IMG_2198.MOV,train,Easy,
IMG_2198_00035,IMG_2198.MOV,train,Medium,
IMG_2198_00036,IMG_2198.MOV,train,Medium,
IMG_2198_00037,IMG_2198.MOV,train,Hard,
IMG_2198_00038,IMG_2198.MOV,train,Medium,
IMG_2198_00039,IMG_2198.MOV,train,Medium,
IMG_2198_00040,IMG_2198.MOV,train,Medium,
IMG_2198_00041,IMG_2198.MOV,train,Medium,
IMG_2198_00042,IMG_2198.MOV,train,Easy,
IMG_2198_00043,IMG_2198.MOV,train,Easy,
IMG_2198_00044,IMG_2198.MOV,train,Easy,
IMG_2198_00047,IMG_2198.MOV,train,Medium,
IMG_2198_00048,IMG_2198.MOV,train,Medium,
IMG_2198_00049,IMG_2198.MOV,train,Easy,
IMG_2198_00050,IMG_2198.MOV,train,Medium,
IMG_2198_00051,IMG_2198.MOV,train,Medium,
IMG_2198_00052,IMG_2198.MOV,train,Easy,
IMG_2198_00053,IMG_2198.MOV,train,Medium,
IMG_2198_00055,IMG_2198.MOV,train,Medium,
IMG_2198_00056,IMG_2198.MOV,train,Medium,
IMG_2198_00057,IMG_2198.MOV,train,Hard,
IMG_2198_00058,IMG_2198.MOV,train,Medium,
IMG_2198_00059,IMG_2198.MOV,train,Medium,
IMG_2198_00060,IMG_2198.MOV,train,Hard,
IMG_2198_00061,IMG_2198.MOV,train,Hard,
IMG_2198_00062,IMG_2198.MOV,train,Medium,
IMG_2198_00063,IMG_2198.MOV,train,Medium,
IMG_2198_00064,IMG_2198.MOV,train,Medium,
IMG_2198_00065,IMG_2198.MOV,train,Easy,
IMG_2198_00066,IMG_2198.MOV,train,Easy,
IMG_2198_00067,IMG_2198.MOV,train,Easy,
IMG_2198_00068,IMG_2198.MOV,train,Medium,
IMG_2198_00069,IMG_2198.MOV,train,Medium,
IMG_2198_00070,IMG_2198.MOV,train,Medium,
IMG_2198_00077,IMG_2198.MOV,train,Medium,
IMG_2198_00078,IMG_2198.MOV,train,Hard,
IMG_2198_00079,IMG_2198.MOV,train,Medium,
IMG_2198_00080,IMG_2198.MOV,train,Medium,
IMG_2198_00081,IMG_2198.MOV,train,Medium,
IMG_2198_00082,IMG_2198.MOV,train,Medium,
IMG_2198_00083,IMG_2198.MOV,train,Easy,
IMG_2198_00084,IMG_2198.MOV,train,Medium,
IMG_2198_00085,IMG_2198.MOV,train,Medium,
IMG_2198_00086,IMG_2198.MOV,train,Hard,
IMG_2198_00087,IMG_2198.MOV,train,Hard,
IMG_2198_00088,IMG_2198.MOV,train,Hard,
IMG_2198_00089,IMG_2198.MOV,train,Medium,
IMG_2198_00090,IMG_2198.MOV,train,Hard,
IMG_2198_00091,IMG_2198.MOV,train,Hard,
IMG_2198_00092,IMG_2198.MOV,train,Medium,
IMG_2198_00093,IMG_2198.MOV,train,Medium,
IMG_2198_00094,IMG_2198.MOV,train,Medium,
IMG_2198_00095,IMG_2198.MOV,train,Easy,
IMG_2198_00096,IMG_2198.MOV,train,Easy,
IMG_2198_00097,IMG_2198.MOV,train,Easy,
IMG_2198_00098,IMG_2198.MOV,train,Easy,
IMG_2198_00099,IMG_2198.MOV,train,Medium,
IMG_2198_00100,IMG_2198.MOV,train,Medium,
IMG_2198_00101,IMG_2198.MOV,train,Hard,
IMG_2198_00103,IMG_2198.MOV,train,Hard,
IMG_2198_00104,IMG_2198.MOV,train,Medium,
IMG_2198_00105,IMG_2198.MOV,train,Easy,
IMG_2198_00106,IMG_2198.MOV,train,Easy,
IMG_2198_00107,IMG_2198.MOV,train,Medium,
IMG_2198_00108,IMG_2198.MOV,train,Easy,
IMG_2198_00109,IMG_2198.MOV,train,Easy,
IMG_2198_00110,IMG_2198.MOV,train,Medium,
IMG_2198_00111,IMG_2198.MOV,train,Hard,
IMG_2198_00112,IMG_2198.MOV,train,Medium,
IMG_2198_00113,IMG_2198.MOV,train,Medium,
IMG_2198_00114,IMG_2198.MOV,train,Medium,
IMG_2198_00115,IMG_2198.MOV,train,Hard,
IMG_2198_00116,IMG_2198.MOV,train,Medium,
IMG_2198_00117,IMG_2198.MOV,train,Medium,
IMG_2198_00118,IMG_2198.MOV,train,Medium,
IMG_2198_00119,IMG_2198.MOV,train,Medium,
IMG_2198_00120,IMG_2198.MOV,train,Medium,
IMG_2198_00121,IMG_2198.MOV,train,Hard,
IMG_2198_00122,IMG_2198.MOV,train,Medium,
IMG_2198_00123,IMG_2198.MOV,train,Easy,
IMG_2198_00124,IMG_2198.MOV,train,Easy,
IMG_2198_00125,IMG_2198.MOV,train,Easy,
IMG_2198_00126,IMG_2198.MOV,train,Medium,
IMG_2198_00127,IMG_2198.MOV,train,Hard,
IMG_2198_00128,IMG_2198.MOV,train,Medium,
IMG_2198_00129,IMG_2198.MOV,train,Medium,
IMG_2198_00130,IMG_2198.MOV,train,Hard,
IMG_2198_00131,IMG_2198.MOV,train,Medium,
IMG_2198_00132,IMG_2198.MOV,train,Medium,
IMG_2198_00133,IMG_2198.MOV,train,Medium,
IMG_2198_00134,IMG_2198.MOV,train,Medium,
IMG_2198_00135,IMG_2198.MOV,train,Hard,
IMG_2198_00136,IMG_2198.MOV,train,Medium,
IMG_2198_00137,IMG_2198.MOV,train,Medium,
IMG_2198_00138,IMG_2198.MOV,train,Medium,
IMG_2198_00139,IMG_2198.MOV,train,Medium,
IMG_2198_00140,IMG_2198.MOV,train,Medium,
IMG_2198_00141,IMG_2198.MOV,train,Medium,
IMG_2198_00142,IMG_2198.MOV,train,Easy,
IMG_2198_00143,IMG_2198.MOV,train,Hard,
IMG_2198_00144,IMG_2198.MOV,train,Hard,
IMG_2198_00145,IMG_2198.MOV,train,Hard,
IMG_2198_00146,IMG_2198.MOV,train,Hard,
IMG_2198_00147,IMG_2198.MOV,train,Hard,
IMG_2198_00148,IMG_2198.MOV,train,Medium,
IMG_2198_00149,IMG_2198.MOV,train,Medium,
IMG_2198_00150,IMG_2198.MOV,train,Medium,
IMG_2198_00151,IMG_2198.MOV,train,Hard,
IMG_2198_00152,IMG_2198.MOV,train,Hard,
IMG_2198_00153,IMG_2198.MOV,train,Medium,
IMG_2198_00154,IMG_2198.MOV,train,Medium,
IMG_2198_00155,IMG_2198.MOV,train,Medium,
IMG_2198_00156,IMG_2198.MOV,train,Hard,
IMG_2198_00157,IMG_2198.MOV,train,Medium,
IMG_2198_00158,IMG_2198.MOV,train,Easy,
IMG_2198_00159,IMG_2198.MOV,train,Medium,
IMG_2198_00160,IMG_2198.MOV,train,Medium,
IMG_2198_00161,IMG_2198.MOV,train,Easy,
IMG_2198_00162,IMG_2198.MOV,train,Easy,
IMG_2198_00163,IMG_2198.MOV,train,Medium,
IMG_2198_00164,IMG_2198.MOV,train,Medium,
IMG_2198_00165,IMG_2198.MOV,train,Medium,
IMG_2198_00167,IMG_2198.MOV,train,Easy,
IMG_2198_00168,IMG_2198.MOV,train,Medium,
IMG_2198_00169,IMG_2198.MOV,train,Medium,
IMG_2198_00170,IMG_2198.MOV,train,Easy,
IMG_2198_00171,IMG_2198.MOV,train,Easy,
IMG_2198_00172,IMG_2198.MOV,train,Easy,
IMG_2198_00174,IMG_2198.MOV,train,Easy,
IMG_2198_00175,IMG_2198.MOV,train,Medium,
IMG_2198_00176,IMG_2198.MOV,train,Medium,
IMG_2198_00177,IMG_2198.MOV,train,Medium,
IMG_2198_00178,IMG_2198.MOV,train,Hard,
IMG_2198_00179,IMG_2198.MOV,train,Medium,
IMG_2198_00180,IMG_2198.MOV,train,Medium,
IMG_2198_00181,IMG_2198.MOV,train,Medium,
IMG_2198_00182,IMG_2198.MOV,train,Medium,
IMG_2198_00183,IMG_2198.MOV,train,Medium,
IMG_2198_00184,IMG_2198.MOV,train,Easy,
IMG_2198_00185,IMG_2198.MOV,train,Hard,
IMG_2198_00186,IMG_2198.MOV,train,Hard,
IMG_2198_00187,IMG_2198.MOV,train,Medium,
IMG_2198_00188,IMG_2198.MOV,train,Medium,
IMG_2198_00189,IMG_2198.MOV,train,Easy,
IMG_2198_00190,IMG_2198.MOV,train,Easy,
IMG_2198_00191,IMG_2198.MOV,train,Medium,
IMG_2198_00192,IMG_2198.MOV,train,Hard,
IMG_2198_00193,IMG_2198.MOV,train,Medium,
IMG_2198_00194,IMG_2198.MOV,train,Easy,
IMG_2198_00195,IMG_2198.MOV,train,Easy,
IMG_2198_00196,IMG_2198.MOV,train,Medium,
IMG_2198_00197,IMG_2198.MOV,train,Medium,
IMG_2198_00198,IMG_2198.MOV,train,Easy,
IMG_2198_00199,IMG_2198.MOV,train,Medium,
IMG_2198_00200,IMG_2198.MOV,train,Medium,
IMG_2198_00201,IMG_2198.MOV,train,Medium,
IMG_2198_00202,IMG_2198.MOV,train,Medium,
IMG_2198_00203,IMG_2198.MOV,train,Medium,
IMG_2198_00204,IMG_2198.MOV,train,Medium,
IMG_2198_00205,IMG_2198.MOV,train,Medium,
IMG_2198_00206,IMG_2198.MOV,train,Medium,
IMG_2198_00207,IMG_2198.MOV,train,Medium,
IMG_2198_00208,IMG_2198.MOV,train,Easy,
IMG_2198_00209,IMG_2198.MOV,train,Medium,
IMG_2198_00210,IMG_2198.MOV,train,Medium,
IMG_2198_00211,IMG_2198.MOV,train,Easy,
IMG_2198_00212,IMG_2198.MOV,train,Medium,
IMG_2198_00213,IMG_2198.MOV,train,Medium,
IMG_2198_00214,IMG_2198.MOV,train,Easy,
IMG_2198_00215,IMG_2198.MOV,train,Medium,
IMG_2198_00216,IMG_2198.MOV,train,Easy,
IMG_2198_00217,IMG_2198.MOV,train,Easy,
IMG_2198_00218,IMG_2198.MOV,train,Medium,
IMG_2198_00219,IMG_2198.MOV,train,Medium,
IMG_2198_00220,IMG_2198.MOV,train,Hard,
IMG_2198_00221,IMG_2198.MOV,train,Medium,
IMG_2198_00222,IMG_2198.MOV,train,Medium,
IMG_2198_00225,IMG_2198.MOV,train,Medium,
IMG_2198_00226,IMG_2198.MOV,train,Medium,
IMG_2198_00227,IMG_2198.MOV,train,Hard,
IMG_2198_00229,IMG_2198.MOV,train,Medium,
IMG_2198_00230,IMG_2198.MOV,train,Medium,
IMG_2198_00231,IMG_2198.MOV,train,Medium,
IMG_2198_00232,IMG_2198.MOV,train,Medium,
IMG_2198_00233,IMG_2198.MOV,train,Medium,
IMG_2198_00235,IMG_2198.MOV,train,Medium,
IMG_2198_00237,IMG_2198.MOV,train,Medium,
IMG_2198_00238,IMG_2198.MOV,train,Medium,
IMG_2198_00239,IMG_2198.MOV,train,Medium,
IMG_2198_00240,IMG_2198.MOV,train,Medium,
IMG_2198_00242,IMG_2198.MOV,train,Medium,
IMG_2198_00243,IMG_2198.MOV,train,Medium,
IMG_2198_00244,IMG_2198.MOV,train,Hard,
IMG_2198_00245,IMG_2198.MOV,train,Medium,
IMG_2198_00246,IMG_2198.MOV,train,Medium,
IMG_2198_00247,IMG_2198.MOV,train,Medium,
IMG_2198_00250,IMG_2198.MOV,train,Easy,
IMG_2198_00251,IMG_2198.MOV,train,Medium,
IMG_2198_00253,IMG_2198.MOV,train,Medium,
IMG_2198_00254,IMG_2198.MOV,train,Hard,
IMG_2198_00255,IMG_2198.MOV,train,Medium,
IMG_2198_00256,IMG_2198.MOV,train,Hard,
IMG_2198_00258,IMG_2198.MOV,train,Medium,
IMG_2198_00259,IMG_2198.MOV,train,Hard,
IMG_2198_00260,IMG_2198.MOV,train,Medium,
IMG_2198_00261,IMG_2198.MOV,train,Hard,
IMG_2198_00262,IMG_2198.MOV,train,Medium,
IMG_2198_00263,IMG_2198.MOV,train,Hard,
IMG_2198_00264,IMG_2198.MOV,train,Medium,
IMG_2198_00265,IMG_2198.MOV,train,Medium,
IMG_2198_00266,IMG_2198.MOV,train,Medium,
IMG_2198_00268,IMG_2198.MOV,train,Hard,
IMG_2198_00269,IMG_2198.MOV,train,Hard,
IMG_2198_00270,IMG_2198.MOV,train,Medium,
IMG_2198_00275,IMG_2198.MOV,train,Easy,
IMG_2198_00276,IMG_2198.MOV,train,Medium,
IMG_2198_00277,IMG_2198.MOV,train,Hard,
IMG_2198_00285,IMG_2198.MOV,train,Easy,
IMG_2198_00286,IMG_2198.MOV,train,Easy,
IMG_2198_00287,IMG_2198.MOV,train,Easy,
IMG_2198_00288,IMG_2198.MOV,train,Easy,
IMG_2198_00289,IMG_2198.MOV,train,Easy,
IMG_2199_00002,IMG_2199.MOV,train,Hard,
IMG_2199_00006,IMG_2199.MOV,train,Hard,
IMG_2199_00008,IMG_2199.MOV,train,Medium,
IMG_2199_00009,IMG_2199.MOV,train,Easy,
IMG_2199_00010,IMG_2199.MOV,train,Easy,
IMG_2199_00012,IMG_2199.MOV,train,Medium,
IMG_2199_00014,IMG_2199.MOV,train,Hard,
IMG_2199_00016,IMG_2199.MOV,train,Hard,
IMG_2199_00024,IMG_2199.MOV,train,Medium,
IMG_2199_00030,IMG_2199.MOV,train,Medium,
IMG_2199_00036,IMG_2199.MOV,train,Hard,
IMG_2199_00037,IMG_2199.MOV,train,Medium,
IMG_2199_00038,IMG_2199.MOV,train,Hard,
IMG_2199_00039,IMG_2199.MOV,train,Hard,
IMG_2199_00042,IMG_2199.MOV,train,Medium,
IMG_2199_00043,IMG_2199.MOV,train,Medium,
IMG_2199_00044,IMG_2199.MOV,train,Hard,
IMG_2199_00045,IMG_2199.MOV,train,Hard,
IMG_2199_00046,IMG_2199.MOV,train,Hard,
IMG_2199_00047,IMG_2199.MOV,train,Hard,
IMG_2199_00048,IMG_2199.MOV,train,Hard,
IMG_2199_00050,IMG_2199.MOV,train,Hard,
IMG_2199_00051,IMG_2199.MOV,train,Hard,
IMG_2199_00053,IMG_2199.MOV,train,Medium,
IMG_2199_00054,IMG_2199.MOV,train,Hard,
IMG_2199_00055,IMG_2199.MOV,train,Hard,
IMG_2199_00056,IMG_2199.MOV,train,Hard,
IMG_2199_00057,IMG_2199.MOV,train,Medium,
IMG_2199_00059,IMG_2199.MOV,train,Medium,
IMG_2199_00061,IMG_2199.MOV,train,Medium,
IMG_2199_00062,IMG_2199.MOV,train,Medium,
IMG_2199_00063,IMG_2199.MOV,train,Medium,
IMG_2199_00064,IMG_2199.MOV,train,Medium,
IMG_2199_00065,IMG_2199.MOV,train,Medium,
IMG_2199_00066,IMG_2199.MOV,train,Hard,
IMG_2199_00067,IMG_2199.MOV,train,Medium,
IMG_2199_00068,IMG_2199.MOV,train,Hard,
IMG_2199_00069,IMG_2199.MOV,train,Medium,
IMG_2199_00071,IMG_2199.MOV,train,Medium,
IMG_2199_00072,IMG_2199.MOV,train,Medium,
IMG_2199_00073,IMG_2199.MOV,train,Medium,
IMG_2199_00074,IMG_2199.MOV,train,Hard,
IMG_2199_00075,IMG_2199.MOV,train,Hard,
IMG_2199_00076,IMG_2199.MOV,train,Medium,
IMG_2199_00077,IMG_2199.MOV,train,Hard,
IMG_2199_00078,IMG_2199.MOV,train,Hard,
IMG_2199_00080,IMG_2199.MOV,train,Hard,
IMG_2199_00081,IMG_2199.MOV,train,Hard,
IMG_2199_00082,IMG_2199.MOV,train,Medium,
IMG_2199_00083,IMG_2199.MOV,train,Hard,
IMG_2199_00084,IMG_2199.MOV,train,Hard,
IMG_2199_00085,IMG_2199.MOV,train,Hard,
IMG_2199_00086,IMG_2199.MOV,train,Hard,
IMG_2199_00087,IMG_2199.MOV,train,Hard,
IMG_2199_00088,IMG_2199.MOV,train,Medium,
IMG_2199_00090,IMG_2199.MOV,train,Hard,
IMG_2199_00091,IMG_2199.MOV,train,Medium,
IMG_2199_00092,IMG_2199.MOV,train,Hard,
IMG_2199_00093,IMG_2199.MOV,train,Hard,
IMG_2199_00094,IMG_2199.MOV,train,Hard,
IMG_2199_00095,IMG_2199.MOV,train,Hard,
IMG_2199_00096,IMG_2199.MOV,train,Hard,
IMG_2199_00097,IMG_2199.MOV,train,Hard,
IMG_2199_00098,IMG_2199.MOV,train,Medium,
IMG_2199_00099,IMG_2199.MOV,train,Hard,
IMG_2199_00100,IMG_2199.MOV,train,Hard,
IMG_2199_00101,IMG_2199.MOV,train,Hard,
IMG_2199_00102,IMG_2199.MOV,train,Hard,
IMG_2199_00103,IMG_2199.MOV,train,Medium,
IMG_2199_00104,IMG_2199.MOV,train,Hard,
IMG_2199_00105,IMG_2199.MOV,train,Hard,
IMG_2199_00106,IMG_2199.MOV,train,Hard,
IMG_2199_00107,IMG_2199.MOV,train,Hard,
IMG_2199_00108,IMG_2199.MOV,train,Hard,
IMG_2199_00109,IMG_2199.MOV,train,Hard,
IMG_2199_00110,IMG_2199.MOV,train,Hard,
IMG_2199_00111,IMG_2199.MOV,train,Hard,
IMG_2199_00112,IMG_2199.MOV,train,Hard,
IMG_2199_00113,IMG_2199.MOV,train,Hard,
IMG_2199_00114,IMG_2199.MOV,train,Hard,
IMG_2199_00115,IMG_2199.MOV,train,Hard,
IMG_2199_00116,IMG_2199.MOV,train,Medium,
IMG_2199_00117,IMG_2199.MOV,train,Medium,
IMG_2199_00118,IMG_2199.MOV,train,Hard,
IMG_2199_00119,IMG_2199.MOV,train,Hard,
IMG_2199_00120,IMG_2199.MOV,train,Medium,
IMG_2199_00122,IMG_2199.MOV,train,Hard,
IMG_2199_00123,IMG_2199.MOV,train,Medium,
IMG_2199_00124,IMG_2199.MOV,train,Hard,
IMG_2199_00125,IMG_2199.MOV,train,Hard,
IMG_2199_00126,IMG_2199.MOV,train,Hard,
IMG_2199_00127,IMG_2199.MOV,train,Hard,
IMG_2199_00128,IMG_2199.MOV,train,Medium,
IMG_2200_00001,IMG_2200.MOV,train,Hard,
IMG_2200_00002,IMG_2200.MOV,train,Hard,
IMG_2200_00003,IMG_2200.MOV,train,Hard,
IMG_2200_00004,IMG_2200.MOV,train,Medium,
IMG_2200_00005,IMG_2200.MOV,train,Hard,
IMG_2200_00006,IMG_2200.MOV,train,Hard,
IMG_2200_00009,IMG_2200.MOV,train,Hard,
IMG_2200_00010,IMG_2200.MOV,train,Hard,
IMG_2200_00018,IMG_2200.MOV,train,Hard,
IMG_2200_00019,IMG_2200.MOV,train,Hard,
IMG_2200_00021,IMG_2200.MOV,train,Hard,
IMG_2200_00022,IMG_2200.MOV,train,Hard,
IMG_2200_00023,IMG_2200.MOV,train,Hard,
IMG_2200_00024,IMG_2200.MOV,train,Hard,
IMG_2200_00025,IMG_2200.MOV,train,Medium,
IMG_2200_00026,IMG_2200.MOV,train,Medium,
IMG_2200_00027,IMG_2200.MOV,train,Medium,
IMG_2200_00031,IMG_2200.MOV,train,Medium,
IMG_2200_00032,IMG_2200.MOV,train,Medium,
IMG_2200_00033,IMG_2200.MOV,train,Hard,
IMG_2200_00034,IMG_2200.MOV,train,Hard,
IMG_2200_00035,IMG_2200.MOV,train,Medium,
IMG_2200_00036,IMG_2200.MOV,train,Hard,
IMG_2200_00037,IMG_2200.MOV,train,Medium,
IMG_2200_00038,IMG_2200.MOV,train,Medium,
IMG_2200_00039,IMG_2200.MOV,train,Hard,
IMG_2200_00049,IMG_2200.MOV,train,Hard,
IMG_2200_00050,IMG_2200.MOV,train,Medium,
IMG_2200_00051,IMG_2200.MOV,train,Medium,
IMG_2200_00052,IMG_2200.MOV,train,Hard,
IMG_2200_00053,IMG_2200.MOV,train,Hard,
IMG_2200_00055,IMG_2200.MOV,train,Hard,
IMG_2200_00056,IMG_2200.MOV,train,Hard,
IMG_2200_00057,IMG_2200.MOV,train,Hard,
IMG_2200_00058,IMG_2200.MOV,train,Hard,
IMG_2200_00061,IMG_2200.MOV,train,Medium,
IMG_2200_00069,IMG_2200.MOV,train,Hard,
IMG_2200_00070,IMG_2200.MOV,train,Hard,
IMG_2200_00073,IMG_2200.MOV,train,Hard,
IMG_2200_00079,IMG_2200.MOV,train,Hard,
IMG_2200_00083,IMG_2200.MOV,train,Medium,
IMG_2200_00090,IMG_2200.MOV,train,Medium,
IMG_2200_00095,IMG_2200.MOV,train,Medium,
IMG_2200_00096,IMG_2200.MOV,train,Medium,
IMG_2200_00097,IMG_2200.MOV,train,Medium,
IMG_2200_00098,IMG_2200.MOV,train,Medium,
IMG_2200_00099,IMG_2200.MOV,train,Hard,
IMG_2200_00106,IMG_2200.MOV,train,Hard,
IMG_2200_00107,IMG_2200.MOV,train,Hard,
IMG_2200_00108,IMG_2200.MOV,train,Hard,
IMG_2200_00109,IMG_2200.MOV,train,Medium,
IMG_2200_00110,IMG_2200.MOV,train,Hard,
IMG_2200_00111,IMG_2200.MOV,train,Hard,
IMG_2200_00112,IMG_2200.MOV,train,Hard,
IMG_2200_00113,IMG_2200.MOV,train,Medium,
IMG_2200_00114,IMG_2200.MOV,train,Hard,
IMG_2200_00115,IMG_2200.MOV,train,Hard,
IMG_2200_00116,IMG_2200.MOV,train,Hard,
IMG_2200_00117,IMG_2200.MOV,train,Hard,
IMG_2200_00118,IMG_2200.MOV,train,Hard,
IMG_2200_00120,IMG_2200.MOV,train,Hard,
IMG_2200_00121,IMG_2200.MOV,train,Hard,
IMG_2200_00122,IMG_2200.MOV,train,Hard,
IMG_2200_00123,IMG_2200.MOV,train,Hard,
IMG_2200_00128,IMG_2200.MOV,train,Medium,
IMG_2200_00129,IMG_2200.MOV,train,Medium,
IMG_2200_00130,IMG_2200.MOV,train,Hard,
IMG_2200_00131,IMG_2200.MOV,train,Medium,
IMG_2200_00132,IMG_2200.MOV,train,Hard,
IMG_2200_00133,IMG_2200.MOV,train,Hard,
IMG_2200_00134,IMG_2200.MOV,train,Hard,
IMG_2200_00135,IMG_2200.MOV,train,Hard,
IMG_2200_00140,IMG_2200.MOV,train,Hard,
IMG_2200_00142,IMG_2200.MOV,train,Hard,
IMG_2200_00143,IMG_2200.MOV,train,Medium,
IMG_2200_00144,IMG_2200.MOV,train,Hard,
IMG_2200_00145,IMG_2200.MOV,train,Hard,
IMG_2200_00146,IMG_2200.MOV,train,Medium,
IMG_2200_00147,IMG_2200.MOV,train,Hard,
IMG_2200_00148,IMG_2200.MOV,train,Medium,
IMG_2200_00151,IMG_2200.MOV,train,Hard,
IMG_2200_00152,IMG_2200.MOV,train,Medium,
IMG_2200_00153,IMG_2200.MOV,train,Medium,
IMG_2200_00154,IMG_2200.MOV,train,Medium,
IMG_2200_00155,IMG_2200.MOV,train,Hard,
IMG_2200_00156,IMG_2200.MOV,train,Hard,
IMG_2200_00157,IMG_2200.MOV,train,Hard,
IMG_2200_00158,IMG_2200.MOV,train,Hard,
IMG_2200_00159,IMG_2200.MOV,train,Hard,
IMG_2200_00160,IMG_2200.MOV,train,Hard,
IMG_2200_00161,IMG_2200.MOV,train,Hard,
IMG_2200_00162,IMG_2200.MOV,train,Medium,
IMG_2200_00163,IMG_2200.MOV,train,Hard,
IMG_2200_00167,IMG_2200.MOV,train,Medium,
IMG_2200_00168,IMG_2200.MOV,train,Medium,
IMG_2200_00170,IMG_2200.MOV,train,Hard,
IMG_2200_00172,IMG_2200.MOV,train,Hard,
IMG_2200_00174,IMG_2200.MOV,train,Hard,
IMG_2200_00175,IMG_2200.MOV,train,Hard,
IMG_2200_00177,IMG_2200.MOV,train,Medium,
IMG_2200_00178,IMG_2200.MOV,train,Hard,
IMG_2200_00179,IMG_2200.MOV,train,Medium,
IMG_2200_00180,IMG_2200.MOV,train,Medium,
IMG_2200_00181,IMG_2200.MOV,train,Hard,
IMG_2200_00182,IMG_2200.MOV,train,Medium,
IMG_2200_00183,IMG_2200.MOV,train,Hard,
IMG_2200_00184,IMG_2200.MOV,train,Hard,
IMG_2200_00185,IMG_2200.MOV,train,Hard,
IMG_2200_00186,IMG_2200.MOV,train,Medium,
IMG_2200_00187,IMG_2200.MOV,train,Hard,
IMG_2200_00201,IMG_2200.MOV,train,Hard,
IMG_2200_00202,IMG_2200.MOV,train,Hard,
IMG_2200_00203,IMG_2200.MOV,train,Hard,
IMG_2200_00204,IMG_2200.MOV,train,Hard,
IMG_2200_00205,IMG_2200.MOV,train,Hard,
IMG_2200_00206,IMG_2200.MOV,train,Hard,
IMG_2200_00207,IMG_2200.MOV,train,Hard,
IMG_2200_00208,IMG_2200.MOV,train,Hard,
IMG_2200_00209,IMG_2200.MOV,train,Hard,
IMG_2200_00210,IMG_2200.MOV,train,Hard,
IMG_2200_00211,IMG_2200.MOV,train,Hard,
IMG_2200_00212,IMG_2200.MOV,train,Hard,
IMG_2200_00218,IMG_2200.MOV,train,Medium,
IMG_2200_00219,IMG_2200.MOV,train,Medium,
IMG_2200_00220,IMG_2200.MOV,train,Medium,
IMG_2200_00222,IMG_2200.MOV,train,Hard,
IMG_2200_00223,IMG_2200.MOV,train,Hard,
IMG_2200_00224,IMG_2200.MOV,train,Medium,
IMG_2200_00225,IMG_2200.MOV,train,Hard,
IMG_2200_00230,IMG_2200.MOV,train,Medium,
IMG_2200_00231,IMG_2200.MOV,train,Medium,
IMG_2200_00232,IMG_2200.MOV,train,Hard,
IMG_2200_00233,IMG_2200.MOV,train,Medium,
IMG_2200_00234,IMG_2200.MOV,train,Medium,
IMG_2200_00235,IMG_2200.MOV,train,Hard,
IMG_2200_00236,IMG_2200.MOV,train,Medium,
IMG_2200_00237,IMG_2200.MOV,train,Medium,
IMG_2200_00238,IMG_2200.MOV,train,Medium,
IMG_2200_00239,IMG_2200.MOV,train,Medium,
IMG_2200_00240,IMG_2200.MOV,train,Medium,
IMG_2200_00243,IMG_2200.MOV,train,Medium,
IMG_2200_00244,IMG_2200.MOV,train,Hard,
IMG_2200_00246,IMG_2200.MOV,train,Medium,
IMG_2200_00247,IMG_2200.MOV,train,Hard,
IMG_2200_00248,IMG_2200.MOV,train,Hard,
IMG_2200_00249,IMG_2200.MOV,train,Medium,
IMG_2200_00250,IMG_2200.MOV,train,Medium,
IMG_2200_00251,IMG_2200.MOV,train,Hard,
IMG_2200_00252,IMG_2200.MOV,train,Hard,
IMG_2200_00253,IMG_2200.MOV,train,Hard,
IMG_2200_00254,IMG_2200.MOV,train,Hard,
IMG_2200_00261,IMG_2200.MOV,train,Hard,
IMG_2200_00264,IMG_2200.MOV,train,Medium,
IMG_2200_00265,IMG_2200.MOV,train,Medium,
IMG_2200_00266,IMG_2200.MOV,train,Hard,
IMG_2200_00267,IMG_2200.MOV,train,Hard,
IMG_2200_00268,IMG_2200.MOV,train,Hard,
IMG_2200_00269,IMG_2200.MOV,train,Hard,
IMG_2200_00270,IMG_2200.MOV,train,Hard,
IMG_2200_00271,IMG_2200.MOV,train,Hard,
IMG_2200_00272,IMG_2200.MOV,train,Hard,
IMG_2200_00273,IMG_2200.MOV,train,Hard,
IMG_2200_00274,IMG_2200.MOV,train,Hard,
IMG_2200_00275,IMG_2200.MOV,train,Hard,
IMG_2200_00276,IMG_2200.MOV,train,Hard,
IMG_2200_00277,IMG_2200.MOV,train,Medium,
IMG_2200_00297,IMG_2200.MOV,train,Medium,
IMG_2200_00301,IMG_2200.MOV,train,Hard,
IMG_2968_00001,IMG_2968.MOV,train,Medium,
IMG_2968_00002,IMG_2968.MOV,train,Hard,
IMG_2968_00003,IMG_2968.MOV,train,Medium,
IMG_2968_00004,IMG_2968.MOV,train,Hard,
IMG_2968_00011,IMG_2968.MOV,train,Easy,
IMG_2968_00025,IMG_2968.MOV,train,Medium,
IMG_2968_00026,IMG_2968.MOV,train,Medium,
IMG_2968_00027,IMG_2968.MOV,train,Medium,
IMG_2968_00028,IMG_2968.MOV,train,Medium,
IMG_2968_00029,IMG_2968.MOV,train,Hard,
IMG_2968_00030,IMG_2968.MOV,train,Medium,
IMG_2968_00031,IMG_2968.MOV,train,Hard,
IMG_2968_00032,IMG_2968.MOV,train,Hard,
IMG_2968_00033,IMG_2968.MOV,train,Medium,
IMG_2968_00034,IMG_2968.MOV,train,Medium,
IMG_2968_00035,IMG_2968.MOV,train,Medium,
IMG_2968_00036,IMG_2968.MOV,train,Hard,
IMG_2968_00037,IMG_2968.MOV,train,Medium,
IMG_2968_00040,IMG_2968.MOV,train,Medium,
IMG_2968_00041,IMG_2968.MOV,train,Medium,
IMG_2968_00042,IMG_2968.MOV,train,Easy,
IMG_2968_00043,IMG_2968.MOV,train,Medium,
IMG_2968_00044,IMG_2968.MOV,train,Medium,
IMG_2968_00046,IMG_2968.MOV,train,Easy,
IMG_2968_00047,IMG_2968.MOV,train,Hard,
IMG_2968_00048,IMG_2968.MOV,train,Medium,
IMG_2968_00049,IMG_2968.MOV,train,Medium,
IMG_2968_00050,IMG_2968.MOV,train,Hard,
IMG_2968_00051,IMG_2968.MOV,train,Medium,
IMG_2968_00052,IMG_2968.MOV,train,Hard,
IMG_2968_00053,IMG_2968.MOV,train,Medium,
IMG_2968_00054,IMG_2968.MOV,train,Easy,
IMG_2968_00055,IMG_2968.MOV,train,Easy,
IMG_2968_00056,IMG_2968.MOV,train,Hard,
IMG_2968_00057,IMG_2968.MOV,train,Medium,
IMG_2968_00060,IMG_2968.MOV,train,Medium,
IMG_2968_00061,IMG_2968.MOV,train,Medium,
IMG_2968_00063,IMG_2968.MOV,train,Medium,
IMG_2968_00064,IMG_2968.MOV,train,Medium,
IMG_2968_00065,IMG_2968.MOV,train,Medium,
IMG_2968_00066,IMG_2968.MOV,train,Medium,
IMG_2968_00067,IMG_2968.MOV,train,Medium,
IMG_2968_00068,IMG_2968.MOV,train,Medium,
IMG_2968_00069,IMG_2968.MOV,train,Medium,
IMG_2968_00070,IMG_2968.MOV,train,Hard,
IMG_2968_00071,IMG_2968.MOV,train,Hard,
IMG_2968_00073,IMG_2968.MOV,train,Easy,
IMG_2968_00074,IMG_2968.MOV,train,Easy,
IMG_2968_00075,IMG_2968.MOV,train,Hard,
IMG_2968_00076,IMG_2968.MOV,train,Hard,
IMG_2968_00077,IMG_2968.MOV,train,Medium,
IMG_2968_00078,IMG_2968.MOV,train,Hard,
IMG_2968_00079,IMG_2968.MOV,train,Medium,
IMG_2968_00080,IMG_2968.MOV,train,Hard,
IMG_2968_00081,IMG_2968.MOV,train,Hard,
IMG_2968_00083,IMG_2968.MOV,train,Medium,
IMG_2968_00084,IMG_2968.MOV,train,Easy,
IMG_2968_00085,IMG_2968.MOV,train,Medium,
IMG_2968_00086,IMG_2968.MOV,train,Medium,
IMG_2968_00089,IMG_2968.MOV,train,Medium,
IMG_2968_00090,IMG_2968.MOV,train,Medium,
IMG_2968_00091,IMG_2968.MOV,train,Medium,
IMG_2968_00092,IMG_2968.MOV,train,Easy,
IMG_2968_00093,IMG_2968.MOV,train,Medium,
IMG_2968_00094,IMG_2968.MOV,train,Medium,
IMG_2968_00095,IMG_2968.MOV,train,Easy,
IMG_2968_00096,IMG_2968.MOV,train,Easy,
IMG_2968_00097,IMG_2968.MOV,train,Hard,
IMG_2968_00098,IMG_2968.MOV,train,Medium,
IMG_2968_00100,IMG_2968.MOV,train,Easy,
IMG_2968_00101,IMG_2968.MOV,train,Medium,
IMG_2968_00102,IMG_2968.MOV,train,Easy,
IMG_2968_00103,IMG_2968.MOV,train,Medium,
IMG_2968_00104,IMG_2968.MOV,train,Medium,
IMG_2968_00105,IMG_2968.MOV,train,Medium,
IMG_2968_00106,IMG_2968.MOV,train,Medium,
IMG_2968_00107,IMG_2968.MOV,train,Medium,
IMG_2968_00108,IMG_2968.MOV,train,Hard,
IMG_2968_00109,IMG_2968.MOV,train,Medium,
IMG_2968_00110,IMG_2968.MOV,train,Hard,
IMG_2968_00111,IMG_2968.MOV,train,Medium,
IMG_2968_00112,IMG_2968.MOV,train,Hard,
IMG_2968_00113,IMG_2968.MOV,train,Medium,
IMG_2968_00114,IMG_2968.MOV,train,Medium,
IMG_2968_00115,IMG_2968.MOV,train,Medium,
IMG_2968_00116,IMG_2968.MOV,train,Medium,
IMG_2968_00117,IMG_2968.MOV,train,Medium,
IMG_2968_00118,IMG_2968.MOV,train,Medium,
IMG_2968_00119,IMG_2968.MOV,train,Medium,
IMG_2968_00120,IMG_2968.MOV,train,Medium,
IMG_2968_00121,IMG_2968.MOV,train,Medium,
IMG_2968_00122,IMG_2968.MOV,train,Medium,
IMG_2968_00123,IMG_2968.MOV,train,Medium,
IMG_2968_00124,IMG_2968.MOV,train,Easy,
IMG_2968_00125,IMG_2968.MOV,train,Hard,
IMG_2968_00126,IMG_2968.MOV,train,Medium,
IMG_2968_00127,IMG_2968.MOV,train,Medium,
IMG_2968_00129,IMG_2968.MOV,train,Medium,
IMG_2968_00130,IMG_2968.MOV,train,Medium,
IMG_2968_00131,IMG_2968.MOV,train,Easy,
IMG_2968_00132,IMG_2968.MOV,train,Hard,
IMG_2968_00133,IMG_2968.MOV,train,Medium,
IMG_2968_00134,IMG_2968.MOV,train,Hard,
IMG_2968_00135,IMG_2968.MOV,train,Easy,
IMG_2968_00136,IMG_2968.MOV,train,Easy,
IMG_2968_00137,IMG_2968.MOV,train,Easy,
IMG_2968_00138,IMG_2968.MOV,train,Easy,
IMG_2968_00139,IMG_2968.MOV,train,Medium,
IMG_2968_00140,IMG_2968.MOV,train,Easy,
IMG_2968_00141,IMG_2968.MOV,train,Medium,
IMG_2968_00142,IMG_2968.MOV,train,Medium,
IMG_2968_00143,IMG_2968.MOV,train,Medium,
IMG_2968_00144,IMG_2968.MOV,train,Hard,
IMG_2968_00145,IMG_2968.MOV,train,Medium,
IMG_2968_00146,IMG_2968.MOV,train,Medium,
IMG_2968_00147,IMG_2968.MOV,train,Medium,
IMG_2968_00148,IMG_2968.MOV,train,Medium,
IMG_2968_00149,IMG_2968.MOV,train,Hard,
IMG_2968_00150,IMG_2968.MOV,train,Medium,
IMG_2968_00152,IMG_2968.MOV,train,Hard,
IMG_2968_00153,IMG_2968.MOV,train,Medium,
IMG_2968_00154,IMG_2968.MOV,train,Medium,
IMG_2968_00155,IMG_2968.MOV,train,Hard,
IMG_2968_00156,IMG_2968.MOV,train,Hard,
IMG_2968_00157,IMG_2968.MOV,train,Medium,
IMG_2968_00158,IMG_2968.MOV,train,Hard,
IMG_2968_00159,IMG_2968.MOV,train,Medium,
IMG_2968_00160,IMG_2968.MOV,train,Medium,
IMG_2968_00161,IMG_2968.MOV,train,Medium,
IMG_2968_00162,IMG_2968.MOV,train,Medium,
IMG_2968_00163,IMG_2968.MOV,train,Medium,
IMG_2968_00164,IMG_2968.MOV,train,Hard,
IMG_2968_00165,IMG_2968.MOV,train,Hard,
IMG_2968_00166,IMG_2968.MOV,train,Medium,
IMG_2968_00167,IMG_2968.MOV,train,Hard,
IMG_2968_00168,IMG_2968.MOV,train,Hard,
IMG_2968_00169,IMG_2968.MOV,train,Hard,
IMG_2968_00170,IMG_2968.MOV,train,Hard,
IMG_2968_00171,IMG_2968.MOV,train,Hard,
IMG_2968_00172,IMG_2968.MOV,train,Hard,
IMG_2968_00173,IMG_2968.MOV,train,Hard,
IMG_2968_00174,IMG_2968.MOV,train,Hard,
IMG_2968_00175,IMG_2968.MOV,train,Hard,
IMG_2968_00176,IMG_2968.MOV,train,Hard,
IMG_2968_00177,IMG_2968.MOV,train,Hard,
IMG_2968_00178,IMG_2968.MOV,train,Hard,
IMG_2968_00179,IMG_2968.MOV,train,Hard,
IMG_2968_00180,IMG_2968.MOV,train,Medium,
IMG_2968_00181,IMG_2968.MOV,train,Medium,
IMG_2968_00182,IMG_2968.MOV,train,Medium,
IMG_2968_00183,IMG_2968.MOV,train,Medium,
IMG_2968_00184,IMG_2968.MOV,train,Hard,
IMG_2968_00185,IMG_2968.MOV,train,Hard,
IMG_2968_00186,IMG_2968.MOV,train,Medium,
IMG_2968_00187,IMG_2968.MOV,train,Hard,
IMG_2968_00188,IMG_2968.MOV,train,Medium,
IMG_2968_00189,IMG_2968.MOV,train,Medium,
IMG_2968_00190,IMG_2968.MOV,train,Easy,
IMG_2968_00191,IMG_2968.MOV,train,Medium,
IMG_2968_00192,IMG_2968.MOV,train,Medium,
IMG_2968_00193,IMG_2968.MOV,train,Medium,
IMG_2968_00194,IMG_2968.MOV,train,Medium,
IMG_2968_00195,IMG_2968.MOV,train,Medium,
IMG_2968_00196,IMG_2968.MOV,train,Medium,
IMG_2968_00197,IMG_2968.MOV,train,Hard,
IMG_2968_00199,IMG_2968.MOV,train,Hard,
IMG_2968_00200,IMG_2968.MOV,train,Medium,
IMG_2968_00201,IMG_2968.MOV,train,Medium,
IMG_2968_00203,IMG_2968.MOV,train,Hard,
IMG_2968_00204,IMG_2968.MOV,train,Medium,
IMG_2968_00205,IMG_2968.MOV,train,Hard,
IMG_2968_00206,IMG_2968.MOV,train,Medium,
IMG_2968_00207,IMG_2968.MOV,train,Medium,
IMG_2968_00210,IMG_2968.MOV,train,Medium,
IMG_2968_00211,IMG_2968.MOV,train,Medium,
IMG_2968_00212,IMG_2968.MOV,train,Hard,
IMG_2968_00214,IMG_2968.MOV,train,Medium,
IMG_2968_00215,IMG_2968.MOV,train,Medium,
IMG_2968_00217,IMG_2968.MOV,train,Medium,
IMG_2968_00223,IMG_2968.MOV,train,Medium,
IMG_2968_00225,IMG_2968.MOV,train,Medium,
IMG_2968_00228,IMG_2968.MOV,train,Easy,
IMG_2968_00235,IMG_2968.MOV,train,Hard,
IMG_2968_00237,IMG_2968.MOV,train,Medium,
IMG_2968_00240,IMG_2968.MOV,train,Hard,
IMG_2968_00241,IMG_2968.MOV,train,Medium,
IMG_2968_00242,IMG_2968.MOV,train,Hard,
IMG_2968_00244,IMG_2968.MOV,train,Medium,
IMG_2968_00245,IMG_2968.MOV,train,Hard,
IMG_2968_00247,IMG_2968.MOV,train,Medium,
IMG_2968_00249,IMG_2968.MOV,train,Medium,
IMG_2968_00253,IMG_2968.MOV,train,Medium,
IMG_2968_00255,IMG_2968.MOV,train,Medium,
IMG_2968_00257,IMG_2968.MOV,train,Medium,
IMG_2968_00258,IMG_2968.MOV,train,Medium,
IMG_2968_00259,IMG_2968.MOV,train,Hard,
IMG_2968_00260,IMG_2968.MOV,train,Medium,
IMG_2968_00261,IMG_2968.MOV,train,Medium,
IMG_2968_00262,IMG_2968.MOV,train,Medium,
IMG_2968_00263,IMG_2968.MOV,train,Medium,
IMG_2968_00264,IMG_2968.MOV,train,Medium,
IMG_2968_00265,IMG_2968.MOV,train,Medium,
IMG_2968_00267,IMG_2968.MOV,train,Medium,
IMG_2968_00268,IMG_2968.MOV,train,Medium,
IMG_2968_00269,IMG_2968.MOV,train,Hard,
IMG_2968_00270,IMG_2968.MOV,train,Medium,
IMG_2968_00271,IMG_2968.MOV,train,Medium,
IMG_2968_00272,IMG_2968.MOV,train,Medium,
IMG_2968_00273,IMG_2968.MOV,train,Medium,
IMG_2968_00274,IMG_2968.MOV,train,Medium,
IMG_2968_00275,IMG_2968.MOV,train,Medium,
IMG_2968_00276,IMG_2968.MOV,train,Hard,
IMG_2968_00277,IMG_2968.MOV,train,Medium,
IMG_2968_00278,IMG_2968.MOV,train,Medium,
IMG_2968_00280,IMG_2968.MOV,train,Hard,
IMG_2968_00281,IMG_2968.MOV,train,Medium,
IMG_2968_00282,IMG_2968.MOV,train,Hard,
IMG_2968_00283,IMG_2968.MOV,train,Medium,
IMG_2968_00284,IMG_2968.MOV,train,Medium,
IMG_2968_00285,IMG_2968.MOV,train,Medium,
IMG_2968_00286,IMG_2968.MOV,train,Medium,
IMG_2968_00287,IMG_2968.MOV,train,Medium,
IMG_2969_00000,IMG_2969.MOV,test,Easy,9.0
IMG_2969_00001,IMG_2969.MOV,test,Easy,9.0
IMG_2969_00002,IMG_2969.MOV,test,Medium,9.0
IMG_2969_00003,IMG_2969.MOV,test,Medium,9.0
IMG_2969_00004,IMG_2969.MOV,test,Medium,9.0
IMG_2969_00005,IMG_2969.MOV,test,Hard,9.0
IMG_2969_00006,IMG_2969.MOV,test,Medium,9.0
IMG_2969_00007,IMG_2969.MOV,test,Medium,9.0
IMG_2969_00008,IMG_2969.MOV,test,Medium,9.0
IMG_2969_00010,IMG_2969.MOV,test,Medium,9.0
IMG_2969_00011,IMG_2969.MOV,test,Medium,9.0
IMG_2969_00012,IMG_2969.MOV,test,Hard,9.0
IMG_2969_00014,IMG_2969.MOV,test,Easy,9.0
IMG_2969_00015,IMG_2969.MOV,test,Hard,9.0
IMG_2969_00019,IMG_2969.MOV,test,Easy,9.0
IMG_2969_00026,IMG_2969.MOV,test,Medium,9.0
IMG_2969_00040,IMG_2969.MOV,test,Easy,9.0
IMG_2969_00052,IMG_2969.MOV,test,Hard,9.0
IMG_2969_00054,IMG_2969.MOV,test,Easy,9.0
IMG_2969_00056,IMG_2969.MOV,test,Hard,9.0
IMG_2969_00058,IMG_2969.MOV,test,Medium,9.0
IMG_2969_00059,IMG_2969.MOV,test,Medium,9.0
IMG_2969_00060,IMG_2969.MOV,test,Hard,9.0
IMG_2969_00061,IMG_2969.MOV,test,Easy,9.0
IMG_2969_00062,IMG_2969.MOV,test,Hard,9.0
IMG_2969_00064,IMG_2969.MOV,test,Medium,9.0
IMG_2969_00065,IMG_2969.MOV,test,Medium,9.0
IMG_2969_00066,IMG_2969.MOV,test,Hard,9.0
IMG_2969_00067,IMG_2969.MOV,test,Hard,9.0
IMG_2969_00068,IMG_2969.MOV,test,Hard,9.0
IMG_2969_00069,IMG_2969.MOV,test,Easy,9.0
IMG_2969_00070,IMG_2969.MOV,test,Medium,9.0
IMG_2969_00071,IMG_2969.MOV,test,Medium,9.0
IMG_2969_00072,IMG_2969.MOV,test,Easy,9.0
IMG_2969_00073,IMG_2969.MOV,test,Hard,9.0
IMG_2969_00074,IMG_2969.MOV,test,Medium,9.0
IMG_2969_00076,IMG_2969.MOV,test,Medium,9.0
IMG_2969_00078,IMG_2969.MOV,test,Medium,9.0
IMG_2969_00080,IMG_2969.MOV,test,Medium,9.0
IMG_2969_00083,IMG_2969.MOV,test,Medium,9.0
IMG_2969_00084,IMG_2969.MOV,test,Medium,9.0
IMG_2969_00085,IMG_2969.MOV,test,Medium,9.0
IMG_2969_00089,IMG_2969.MOV,test,Medium,9.0
IMG_2969_00091,IMG_2969.MOV,test,Medium,9.0
IMG_2969_00092,IMG_2969.MOV,test,Hard,9.0
IMG_2969_00093,IMG_2969.MOV,test,Medium,9.0
IMG_2969_00094,IMG_2969.MOV,test,Medium,9.0
IMG_2969_00097,IMG_2969.MOV,test,Medium,9.0
IMG_2969_00099,IMG_2969.MOV,test,Medium,9.0
IMG_2969_00100,IMG_2969.MOV,test,Medium,9.0
IMG_2969_00120,IMG_2969.MOV,test,Hard,9.0
IMG_2969_00122,IMG_2969.MOV,test,Hard,9.0
IMG_2969_00123,IMG_2969.MOV,test,Medium,9.0
IMG_2969_00124,IMG_2969.MOV,test,Hard,9.0
IMG_2969_00126,IMG_2969.MOV,test,Hard,9.0
IMG_2969_00128,IMG_2969.MOV,test,Hard,9.0
IMG_2969_00129,IMG_2969.MOV,test,Hard,9.0
IMG_2969_00131,IMG_2969.MOV,test,Hard,9.0
IMG_2969_00133,IMG_2969.MOV,test,Hard,9.0
IMG_2969_00135,IMG_2969.MOV,test,Hard,9.0
IMG_2969_00136,IMG_2969.MOV,test,Hard,9.0
IMG_2969_00137,IMG_2969.MOV,test,Hard,9.0
IMG_2969_00143,IMG_2969.MOV,test,Easy,9.0
IMG_2969_00145,IMG_2969.MOV,test,Easy,9.0
IMG_2969_00152,IMG_2969.MOV,test,Easy,9.0
IMG_2969_00153,IMG_2969.MOV,test,Easy,9.0
IMG_2969_00158,IMG_2969.MOV,test,Easy,9.0
IMG_2969_00172,IMG_2969.MOV,test,Hard,9.0
IMG_2969_00173,IMG_2969.MOV,test,Hard,9.0
IMG_2969_00174,IMG_2969.MOV,test,Hard,9.0
IMG_2969_00175,IMG_2969.MOV,test,Hard,9.0
IMG_2969_00176,IMG_2969.MOV,test,Hard,9.0
IMG_2969_00177,IMG_2969.MOV,test,Hard,9.0
IMG_2969_00178,IMG_2969.MOV,test,Medium,9.0
IMG_2969_00179,IMG_2969.MOV,test,Medium,9.0
IMG_2969_00181,IMG_2969.MOV,test,Medium,9.0
IMG_2969_00182,IMG_2969.MOV,test,Medium,9.0
IMG_2969_00183,IMG_2969.MOV,test,Medium,9.0
IMG_2969_00185,IMG_2969.MOV,test,Medium,9.0
IMG_2969_00190,IMG_2969.MOV,test,Easy,9.0
IMG_2969_00192,IMG_2969.MOV,test,Medium,9.0
IMG_2969_00193,IMG_2969.MOV,test,Medium,9.0
IMG_2969_00196,IMG_2969.MOV,test,Medium,9.0
IMG_2969_00203,IMG_2969.MOV,test,Medium,9.0
IMG_2969_00204,IMG_2969.MOV,test,Medium,9.0
IMG_2969_00205,IMG_2969.MOV,test,Medium,9.0
IMG_2969_00207,IMG_2969.MOV,test,Medium,9.0
IMG_2969_00209,IMG_2969.MOV,test,Medium,9.0
IMG_2969_00210,IMG_2969.MOV,test,Hard,9.0
IMG_2969_00214,IMG_2969.MOV,test,Medium,9.0
IMG_2969_00215,IMG_2969.MOV,test,Medium,9.0
IMG_2969_00216,IMG_2969.MOV,test,Medium,9.0
IMG_2969_00217,IMG_2969.MOV,test,Medium,9.0
IMG_2969_00220,IMG_2969.MOV,test,Medium,9.0
IMG_2969_00221,IMG_2969.MOV,test,Medium,9.0
IMG_2969_00222,IMG_2969.MOV,test,Hard,9.0
IMG_2969_00223,IMG_2969.MOV,test,Medium,9.0
IMG_2969_00224,IMG_2969.MOV,test,Medium,9.0
IMG_2969_00225,IMG_2969.MOV,test,Easy,9.0
IMG_2969_00226,IMG_2969.MOV,test,Medium,9.0
IMG_2969_00227,IMG_2969.MOV,test,Medium,9.0
IMG_2969_00228,IMG_2969.MOV,test,Hard,9.0
IMG_2969_00229,IMG_2969.MOV,test,Hard,9.0
IMG_2969_00230,IMG_2969.MOV,test,Hard,9.0
IMG_2969_00231,IMG_2969.MOV,test,Hard,9.0
IMG_2969_00232,IMG_2969.MOV,test,Medium,9.0
IMG_2969_00236,IMG_2969.MOV,test,Hard,9.0
IMG_2969_00237,IMG_2969.MOV,test,Medium,9.0
IMG_2969_00239,IMG_2969.MOV,test,Hard,9.0
IMG_2969_00240,IMG_2969.MOV,test,Hard,9.0
IMG_2969_00241,IMG_2969.MOV,test,Hard,9.0
IMG_2969_00242,IMG_2969.MOV,test,Hard,9.0
IMG_2969_00243,IMG_2969.MOV,test,Medium,9.0
IMG_2969_00244,IMG_2969.MOV,test,Medium,9.0
IMG_2969_00246,IMG_2969.MOV,test,Hard,9.0
IMG_2969_00247,IMG_2969.MOV,test,Hard,9.0
IMG_2969_00248,IMG_2969.MOV,test,Hard,9.0
IMG_2969_00249,IMG_2969.MOV,test,Hard,9.0
IMG_2969_00250,IMG_2969.MOV,test,Hard,9.0
IMG_2969_00252,IMG_2969.MOV,test,Hard,9.0
IMG_2969_00253,IMG_2969.MOV,test,Hard,9.0
IMG_2969_00275,IMG_2969.MOV,test,Easy,9.0
IMG_2969_00305,IMG_2969.MOV,test,Easy,9.0
IMG_2969_00313,IMG_2969.MOV,test,Easy,9.0
IMG_2969_00318,IMG_2969.MOV,test,Easy,9.0
IMG_2974_00001,IMG_2974.MOV,test,Medium,4.0
IMG_2974_00002,IMG_2974.MOV,test,Hard,4.0
IMG_2974_00003,IMG_2974.MOV,test,Medium,4.0
IMG_2974_00004,IMG_2974.MOV,test,Medium,4.0
IMG_2974_00005,IMG_2974.MOV,test,Hard,4.0
IMG_2974_00006,IMG_2974.MOV,test,Medium,4.0
IMG_2974_00007,IMG_2974.MOV,test,Medium,4.0
IMG_2974_00008,IMG_2974.MOV,test,Medium,4.0
IMG_2974_00010,IMG_2974.MOV,test,Hard,4.0
IMG_2974_00012,IMG_2974.MOV,test,Hard,4.0
IMG_2974_00014,IMG_2974.MOV,test,Hard,4.0
IMG_2974_00015,IMG_2974.MOV,test,Medium,4.0
IMG_2974_00016,IMG_2974.MOV,test,Hard,4.0
IMG_2974_00017,IMG_2974.MOV,test,Hard,4.0
IMG_2974_00018,IMG_2974.MOV,test,Medium,4.0
IMG_2974_00019,IMG_2974.MOV,test,Hard,4.0
IMG_2974_00020,IMG_2974.MOV,test,Medium,4.0
IMG_2974_00021,IMG_2974.MOV,test,Medium,4.0
IMG_2974_00022,IMG_2974.MOV,test,Medium,4.0
IMG_2974_00023,IMG_2974.MOV,test,Medium,4.0
IMG_2974_00024,IMG_2974.MOV,test,Hard,4.0
IMG_2974_00025,IMG_2974.MOV,test,Hard,4.0
IMG_2974_00026,IMG_2974.MOV,test,Medium,4.0
IMG_2974_00027,IMG_2974.MOV,test,Hard,4.0
IMG_2974_00028,IMG_2974.MOV,test,Easy,4.0
IMG_2974_00029,IMG_2974.MOV,test,Medium,4.0
IMG_2974_00031,IMG_2974.MOV,test,Medium,4.0
IMG_2974_00032,IMG_2974.MOV,test,Hard,4.0
IMG_2974_00034,IMG_2974.MOV,test,Medium,4.0
IMG_2974_00035,IMG_2974.MOV,test,Medium,4.0
IMG_2974_00036,IMG_2974.MOV,test,Medium,4.0
IMG_2974_00037,IMG_2974.MOV,test,Medium,4.0
IMG_2974_00039,IMG_2974.MOV,test,Medium,4.0
IMG_2974_00040,IMG_2974.MOV,test,Hard,4.0
IMG_2974_00042,IMG_2974.MOV,test,Medium,4.0
IMG_2974_00043,IMG_2974.MOV,test,Medium,4.0
IMG_2974_00044,IMG_2974.MOV,test,Hard,4.0
IMG_2974_00045,IMG_2974.MOV,test,Medium,4.0
IMG_2974_00047,IMG_2974.MOV,test,Medium,4.0
IMG_2974_00048,IMG_2974.MOV,test,Medium,4.0
IMG_2974_00049,IMG_2974.MOV,test,Medium,4.0
IMG_2974_00050,IMG_2974.MOV,test,Medium,4.0
IMG_2974_00052,IMG_2974.MOV,test,Hard,4.0
IMG_2974_00053,IMG_2974.MOV,test,Hard,4.0
IMG_2974_00054,IMG_2974.MOV,test,Medium,4.0
IMG_2974_00056,IMG_2974.MOV,test,Hard,4.0
IMG_2974_00057,IMG_2974.MOV,test,Hard,4.0
IMG_2974_00058,IMG_2974.MOV,test,Medium,4.0
IMG_2974_00059,IMG_2974.MOV,test,Hard,4.0
IMG_2974_00060,IMG_2974.MOV,test,Medium,4.0
IMG_2974_00061,IMG_2974.MOV,test,Hard,4.0
IMG_2974_00062,IMG_2974.MOV,test,Medium,4.0
IMG_2974_00063,IMG_2974.MOV,test,Hard,4.0
IMG_2974_00064,IMG_2974.MOV,test,Medium,4.0
IMG_2974_00065,IMG_2974.MOV,test,Medium,4.0
IMG_2974_00066,IMG_2974.MOV,test,Hard,4.0
IMG_2974_00067,IMG_2974.MOV,test,Medium,4.0
IMG_2974_00068,IMG_2974.MOV,test,Medium,4.0
IMG_2974_00069,IMG_2974.MOV,test,Medium,4.0
IMG_2974_00070,IMG_2974.MOV,test,Hard,4.0
IMG_2974_00071,IMG_2974.MOV,test,Hard,4.0
IMG_2974_00072,IMG_2974.MOV,test,Medium,4.0
IMG_2974_00073,IMG_2974.MOV,test,Medium,4.0
IMG_2974_00074,IMG_2974.MOV,test,Medium,4.0
IMG_2974_00075,IMG_2974.MOV,test,Medium,4.0
IMG_2974_00076,IMG_2974.MOV,test,Medium,4.0
IMG_2974_00077,IMG_2974.MOV,test,Medium,4.0
IMG_2974_00078,IMG_2974.MOV,test,Medium,4.0
IMG_2974_00079,IMG_2974.MOV,test,Hard,4.0
IMG_2974_00081,IMG_2974.MOV,test,Medium,4.0
IMG_2974_00082,IMG_2974.MOV,test,Medium,4.0
IMG_2974_00083,IMG_2974.MOV,test,Medium,4.0
IMG_2975_00011,IMG_2975.MOV,train,Medium,
IMG_2975_00012,IMG_2975.MOV,train,Medium,
IMG_2975_00013,IMG_2975.MOV,train,Hard,
IMG_2975_00014,IMG_2975.MOV,train,Medium,
IMG_2975_00016,IMG_2975.MOV,train,Hard,
IMG_2975_00017,IMG_2975.MOV,train,Medium,
IMG_2975_00018,IMG_2975.MOV,train,Medium,
IMG_2975_00021,IMG_2975.MOV,train,Hard,
IMG_2975_00022,IMG_2975.MOV,train,Medium,
IMG_2975_00023,IMG_2975.MOV,train,Medium,
IMG_2975_00025,IMG_2975.MOV,train,Medium,
IMG_2975_00026,IMG_2975.MOV,train,Hard,
IMG_2975_00027,IMG_2975.MOV,train,Medium,
IMG_2975_00029,IMG_2975.MOV,train,Medium,
IMG_2975_00030,IMG_2975.MOV,train,Hard,
IMG_2975_00031,IMG_2975.MOV,train,Medium,
IMG_2975_00032,IMG_2975.MOV,train,Medium,
IMG_2975_00033,IMG_2975.MOV,train,Hard,
IMG_2975_00034,IMG_2975.MOV,train,Hard,
IMG_2975_00035,IMG_2975.MOV,train,Medium,
IMG_2975_00036,IMG_2975.MOV,train,Hard,
IMG_2975_00037,IMG_2975.MOV,train,Medium,
IMG_2975_00038,IMG_2975.MOV,train,Hard,
IMG_2975_00039,IMG_2975.MOV,train,Medium,
IMG_2975_00040,IMG_2975.MOV,train,Hard,
IMG_2975_00041,IMG_2975.MOV,train,Hard,
IMG_2975_00042,IMG_2975.MOV,train,Hard,
IMG_2975_00043,IMG_2975.MOV,train,Hard,
IMG_2975_00044,IMG_2975.MOV,train,Medium,
IMG_2975_00045,IMG_2975.MOV,train,Medium,
IMG_2975_00047,IMG_2975.MOV,train,Medium,
IMG_2975_00048,IMG_2975.MOV,train,Hard,
IMG_2975_00050,IMG_2975.MOV,train,Hard,
IMG_2975_00057,IMG_2975.MOV,train,Medium,
IMG_2975_00059,IMG_2975.MOV,train,Medium,
IMG_2975_00060,IMG_2975.MOV,train,Medium,
IMG_2975_00062,IMG_2975.MOV,train,Hard,
IMG_2975_00064,IMG_2975.MOV,train,Medium,
IMG_2975_00065,IMG_2975.MOV,train,Medium,
IMG_2975_00066,IMG_2975.MOV,train,Hard,
IMG_2975_00067,IMG_2975.MOV,train,Medium,
IMG_2975_00068,IMG_2975.MOV,train,Hard,
IMG_2975_00069,IMG_2975.MOV,train,Hard,
IMG_2975_00070,IMG_2975.MOV,train,Hard,
IMG_2975_00072,IMG_2975.MOV,train,Medium,
IMG_2975_00073,IMG_2975.MOV,train,Hard,
IMG_2975_00074,IMG_2975.MOV,train,Medium,
IMG_2975_00075,IMG_2975.MOV,train,Hard,
IMG_2975_00076,IMG_2975.MOV,train,Medium,
IMG_2975_00077,IMG_2975.MOV,train,Medium,
IMG_2975_00078,IMG_2975.MOV,train,Hard,
IMG_2975_00082,IMG_2975.MOV,train,Hard,
IMG_2975_00084,IMG_2975.MOV,train,Hard,
IMG_2975_00088,IMG_2975.MOV,train,Medium,
IMG_2975_00089,IMG_2975.MOV,train,Medium,
IMG_2975_00090,IMG_2975.MOV,train,Hard,
IMG_2975_00096,IMG_2975.MOV,train,Medium,
IMG_2975_00097,IMG_2975.MOV,train,Hard,
IMG_2975_00098,IMG_2975.MOV,train,Hard,
IMG_2976_00001,IMG_2976.MOV,train,Medium,
IMG_2976_00002,IMG_2976.MOV,train,Medium,
IMG_2976_00003,IMG_2976.MOV,train,Medium,
IMG_2976_00004,IMG_2976.MOV,train,Easy,
IMG_2976_00005,IMG_2976.MOV,train,Medium,
IMG_2976_00007,IMG_2976.MOV,train,Hard,
IMG_2976_00008,IMG_2976.MOV,train,Medium,
IMG_2976_00009,IMG_2976.MOV,train,Medium,
IMG_2976_00010,IMG_2976.MOV,train,Medium,
IMG_2976_00011,IMG_2976.MOV,train,Hard,
IMG_2976_00012,IMG_2976.MOV,train,Medium,
IMG_2976_00013,IMG_2976.MOV,train,Hard,
IMG_2976_00014,IMG_2976.MOV,train,Medium,
IMG_2976_00015,IMG_2976.MOV,train,Hard,
IMG_2976_00016,IMG_2976.MOV,train,Hard,
IMG_2976_00017,IMG_2976.MOV,train,Medium,
IMG_2976_00018,IMG_2976.MOV,train,Hard,
IMG_2976_00019,IMG_2976.MOV,train,Hard,
IMG_2976_00021,IMG_2976.MOV,train,Hard,
IMG_2976_00022,IMG_2976.MOV,train,Medium,
IMG_2976_00023,IMG_2976.MOV,train,Medium,
IMG_2976_00024,IMG_2976.MOV,train,Medium,
IMG_2976_00025,IMG_2976.MOV,train,Hard,
IMG_2976_00026,IMG_2976.MOV,train,Medium,
IMG_2976_00027,IMG_2976.MOV,train,Medium,
IMG_2976_00028,IMG_2976.MOV,train,Hard,
IMG_2976_00029,IMG_2976.MOV,train,Medium,
IMG_2976_00030,IMG_2976.MOV,train,Easy,
IMG_2976_00031,IMG_2976.MOV,train,Hard,
IMG_2976_00032,IMG_2976.MOV,train,Medium,
IMG_2976_00033,IMG_2976.MOV,train,Medium,
IMG_2976_00034,IMG_2976.MOV,train,Medium,
IMG_2976_00035,IMG_2976.MOV,train,Medium,
IMG_2976_00037,IMG_2976.MOV,train,Hard,
IMG_2976_00038,IMG_2976.MOV,train,Medium,
IMG_2976_00039,IMG_2976.MOV,train,Medium,
IMG_2976_00040,IMG_2976.MOV,train,Medium,
IMG_2976_00041,IMG_2976.MOV,train,Hard,
IMG_2976_00042,IMG_2976.MOV,train,Easy,
IMG_2976_00043,IMG_2976.MOV,train,Medium,
IMG_2976_00044,IMG_2976.MOV,train,Medium,
IMG_2976_00045,IMG_2976.MOV,train,Hard,
IMG_2976_00046,IMG_2976.MOV,train,Hard,
IMG_2976_00047,IMG_2976.MOV,train,Hard,
IMG_2976_00048,IMG_2976.MOV,train,Hard,
IMG_2976_00049,IMG_2976.MOV,train,Hard,
IMG_2976_00050,IMG_2976.MOV,train,Hard,
IMG_2976_00051,IMG_2976.MOV,train,Medium,
IMG_2976_00052,IMG_2976.MOV,train,Medium,
IMG_2976_00053,IMG_2976.MOV,train,Hard,
IMG_2976_00054,IMG_2976.MOV,train,Hard,
IMG_2976_00055,IMG_2976.MOV,train,Hard,
IMG_2976_00056,IMG_2976.MOV,train,Medium,
IMG_2976_00057,IMG_2976.MOV,train,Hard,
IMG_2976_00058,IMG_2976.MOV,train,Medium,
IMG_2976_00059,IMG_2976.MOV,train,Easy,
IMG_2976_00061,IMG_2976.MOV,train,Medium,
IMG_2976_00063,IMG_2976.MOV,train,Medium,
IMG_2976_00064,IMG_2976.MOV,train,Medium,
IMG_2976_00065,IMG_2976.MOV,train,Easy,
IMG_2976_00066,IMG_2976.MOV,train,Easy,
IMG_2976_00067,IMG_2976.MOV,train,Medium,
IMG_2976_00068,IMG_2976.MOV,train,Medium,
IMG_2976_00069,IMG_2976.MOV,train,Medium,
IMG_2976_00071,IMG_2976.MOV,train,Hard,
IMG_2976_00072,IMG_2976.MOV,train,Medium,
IMG_2976_00073,IMG_2976.MOV,train,Hard,
IMG_2976_00074,IMG_2976.MOV,train,Medium,
IMG_2976_00075,IMG_2976.MOV,train,Hard,
IMG_2976_00076,IMG_2976.MOV,train,Easy,
IMG_2977_00015,IMG_2977.MOV,train,Hard,
IMG_2977_00016,IMG_2977.MOV,train,Medium,
IMG_2977_00017,IMG_2977.MOV,train,Medium,
IMG_2977_00018,IMG_2977.MOV,train,Medium,
IMG_2977_00019,IMG_2977.MOV,train,Medium,
IMG_2977_00020,IMG_2977.MOV,train,Hard,
IMG_2977_00021,IMG_2977.MOV,train,Hard,
IMG_2977_00022,IMG_2977.MOV,train,Hard,
IMG_2977_00023,IMG_2977.MOV,train,Hard,
IMG_2977_00024,IMG_2977.MOV,train,Medium,
IMG_2977_00025,IMG_2977.MOV,train,Medium,
IMG_2977_00026,IMG_2977.MOV,train,Medium,
IMG_2977_00027,IMG_2977.MOV,train,Medium,
IMG_2977_00028,IMG_2977.MOV,train,Medium,
IMG_2977_00029,IMG_2977.MOV,train,Easy,
IMG_2977_00030,IMG_2977.MOV,train,Medium,
IMG_2977_00032,IMG_2977.MOV,train,Medium,
IMG_2977_00033,IMG_2977.MOV,train,Medium,
IMG_2977_00034,IMG_2977.MOV,train,Medium,
IMG_2977_00035,IMG_2977.MOV,train,Medium,
IMG_2977_00036,IMG_2977.MOV,train,Hard,
IMG_2977_00037,IMG_2977.MOV,train,Hard,
IMG_2977_00038,IMG_2977.MOV,train,Hard,
IMG_2977_00040,IMG_2977.MOV,train,Medium,
IMG_2977_00041,IMG_2977.MOV,train,Medium,
IMG_2977_00042,IMG_2977.MOV,train,Hard,
IMG_2977_00044,IMG_2977.MOV,train,Hard,
IMG_2977_00046,IMG_2977.MOV,train,Hard,
IMG_2977_00047,IMG_2977.MOV,train,Easy,
IMG_2977_00048,IMG_2977.MOV,train,Hard,
IMG_2977_00049,IMG_2977.MOV,train,Medium,
IMG_2977_00050,IMG_2977.MOV,train,Medium,
IMG_2977_00051,IMG_2977.MOV,train,Medium,
IMG_2977_00052,IMG_2977.MOV,train,Easy,
IMG_2977_00053,IMG_2977.MOV,train,Medium,
IMG_2977_00073,IMG_2977.MOV,train,Medium,
IMG_2977_00075,IMG_2977.MOV,train,Medium,
IMG_2977_00076,IMG_2977.MOV,train,Medium,
IMG_2977_00079,IMG_2977.MOV,train,Medium,
IMG_2977_00083,IMG_2977.MOV,train,Medium,
IMG_2977_00085,IMG_2977.MOV,train,Hard,
IMG_2977_00086,IMG_2977.MOV,train,Medium,
IMG_2977_00087,IMG_2977.MOV,train,Medium,
IMG_2977_00089,IMG_2977.MOV,train,Hard,
IMG_2977_00090,IMG_2977.MOV,train,Medium,
IMG_2977_00091,IMG_2977.MOV,train,Medium,
IMG_2977_00092,IMG_2977.MOV,train,Medium,
IMG_2977_00094,IMG_2977.MOV,train,Medium,
IMG_2977_00096,IMG_2977.MOV,train,Medium,
IMG_2977_00100,IMG_2977.MOV,train,Hard,
IMG_2977_00102,IMG_2977.MOV,train,Medium,
IMG_2977_00107,IMG_2977.MOV,train,Medium,
IMG_2977_00110,IMG_2977.MOV,train,Medium,
IMG_2977_00111,IMG_2977.MOV,train,Medium,
IMG_2977_00112,IMG_2977.MOV,train,Medium,
IMG_2977_00113,IMG_2977.MOV,train,Hard,
IMG_2977_00114,IMG_2977.MOV,train,Hard,
IMG_2977_00115,IMG_2977.MOV,train,Hard,
IMG_2977_00116,IMG_2977.MOV,train,Hard,
IMG_2977_00117,IMG_2977.MOV,train,Hard,
IMG_2977_00118,IMG_2977.MOV,train,Medium,
IMG_2977_00120,IMG_2977.MOV,train,Medium,
IMG_2977_00121,IMG_2977.MOV,train,Medium,
IMG_2977_00122,IMG_2977.MOV,train,Medium,
IMG_2977_00124,IMG_2977.MOV,train,Medium,
IMG_2977_00125,IMG_2977.MOV,train,Hard,
IMG_2977_00126,IMG_2977.MOV,train,Medium,
IMG_2977_00127,IMG_2977.MOV,train,Medium,
IMG_2977_00132,IMG_2977.MOV,train,Medium,
IMG_2977_00134,IMG_2977.MOV,train,Hard,
IMG_2977_00136,IMG_2977.MOV,train,Medium,
IMG_2977_00137,IMG_2977.MOV,train,Medium,
IMG_2977_00139,IMG_2977.MOV,train,Medium,
IMG_2977_00140,IMG_2977.MOV,train,Medium,
IMG_2977_00142,IMG_2977.MOV,train,Medium,
IMG_2977_00143,IMG_2977.MOV,train,Medium,
IMG_2977_00144,IMG_2977.MOV,train,Hard,
IMG_2977_00145,IMG_2977.MOV,train,Hard,
IMG_2977_00146,IMG_2977.MOV,train,Medium,
IMG_2977_00147,IMG_2977.MOV,train,Medium,
IMG_2978_00001,IMG_2978.MOV,test,Medium,5.0
IMG_2978_00002,IMG_2978.MOV,test,Easy,5.0
IMG_2978_00003,IMG_2978.MOV,test,Medium,5.0
IMG_2978_00004,IMG_2978.MOV,test,Medium,5.0
IMG_2978_00005,IMG_2978.MOV,test,Medium,5.0
IMG_2978_00006,IMG_2978.MOV,test,Medium,5.0
IMG_2978_00007,IMG_2978.MOV,test,Medium,5.0
IMG_2978_00008,IMG_2978.MOV,test,Hard,5.0
IMG_2978_00009,IMG_2978.MOV,test,Easy,5.0
IMG_2978_00011,IMG_2978.MOV,test,Medium,5.0
IMG_2978_00013,IMG_2978.MOV,test,Medium,5.0
IMG_2978_00015,IMG_2978.MOV,test,Medium,5.0
IMG_2978_00016,IMG_2978.MOV,test,Hard,5.0
IMG_2978_00017,IMG_2978.MOV,test,Medium,5.0
IMG_2978_00018,IMG_2978.MOV,test,Easy,5.0
IMG_2978_00019,IMG_2978.MOV,test,Medium,5.0
IMG_2978_00020,IMG_2978.MOV,test,Medium,5.0
IMG_2978_00021,IMG_2978.MOV,test,Medium,5.0
IMG_2978_00022,IMG_2978.MOV,test,Medium,5.0
IMG_2978_00023,IMG_2978.MOV,test,Hard,5.0
IMG_2978_00024,IMG_2978.MOV,test,Medium,5.0
IMG_2978_00025,IMG_2978.MOV,test,Medium,5.0
IMG_2978_00026,IMG_2978.MOV,test,Hard,5.0
IMG_2978_00027,IMG_2978.MOV,test,Medium,5.0
IMG_2978_00028,IMG_2978.MOV,test,Medium,5.0
IMG_2978_00029,IMG_2978.MOV,test,Hard,5.0
IMG_2978_00030,IMG_2978.MOV,test,Medium,5.0
IMG_2978_00031,IMG_2978.MOV,test,Medium,5.0
IMG_2978_00032,IMG_2978.MOV,test,Medium,5.0
IMG_2978_00034,IMG_2978.MOV,test,Medium,5.0
IMG_2978_00035,IMG_2978.MOV,test,Medium,5.0
IMG_2978_00036,IMG_2978.MOV,test,Medium,5.0
IMG_2978_00037,IMG_2978.MOV,test,Medium,5.0
IMG_2978_00038,IMG_2978.MOV,test,Medium,5.0
IMG_2978_00039,IMG_2978.MOV,test,Medium,5.0
IMG_2978_00040,IMG_2978.MOV,test,Medium,5.0
IMG_2978_00041,IMG_2978.MOV,test,Medium,5.0
IMG_2978_00042,IMG_2978.MOV,test,Medium,5.0
IMG_2978_00043,IMG_2978.MOV,test,Medium,5.0
IMG_2978_00044,IMG_2978.MOV,test,Medium,5.0
IMG_2978_00045,IMG_2978.MOV,test,Medium,5.0
IMG_2978_00047,IMG_2978.MOV,test,Medium,5.0
IMG_2978_00048,IMG_2978.MOV,test,Medium,5.0
IMG_2978_00049,IMG_2978.MOV,test,Hard,5.0
IMG_2978_00050,IMG_2978.MOV,test,Hard,5.0
IMG_2978_00053,IMG_2978.MOV,test,Hard,5.0
IMG_2978_00054,IMG_2978.MOV,test,Medium,5.0
IMG_2978_00055,IMG_2978.MOV,test,Hard,5.0
IMG_2978_00056,IMG_2978.MOV,test,Medium,5.0
IMG_2978_00057,IMG_2978.MOV,test,Medium,5.0
IMG_2978_00060,IMG_2978.MOV,test,Medium,5.0
IMG_2978_00062,IMG_2978.MOV,test,Medium,5.0
IMG_2978_00063,IMG_2978.MOV,test,Hard,5.0
IMG_2978_00064,IMG_2978.MOV,test,Medium,5.0
IMG_2978_00065,IMG_2978.MOV,test,Hard,5.0
IMG_2978_00066,IMG_2978.MOV,test,Medium,5.0
IMG_2978_00067,IMG_2978.MOV,test,Hard,5.0
IMG_2978_00068,IMG_2978.MOV,test,Hard,5.0
IMG_2978_00069,IMG_2978.MOV,test,Hard,5.0
IMG_2978_00070,IMG_2978.MOV,test,Medium,5.0
IMG_2978_00071,IMG_2978.MOV,test,Medium,5.0
IMG_2978_00072,IMG_2978.MOV,test,Hard,5.0
IMG_2978_00073,IMG_2978.MOV,test,Hard,5.0
IMG_2978_00074,IMG_2978.MOV,test,Hard,5.0
IMG_2978_00077,IMG_2978.MOV,test,Hard,5.0
IMG_2978_00078,IMG_2978.MOV,test,Medium,5.0
IMG_2978_00079,IMG_2978.MOV,test,Medium,5.0
IMG_2978_00080,IMG_2978.MOV,test,Medium,5.0
IMG_2978_00081,IMG_2978.MOV,test,Medium,5.0
IMG_2978_00082,IMG_2978.MOV,test,Medium,5.0
IMG_2978_00083,IMG_2978.MOV,test,Medium,5.0
IMG_2978_00084,IMG_2978.MOV,test,Hard,5.0
IMG_2978_00085,IMG_2978.MOV,test,Medium,5.0
IMG_2978_00086,IMG_2978.MOV,test,Hard,5.0
IMG_2978_00087,IMG_2978.MOV,test,Medium,5.0
IMG_2978_00088,IMG_2978.MOV,test,Hard,5.0
IMG_2978_00089,IMG_2978.MOV,test,Medium,5.0
IMG_2978_00090,IMG_2978.MOV,test,Medium,5.0
IMG_2978_00091,IMG_2978.MOV,test,Medium,5.0
IMG_2978_00092,IMG_2978.MOV,test,Hard,5.0
IMG_2978_00093,IMG_2978.MOV,test,Medium,5.0
IMG_2978_00094,IMG_2978.MOV,test,Easy,5.0
IMG_2978_00095,IMG_2978.MOV,test,Medium,5.0
IMG_2978_00096,IMG_2978.MOV,test,Hard,5.0
IMG_2978_00097,IMG_2978.MOV,test,Hard,5.0
IMG_2978_00098,IMG_2978.MOV,test,Medium,5.0
IMG_2978_00099,IMG_2978.MOV,test,Easy,5.0
IMG_2978_00100,IMG_2978.MOV,test,Easy,5.0
IMG_2978_00101,IMG_2978.MOV,test,Medium,5.0
IMG_2978_00103,IMG_2978.MOV,test,Easy,5.0
IMG_2978_00104,IMG_2978.MOV,test,Hard,5.0
IMG_2978_00105,IMG_2978.MOV,test,Medium,5.0
IMG_2978_00106,IMG_2978.MOV,test,Hard,5.0
IMG_2978_00107,IMG_2978.MOV,test,Medium,5.0
IMG_2978_00108,IMG_2978.MOV,test,Easy,5.0
IMG_2978_00112,IMG_2978.MOV,test,Easy,5.0
IMG_2978_00113,IMG_2978.MOV,test,Medium,5.0
IMG_2978_00115,IMG_2978.MOV,test,Hard,5.0
IMG_2978_00116,IMG_2978.MOV,test,Easy,5.0
IMG_2978_00117,IMG_2978.MOV,test,Medium,5.0
IMG_2978_00118,IMG_2978.MOV,test,Medium,5.0
IMG_2978_00119,IMG_2978.MOV,test,Medium,5.0
IMG_2978_00120,IMG_2978.MOV,test,Medium,5.0
IMG_2978_00122,IMG_2978.MOV,test,Easy,5.0
IMG_2978_00123,IMG_2978.MOV,test,Medium,5.0
IMG_2978_00124,IMG_2978.MOV,test,Medium,5.0
IMG_2978_00125,IMG_2978.MOV,test,Medium,5.0
IMG_2978_00126,IMG_2978.MOV,test,Medium,5.0
IMG_2978_00127,IMG_2978.MOV,test,Medium,5.0
IMG_2978_00128,IMG_2978.MOV,test,Medium,5.0
IMG_2978_00129,IMG_2978.MOV,test,Easy,5.0
IMG_2978_00130,IMG_2978.MOV,test,Easy,5.0
IMG_2978_00131,IMG_2978.MOV,test,Medium,5.0
IMG_2978_00133,IMG_2978.MOV,test,Medium,5.0
IMG_2978_00134,IMG_2978.MOV,test,Medium,5.0
IMG_2978_00136,IMG_2978.MOV,test,Medium,5.0
IMG_2978_00137,IMG_2978.MOV,test,Medium,5.0
IMG_2978_00138,IMG_2978.MOV,test,Medium,5.0
IMG_2978_00139,IMG_2978.MOV,test,Medium,5.0
IMG_2978_00140,IMG_2978.MOV,test,Medium,5.0
IMG_2978_00141,IMG_2978.MOV,test,Medium,5.0
IMG_2978_00142,IMG_2978.MOV,test,Hard,5.0
IMG_2978_00143,IMG_2978.MOV,test,Easy,5.0
IMG_2978_00144,IMG_2978.MOV,test,Medium,5.0
IMG_2978_00145,IMG_2978.MOV,test,Medium,5.0
IMG_2978_00146,IMG_2978.MOV,test,Medium,5.0
IMG_2978_00147,IMG_2978.MOV,test,Medium,5.0
IMG_2978_00148,IMG_2978.MOV,test,Medium,5.0
IMG_2978_00149,IMG_2978.MOV,test,Easy,5.0
IMG_2978_00150,IMG_2978.MOV,test,Medium,5.0
IMG_2978_00151,IMG_2978.MOV,test,Medium,5.0
IMG_2978_00152,IMG_2978.MOV,test,Medium,5.0
IMG_2978_00153,IMG_2978.MOV,test,Medium,5.0
IMG_2978_00155,IMG_2978.MOV,test,Medium,5.0
IMG_2978_00158,IMG_2978.MOV,test,Medium,5.0
IMG_2978_00160,IMG_2978.MOV,test,Medium,5.0
IMG_2978_00162,IMG_2978.MOV,test,Medium,5.0
IMG_2978_00163,IMG_2978.MOV,test,Easy,5.0
IMG_2978_00164,IMG_2978.MOV,test,Medium,5.0
IMG_2978_00165,IMG_2978.MOV,test,Medium,5.0
IMG_2978_00166,IMG_2978.MOV,test,Medium,5.0
IMG_2978_00169,IMG_2978.MOV,test,Medium,5.0
IMG_2978_00171,IMG_2978.MOV,test,Medium,5.0
IMG_2978_00173,IMG_2978.MOV,test,Easy,5.0
IMG_2978_00175,IMG_2978.MOV,test,Medium,5.0
IMG_2978_00176,IMG_2978.MOV,test,Easy,5.0
IMG_2978_00177,IMG_2978.MOV,test,Medium,5.0
IMG_2978_00180,IMG_2978.MOV,test,Easy,5.0
IMG_2978_00181,IMG_2978.MOV,test,Medium,5.0
IMG_2978_00182,IMG_2978.MOV,test,Easy,5.0
IMG_2978_00183,IMG_2978.MOV,test,Medium,5.0
IMG_2978_00184,IMG_2978.MOV,test,Easy,5.0
IMG_2978_00185,IMG_2978.MOV,test,Medium,5.0
IMG_2978_00186,IMG_2978.MOV,test,Medium,5.0
IMG_2978_00187,IMG_2978.MOV,test,Medium,5.0
IMG_2978_00189,IMG_2978.MOV,test,Easy,5.0
IMG_2978_00191,IMG_2978.MOV,test,Medium,5.0
IMG_2978_00193,IMG_2978.MOV,test,Medium,5.0
IMG_2978_00194,IMG_2978.MOV,test,Medium,5.0
IMG_2978_00197,IMG_2978.MOV,test,Medium,5.0
IMG_2978_00199,IMG_2978.MOV,test,Medium,5.0
IMG_2978_00200,IMG_2978.MOV,test,Easy,5.0
IMG_2978_00201,IMG_2978.MOV,test,Medium,5.0
IMG_2978_00205,IMG_2978.MOV,test,Easy,5.0
IMG_2978_00206,IMG_2978.MOV,test,Medium,5.0
IMG_2978_00208,IMG_2978.MOV,test,Medium,5.0
IMG_2978_00209,IMG_2978.MOV,test,Medium,5.0
IMG_2978_00210,IMG_2978.MOV,test,Hard,5.0
IMG_2978_00214,IMG_2978.MOV,test,Medium,5.0
IMG_2978_00215,IMG_2978.MOV,test,Medium,5.0
IMG_2978_00217,IMG_2978.MOV,test,Easy,5.0
IMG_2978_00219,IMG_2978.MOV,test,Medium,5.0
IMG_2978_00220,IMG_2978.MOV,test,Medium,5.0
IMG_2978_00221,IMG_2978.MOV,test,Easy,5.0
IMG_2978_00222,IMG_2978.MOV,test,Medium,5.0
IMG_2978_00223,IMG_2978.MOV,test,Easy,5.0
IMG_2978_00224,IMG_2978.MOV,test,Medium,5.0
IMG_2978_00225,IMG_2978.MOV,test,Medium,5.0
IMG_2978_00227,IMG_2978.MOV,test,Easy,5.0
IMG_2978_00228,IMG_2978.MOV,test,Medium,5.0
IMG_2978_00230,IMG_2978.MOV,test,Medium,5.0
IMG_2978_00232,IMG_2978.MOV,test,Medium,5.0
IMG_2978_00234,IMG_2978.MOV,test,Easy,5.0
IMG_2978_00235,IMG_2978.MOV,test,Medium,5.0
IMG_2978_00236,IMG_2978.MOV,test,Medium,5.0
IMG_2978_00237,IMG_2978.MOV,test,Medium,5.0
IMG_2978_00239,IMG_2978.MOV,test,Hard,5.0
IMG_2978_00240,IMG_2978.MOV,test,Medium,5.0
IMG_2978_00241,IMG_2978.MOV,test,Medium,5.0
IMG_2978_00243,IMG_2978.MOV,test,Hard,5.0
IMG_2978_00244,IMG_2978.MOV,test,Medium,5.0
IMG_2978_00245,IMG_2978.MOV,test,Hard,5.0
IMG_2978_00246,IMG_2978.MOV,test,Hard,5.0
IMG_2978_00247,IMG_2978.MOV,test,Easy,5.0
IMG_2978_00248,IMG_2978.MOV,test,Hard,5.0
IMG_2978_00249,IMG_2978.MOV,test,Medium,5.0
IMG_2978_00251,IMG_2978.MOV,test,Easy,5.0
IMG_2978_00252,IMG_2978.MOV,test,Hard,5.0
IMG_2978_00254,IMG_2978.MOV,test,Hard,5.0
IMG_2978_00256,IMG_2978.MOV,test,Medium,5.0
IMG_2978_00257,IMG_2978.MOV,test,Hard,5.0
IMG_2978_00259,IMG_2978.MOV,test,Medium,5.0
IMG_2978_00260,IMG_2978.MOV,test,Hard,5.0
IMG_2978_00261,IMG_2978.MOV,test,Hard,5.0
IMG_2978_00262,IMG_2978.MOV,test,Medium,5.0
IMG_2978_00263,IMG_2978.MOV,test,Medium,5.0
IMG_2978_00264,IMG_2978.MOV,test,Medium,5.0
IMG_2978_00265,IMG_2978.MOV,test,Medium,5.0
IMG_2978_00266,IMG_2978.MOV,test,Medium,5.0
IMG_2978_00267,IMG_2978.MOV,test,Hard,5.0
IMG_2978_00268,IMG_2978.MOV,test,Medium,5.0
IMG_2978_00269,IMG_2978.MOV,test,Medium,5.0
IMG_2979_00002,IMG_2979.MOV,train,Hard,
IMG_2979_00003,IMG_2979.MOV,train,Medium,
IMG_2979_00005,IMG_2979.MOV,train,Medium,
IMG_2979_00006,IMG_2979.MOV,train,Medium,
IMG_2979_00007,IMG_2979.MOV,train,Medium,
IMG_2979_00008,IMG_2979.MOV,train,Medium,
IMG_2979_00009,IMG_2979.MOV,train,Hard,
IMG_2979_00010,IMG_2979.MOV,train,Hard,
IMG_2979_00011,IMG_2979.MOV,train,Medium,
IMG_2979_00013,IMG_2979.MOV,train,Hard,
IMG_2979_00014,IMG_2979.MOV,train,Medium,
IMG_2979_00015,IMG_2979.MOV,train,Medium,
IMG_2979_00016,IMG_2979.MOV,train,Hard,
IMG_2979_00017,IMG_2979.MOV,train,Medium,
IMG_2979_00018,IMG_2979.MOV,train,Hard,
IMG_2979_00020,IMG_2979.MOV,train,Medium,
IMG_2979_00022,IMG_2979.MOV,train,Hard,
IMG_2979_00023,IMG_2979.MOV,train,Medium,
IMG_2979_00024,IMG_2979.MOV,train,Hard,
IMG_2979_00025,IMG_2979.MOV,train,Hard,
IMG_2979_00026,IMG_2979.MOV,train,Medium,
IMG_2979_00027,IMG_2979.MOV,train,Medium,
IMG_2979_00028,IMG_2979.MOV,train,Medium,
IMG_2979_00029,IMG_2979.MOV,train,Hard,
IMG_2979_00031,IMG_2979.MOV,train,Medium,
IMG_2979_00032,IMG_2979.MOV,train,Hard,
IMG_2979_00033,IMG_2979.MOV,train,Medium,
IMG_2979_00034,IMG_2979.MOV,train,Medium,
IMG_2979_00035,IMG_2979.MOV,train,Hard,
IMG_2979_00037,IMG_2979.MOV,train,Hard,
IMG_2979_00039,IMG_2979.MOV,train,Medium,
IMG_2979_00040,IMG_2979.MOV,train,Medium,
IMG_2979_00041,IMG_2979.MOV,train,Hard,
IMG_2979_00042,IMG_2979.MOV,train,Medium,
IMG_2979_00044,IMG_2979.MOV,train,Hard,
IMG_2979_00045,IMG_2979.MOV,train,Hard,
IMG_2979_00046,IMG_2979.MOV,train,Medium,
IMG_2979_00047,IMG_2979.MOV,train,Hard,
IMG_2979_00048,IMG_2979.MOV,train,Medium,
IMG_2979_00049,IMG_2979.MOV,train,Medium,
IMG_2979_00051,IMG_2979.MOV,train,Hard,
IMG_2979_00052,IMG_2979.MOV,train,Medium,
IMG_2979_00053,IMG_2979.MOV,train,Medium,
IMG_2979_00054,IMG_2979.MOV,train,Easy,
IMG_2979_00055,IMG_2979.MOV,train,Medium,
IMG_2979_00056,IMG_2979.MOV,train,Medium,
IMG_2979_00057,IMG_2979.MOV,train,Hard,
IMG_2979_00058,IMG_2979.MOV,train,Medium,
IMG_2979_00059,IMG_2979.MOV,train,Medium,
IMG_2979_00060,IMG_2979.MOV,train,Hard,
IMG_2979_00061,IMG_2979.MOV,train,Hard,
IMG_2979_00063,IMG_2979.MOV,train,Medium,
IMG_2979_00065,IMG_2979.MOV,train,Medium,
IMG_2979_00066,IMG_2979.MOV,train,Medium,
IMG_2979_00067,IMG_2979.MOV,train,Hard,
IMG_2979_00068,IMG_2979.MOV,train,Medium,
IMG_2979_00069,IMG_2979.MOV,train,Hard,
IMG_2979_00070,IMG_2979.MOV,train,Hard,
IMG_2979_00071,IMG_2979.MOV,train,Medium,
IMG_2979_00072,IMG_2979.MOV,train,Medium,
IMG_2979_00073,IMG_2979.MOV,train,Medium,
IMG_2979_00075,IMG_2979.MOV,train,Medium,
IMG_2979_00076,IMG_2979.MOV,train,Medium,
IMG_2979_00078,IMG_2979.MOV,train,Easy,
IMG_2979_00079,IMG_2979.MOV,train,Medium,
IMG_2979_00080,IMG_2979.MOV,train,Medium,
IMG_2979_00082,IMG_2979.MOV,train,Medium,
IMG_2979_00083,IMG_2979.MOV,train,Medium,
IMG_2979_00084,IMG_2979.MOV,train,Medium,
IMG_2979_00085,IMG_2979.MOV,train,Easy,
IMG_2979_00086,IMG_2979.MOV,train,Medium,
IMG_2979_00087,IMG_2979.MOV,train,Hard,
IMG_2979_00088,IMG_2979.MOV,train,Hard,
IMG_2979_00090,IMG_2979.MOV,train,Easy,
IMG_2979_00091,IMG_2979.MOV,train,Easy,
IMG_2979_00092,IMG_2979.MOV,train,Medium,
IMG_2979_00093,IMG_2979.MOV,train,Hard,
IMG_2979_00094,IMG_2979.MOV,train,Hard,
IMG_2980_00000,IMG_2980.MOV,train,Easy,
IMG_2980_00001,IMG_2980.MOV,train,Easy,
IMG_2980_00002,IMG_2980.MOV,train,Easy,
IMG_2980_00006,IMG_2980.MOV,train,Medium,
IMG_2980_00007,IMG_2980.MOV,train,Medium,
IMG_2980_00009,IMG_2980.MOV,train,Medium,
IMG_2980_00010,IMG_2980.MOV,train,Medium,
IMG_2980_00011,IMG_2980.MOV,train,Easy,
IMG_2980_00012,IMG_2980.MOV,train,Medium,
IMG_2980_00013,IMG_2980.MOV,train,Medium,
IMG_2980_00014,IMG_2980.MOV,train,Medium,
IMG_2980_00017,IMG_2980.MOV,train,Medium,
IMG_2980_00018,IMG_2980.MOV,train,Medium,
IMG_2980_00019,IMG_2980.MOV,train,Medium,
IMG_2980_00020,IMG_2980.MOV,train,Easy,
IMG_2980_00021,IMG_2980.MOV,train,Easy,
IMG_2980_00022,IMG_2980.MOV,train,Medium,
IMG_2980_00023,IMG_2980.MOV,train,Medium,
IMG_2980_00025,IMG_2980.MOV,train,Medium,
IMG_2980_00026,IMG_2980.MOV,train,Easy,
IMG_2980_00027,IMG_2980.MOV,train,Easy,
IMG_2980_00028,IMG_2980.MOV,train,Easy,
IMG_2980_00029,IMG_2980.MOV,train,Easy,
IMG_2980_00030,IMG_2980.MOV,train,Easy,
IMG_2980_00033,IMG_2980.MOV,train,Easy,
IMG_2980_00034,IMG_2980.MOV,train,Easy,
IMG_2980_00035,IMG_2980.MOV,train,Easy,
IMG_2980_00036,IMG_2980.MOV,train,Easy,
IMG_2980_00038,IMG_2980.MOV,train,Easy,
IMG_2980_00039,IMG_2980.MOV,train,Easy,
IMG_2980_00040,IMG_2980.MOV,train,Medium,
IMG_2980_00042,IMG_2980.MOV,train,Medium,
IMG_2980_00044,IMG_2980.MOV,train,Medium,
IMG_2980_00046,IMG_2980.MOV,train,Medium,
IMG_2980_00047,IMG_2980.MOV,train,Medium,
IMG_2980_00048,IMG_2980.MOV,train,Medium,
IMG_2980_00049,IMG_2980.MOV,train,Easy,
IMG_2980_00050,IMG_2980.MOV,train,Medium,
IMG_2980_00052,IMG_2980.MOV,train,Easy,
IMG_2980_00053,IMG_2980.MOV,train,Easy,
IMG_2980_00054,IMG_2980.MOV,train,Medium,
IMG_2980_00055,IMG_2980.MOV,train,Medium,
IMG_2980_00056,IMG_2980.MOV,train,Easy,
IMG_2980_00057,IMG_2980.MOV,train,Easy,
IMG_2980_00058,IMG_2980.MOV,train,Hard,
IMG_2980_00059,IMG_2980.MOV,train,Medium,
IMG_2980_00061,IMG_2980.MOV,train,Medium,
IMG_2980_00062,IMG_2980.MOV,train,Medium,
IMG_2980_00064,IMG_2980.MOV,train,Hard,
IMG_2980_00065,IMG_2980.MOV,train,Easy,
IMG_2980_00066,IMG_2980.MOV,train,Hard,
IMG_2980_00067,IMG_2980.MOV,train,Hard,
IMG_2980_00068,IMG_2980.MOV,train,Medium,
IMG_2980_00069,IMG_2980.MOV,train,Hard,
IMG_2980_00070,IMG_2980.MOV,train,Medium,
IMG_2980_00071,IMG_2980.MOV,train,Medium,
IMG_2980_00072,IMG_2980.MOV,train,Medium,
IMG_2980_00073,IMG_2980.MOV,train,Easy,
IMG_2980_00074,IMG_2980.MOV,train,Hard,
IMG_2980_00075,IMG_2980.MOV,train,Hard,
IMG_2980_00076,IMG_2980.MOV,train,Medium,
IMG_2980_00077,IMG_2980.MOV,train,Medium,
IMG_2980_00078,IMG_2980.MOV,train,Medium,
IMG_2980_00081,IMG_2980.MOV,train,Hard,
IMG_2980_00083,IMG_2980.MOV,train,Medium,
IMG_2980_00084,IMG_2980.MOV,train,Easy,
IMG_2980_00085,IMG_2980.MOV,train,Hard,
IMG_2980_00087,IMG_2980.MOV,train,Medium,
IMG_2980_00088,IMG_2980.MOV,train,Hard,
IMG_2980_00089,IMG_2980.MOV,train,Easy,
IMG_2980_00090,IMG_2980.MOV,train,Hard,
IMG_2980_00091,IMG_2980.MOV,train,Medium,
IMG_2980_00092,IMG_2980.MOV,train,Medium,
IMG_2980_00095,IMG_2980.MOV,train,Medium,
IMG_2980_00096,IMG_2980.MOV,train,Medium,
IMG_2980_00097,IMG_2980.MOV,train,Medium,
IMG_2980_00098,IMG_2980.MOV,train,Hard,
IMG_2980_00100,IMG_2980.MOV,train,Medium,
IMG_2980_00104,IMG_2980.MOV,train,Hard,
IMG_2980_00106,IMG_2980.MOV,train,Medium,
IMG_2980_00108,IMG_2980.MOV,train,Medium,
IMG_2980_00109,IMG_2980.MOV,train,Easy,
IMG_2980_00110,IMG_2980.MOV,train,Hard,
IMG_2980_00111,IMG_2980.MOV,train,Medium,
IMG_2980_00112,IMG_2980.MOV,train,Hard,
IMG_2980_00113,IMG_2980.MOV,train,Hard,
IMG_2980_00114,IMG_2980.MOV,train,Hard,
IMG_2980_00115,IMG_2980.MOV,train,Medium,
IMG_2980_00116,IMG_2980.MOV,train,Medium,
IMG_2980_00118,IMG_2980.MOV,train,Medium,
IMG_2980_00119,IMG_2980.MOV,train,Hard,
IMG_2980_00123,IMG_2980.MOV,train,Medium,
IMG_2980_00124,IMG_2980.MOV,train,Medium,
IMG_2980_00125,IMG_2980.MOV,train,Easy,
IMG_2980_00126,IMG_2980.MOV,train,Medium,
IMG_2980_00127,IMG_2980.MOV,train,Medium,
IMG_2980_00128,IMG_2980.MOV,train,Easy,
IMG_2980_00129,IMG_2980.MOV,train,Easy,
IMG_2980_00130,IMG_2980.MOV,train,Easy,
IMG_2980_00131,IMG_2980.MOV,train,Medium,
IMG_2980_00132,IMG_2980.MOV,train,Medium,
IMG_2980_00133,IMG_2980.MOV,train,Hard,
IMG_2980_00134,IMG_2980.MOV,train,Medium,
IMG_2980_00135,IMG_2980.MOV,train,Easy,
IMG_2980_00138,IMG_2980.MOV,train,Easy,
IMG_2980_00139,IMG_2980.MOV,train,Medium,
IMG_2980_00140,IMG_2980.MOV,train,Medium,
IMG_2980_00141,IMG_2980.MOV,train,Easy,
IMG_2980_00142,IMG_2980.MOV,train,Easy,
IMG_2980_00143,IMG_2980.MOV,train,Easy,
IMG_2980_00144,IMG_2980.MOV,train,Medium,
IMG_2980_00146,IMG_2980.MOV,train,Medium,
IMG_2980_00148,IMG_2980.MOV,train,Medium,
IMG_2980_00149,IMG_2980.MOV,train,Medium,
IMG_2980_00150,IMG_2980.MOV,train,Medium,
IMG_2980_00152,IMG_2980.MOV,train,Medium,
IMG_2980_00154,IMG_2980.MOV,train,Medium,
IMG_2980_00155,IMG_2980.MOV,train,Medium,
IMG_2981_00001,IMG_2981.MOV,train,Medium,
IMG_2981_00002,IMG_2981.MOV,train,Medium,
IMG_2981_00003,IMG_2981.MOV,train,Hard,
IMG_2981_00004,IMG_2981.MOV,train,Hard,
IMG_2981_00005,IMG_2981.MOV,train,Hard,
IMG_2981_00006,IMG_2981.MOV,train,Hard,
IMG_2981_00007,IMG_2981.MOV,train,Hard,
IMG_2981_00009,IMG_2981.MOV,train,Hard,
IMG_2981_00010,IMG_2981.MOV,train,Hard,
IMG_2981_00011,IMG_2981.MOV,train,Hard,
IMG_2981_00012,IMG_2981.MOV,train,Hard,
IMG_2981_00013,IMG_2981.MOV,train,Hard,
IMG_2981_00015,IMG_2981.MOV,train,Hard,
IMG_2981_00016,IMG_2981.MOV,train,Hard,
IMG_2981_00018,IMG_2981.MOV,train,Hard,
IMG_2981_00020,IMG_2981.MOV,train,Hard,
IMG_2981_00021,IMG_2981.MOV,train,Hard,
IMG_2981_00022,IMG_2981.MOV,train,Hard,
IMG_2981_00023,IMG_2981.MOV,train,Hard,
IMG_2981_00025,IMG_2981.MOV,train,Hard,
IMG_2981_00031,IMG_2981.MOV,train,Hard,
IMG_2981_00032,IMG_2981.MOV,train,Hard,
IMG_2981_00033,IMG_2981.MOV,train,Hard,
IMG_2981_00034,IMG_2981.MOV,train,Hard,
IMG_2981_00035,IMG_2981.MOV,train,Hard,
IMG_2981_00036,IMG_2981.MOV,train,Hard,
IMG_2981_00037,IMG_2981.MOV,train,Hard,
IMG_2981_00038,IMG_2981.MOV,train,Hard,
IMG_2981_00039,IMG_2981.MOV,train,Hard,
IMG_2981_00040,IMG_2981.MOV,train,Hard,
IMG_2981_00042,IMG_2981.MOV,train,Medium,
IMG_2981_00043,IMG_2981.MOV,train,Medium,
IMG_2981_00049,IMG_2981.MOV,train,Hard,
IMG_2981_00050,IMG_2981.MOV,train,Hard,
IMG_2981_00052,IMG_2981.MOV,train,Medium,
IMG_2981_00054,IMG_2981.MOV,train,Hard,
IMG_2981_00055,IMG_2981.MOV,train,Hard,
IMG_2981_00056,IMG_2981.MOV,train,Hard,
IMG_2981_00057,IMG_2981.MOV,train,Hard,
IMG_2981_00058,IMG_2981.MOV,train,Hard,
IMG_2981_00059,IMG_2981.MOV,train,Hard,
IMG_2981_00060,IMG_2981.MOV,train,Hard,
IMG_2981_00061,IMG_2981.MOV,train,Hard,
IMG_2981_00062,IMG_2981.MOV,train,Hard,
IMG_2981_00063,IMG_2981.MOV,train,Hard,
IMG_2981_00064,IMG_2981.MOV,train,Hard,
IMG_2981_00069,IMG_2981.MOV,train,Hard,
IMG_2981_00071,IMG_2981.MOV,train,Hard,
IMG_2981_00073,IMG_2981.MOV,train,Hard,
IMG_2981_00077,IMG_2981.MOV,train,Hard,
IMG_2981_00078,IMG_2981.MOV,train,Hard,
IMG_2981_00079,IMG_2981.MOV,train,Hard,
IMG_2981_00080,IMG_2981.MOV,train,Hard,
IMG_2981_00081,IMG_2981.MOV,train,Hard,
IMG_2981_00084,IMG_2981.MOV,train,Hard,
IMG_2981_00085,IMG_2981.MOV,train,Hard,
IMG_2981_00086,IMG_2981.MOV,train,Hard,
IMG_2981_00087,IMG_2981.MOV,train,Hard,
IMG_2981_00088,IMG_2981.MOV,train,Hard,
IMG_2981_00089,IMG_2981.MOV,train,Hard,
IMG_2981_00090,IMG_2981.MOV,train,Hard,
IMG_2981_00091,IMG_2981.MOV,train,Hard,
IMG_2981_00092,IMG_2981.MOV,train,Hard,
IMG_2981_00093,IMG_2981.MOV,train,Hard,
IMG_2981_00094,IMG_2981.MOV,train,Hard,
IMG_2981_00095,IMG_2981.MOV,train,Hard,
IMG_2981_00096,IMG_2981.MOV,train,Hard,
IMG_2981_00097,IMG_2981.MOV,train,Hard,
IMG_2981_00098,IMG_2981.MOV,train,Hard,
IMG_2981_00099,IMG_2981.MOV,train,Hard,
IMG_2981_00100,IMG_2981.MOV,train,Hard,
IMG_2981_00101,IMG_2981.MOV,train,Hard,
IMG_2981_00102,IMG_2981.MOV,train,Hard,
IMG_2981_00104,IMG_2981.MOV,train,Hard,
IMG_2981_00105,IMG_2981.MOV,train,Hard,
IMG_2981_00106,IMG_2981.MOV,train,Hard,
IMG_2981_00107,IMG_2981.MOV,train,Hard,
IMG_2981_00111,IMG_2981.MOV,train,Hard,
IMG_2981_00112,IMG_2981.MOV,train,Hard,
IMG_2981_00113,IMG_2981.MOV,train,Hard,
IMG_2981_00114,IMG_2981.MOV,train,Hard,
IMG_2981_00115,IMG_2981.MOV,train,Hard,
IMG_2981_00116,IMG_2981.MOV,train,Hard,
IMG_2981_00117,IMG_2981.MOV,train,Hard,
IMG_2981_00119,IMG_2981.MOV,train,Hard,
IMG_2981_00123,IMG_2981.MOV,train,Hard,
IMG_2981_00124,IMG_2981.MOV,train,Hard,
IMG_2982_00002,IMG_2982.MOV,train,Medium,
IMG_2982_00003,IMG_2982.MOV,train,Medium,
IMG_2982_00004,IMG_2982.MOV,train,Hard,
IMG_2982_00005,IMG_2982.MOV,train,Hard,
IMG_2982_00006,IMG_2982.MOV,train,Medium,
IMG_2982_00007,IMG_2982.MOV,train,Hard,
IMG_2982_00009,IMG_2982.MOV,train,Medium,
IMG_2982_00010,IMG_2982.MOV,train,Hard,
IMG_2982_00011,IMG_2982.MOV,train,Medium,
IMG_2982_00012,IMG_2982.MOV,train,Hard,
IMG_2982_00013,IMG_2982.MOV,train,Hard,
IMG_2982_00014,IMG_2982.MOV,train,Hard,
IMG_2982_00015,IMG_2982.MOV,train,Hard,
IMG_2982_00016,IMG_2982.MOV,train,Medium,
IMG_2982_00017,IMG_2982.MOV,train,Hard,
IMG_2982_00019,IMG_2982.MOV,train,Hard,
IMG_2982_00020,IMG_2982.MOV,train,Hard,
IMG_2982_00021,IMG_2982.MOV,train,Medium,
IMG_2982_00022,IMG_2982.MOV,train,Medium,
IMG_2982_00023,IMG_2982.MOV,train,Hard,
IMG_2982_00024,IMG_2982.MOV,train,Medium,
IMG_2982_00025,IMG_2982.MOV,train,Medium,
IMG_2982_00026,IMG_2982.MOV,train,Hard,
IMG_2982_00027,IMG_2982.MOV,train,Hard,
IMG_2982_00029,IMG_2982.MOV,train,Hard,
IMG_2982_00030,IMG_2982.MOV,train,Medium,
IMG_2982_00032,IMG_2982.MOV,train,Medium,
IMG_2982_00033,IMG_2982.MOV,train,Medium,
IMG_2982_00034,IMG_2982.MOV,train,Hard,
IMG_2982_00036,IMG_2982.MOV,train,Hard,
IMG_2982_00037,IMG_2982.MOV,train,Medium,
IMG_2982_00038,IMG_2982.MOV,train,Hard,
IMG_2982_00039,IMG_2982.MOV,train,Medium,
IMG_2982_00040,IMG_2982.MOV,train,Medium,
IMG_2982_00041,IMG_2982.MOV,train,Medium,
IMG_2982_00042,IMG_2982.MOV,train,Hard,
IMG_2982_00043,IMG_2982.MOV,train,Medium,
IMG_2982_00045,IMG_2982.MOV,train,Medium,
IMG_2982_00046,IMG_2982.MOV,train,Medium,
IMG_2982_00047,IMG_2982.MOV,train,Hard,
IMG_2982_00048,IMG_2982.MOV,train,Medium,
IMG_2982_00049,IMG_2982.MOV,train,Hard,
IMG_2982_00050,IMG_2982.MOV,train,Medium,
IMG_2982_00051,IMG_2982.MOV,train,Hard,
IMG_2982_00053,IMG_2982.MOV,train,Hard,
IMG_2982_00054,IMG_2982.MOV,train,Easy,
IMG_2982_00056,IMG_2982.MOV,train,Medium,
IMG_2982_00057,IMG_2982.MOV,train,Medium,
IMG_2982_00058,IMG_2982.MOV,train,Hard,
IMG_2982_00059,IMG_2982.MOV,train,Medium,
IMG_2982_00061,IMG_2982.MOV,train,Easy,
IMG_2982_00063,IMG_2982.MOV,train,Medium,
IMG_2982_00064,IMG_2982.MOV,train,Medium,
IMG_2982_00065,IMG_2982.MOV,train,Easy,
IMG_2982_00066,IMG_2982.MOV,train,Medium,
IMG_2982_00067,IMG_2982.MOV,train,Hard,
IMG_2982_00068,IMG_2982.MOV,train,Medium,
IMG_2982_00069,IMG_2982.MOV,train,Medium,
IMG_2982_00070,IMG_2982.MOV,train,Hard,
IMG_2982_00071,IMG_2982.MOV,train,Medium,
IMG_2982_00072,IMG_2982.MOV,train,Hard,
IMG_2982_00073,IMG_2982.MOV,train,Medium,
IMG_2982_00074,IMG_2982.MOV,train,Medium,
IMG_2982_00075,IMG_2982.MOV,train,Medium,
IMG_2982_00076,IMG_2982.MOV,train,Medium,
IMG_2982_00077,IMG_2982.MOV,train,Medium,
IMG_2982_00078,IMG_2982.MOV,train,Medium,
IMG_2982_00080,IMG_2982.MOV,train,Medium,
IMG_2982_00081,IMG_2982.MOV,train,Hard,
IMG_2982_00082,IMG_2982.MOV,train,Medium,
IMG_2982_00083,IMG_2982.MOV,train,Hard,
IMG_2982_00084,IMG_2982.MOV,train,Medium,
IMG_2982_00085,IMG_2982.MOV,train,Hard,
IMG_2982_00086,IMG_2982.MOV,train,Medium,
IMG_2982_00087,IMG_2982.MOV,train,Medium,
IMG_2982_00089,IMG_2982.MOV,train,Medium,
IMG_2982_00090,IMG_2982.MOV,train,Easy,
IMG_2982_00091,IMG_2982.MOV,train,Medium,
IMG_2982_00092,IMG_2982.MOV,train,Easy,
IMG_2982_00093,IMG_2982.MOV,train,Hard,
IMG_2982_00094,IMG_2982.MOV,train,Medium,
IMG_2982_00095,IMG_2982.MOV,train,Hard,
IMG_2982_00096,IMG_2982.MOV,train,Hard,
IMG_2982_00097,IMG_2982.MOV,train,Medium,
IMG_2982_00098,IMG_2982.MOV,train,Medium,
IMG_2982_00099,IMG_2982.MOV,train,Medium,
IMG_2982_00100,IMG_2982.MOV,train,Medium,
IMG_2982_00101,IMG_2982.MOV,train,Medium,
IMG_2982_00103,IMG_2982.MOV,train,Medium,
IMG_2982_00104,IMG_2982.MOV,train,Medium,
IMG_2982_00107,IMG_2982.MOV,train,Hard,
IMG_2982_00109,IMG_2982.MOV,train,Medium,
IMG_2982_00110,IMG_2982.MOV,train,Easy,
IMG_2982_00111,IMG_2982.MOV,train,Hard,
IMG_2982_00113,IMG_2982.MOV,train,Hard,
IMG_2982_00121,IMG_2982.MOV,train,Hard,
IMG_2982_00124,IMG_2982.MOV,train,Medium,
IMG_2983_00020,IMG_2983.MOV,train,Easy,
IMG_2983_00033,IMG_2983.MOV,train,Easy,
IMG_2983_00037,IMG_2983.MOV,train,Easy,
IMG_2983_00038,IMG_2983.MOV,train,Easy,
IMG_2983_00040,IMG_2983.MOV,train,Easy,
IMG_2983_00042,IMG_2983.MOV,train,Easy,
IMG_2983_00043,IMG_2983.MOV,train,Easy,
IMG_2983_00050,IMG_2983.MOV,train,Easy,
IMG_2983_00055,IMG_2983.MOV,train,Easy,
IMG_2983_00061,IMG_2983.MOV,train,Easy,
IMG_2983_00065,IMG_2983.MOV,train,Easy,
IMG_2983_00066,IMG_2983.MOV,train,Easy,
IMG_2983_00074,IMG_2983.MOV,train,Easy,
IMG_2983_00075,IMG_2983.MOV,train,Easy,
IMG_2983_00085,IMG_2983.MOV,train,Easy,
IMG_2983_00091,IMG_2983.MOV,train,Medium,
IMG_2983_00093,IMG_2983.MOV,train,Easy,
IMG_2983_00095,IMG_2983.MOV,train,Easy,
IMG_2983_00109,IMG_2983.MOV,train,Medium,
IMG_2983_00113,IMG_2983.MOV,train,Medium,
IMG_2983_00114,IMG_2983.MOV,train,Medium,
IMG_2983_00115,IMG_2983.MOV,train,Medium,
IMG_2983_00116,IMG_2983.MOV,train,Hard,
IMG_2983_00117,IMG_2983.MOV,train,Hard,
IMG_2983_00118,IMG_2983.MOV,train,Medium,
IMG_2983_00119,IMG_2983.MOV,train,Medium,
IMG_2983_00120,IMG_2983.MOV,train,Medium,
IMG_2983_00121,IMG_2983.MOV,train,Medium,
IMG_2983_00123,IMG_2983.MOV,train,Medium,
IMG_2983_00124,IMG_2983.MOV,train,Medium,
IMG_2983_00125,IMG_2983.MOV,train,Medium,
IMG_2983_00126,IMG_2983.MOV,train,Medium,
IMG_2983_00128,IMG_2983.MOV,train,Medium,
IMG_2983_00129,IMG_2983.MOV,train,Hard,
IMG_2983_00130,IMG_2983.MOV,train,Easy,
IMG_2983_00131,IMG_2983.MOV,train,Hard,
IMG_2983_00132,IMG_2983.MOV,train,Easy,
IMG_2983_00133,IMG_2983.MOV,train,Hard,
IMG_2983_00134,IMG_2983.MOV,train,Hard,
IMG_2983_00135,IMG_2983.MOV,train,Easy,
IMG_2983_00137,IMG_2983.MOV,train,Medium,
IMG_2983_00138,IMG_2983.MOV,train,Medium,
IMG_2983_00139,IMG_2983.MOV,train,Easy,
IMG_2983_00140,IMG_2983.MOV,train,Hard,
IMG_2983_00141,IMG_2983.MOV,train,Easy,
IMG_2983_00143,IMG_2983.MOV,train,Easy,
IMG_2983_00145,IMG_2983.MOV,train,Medium,
IMG_2983_00146,IMG_2983.MOV,train,Medium,
IMG_2983_00148,IMG_2983.MOV,train,Medium,
IMG_2983_00149,IMG_2983.MOV,train,Hard,
IMG_2983_00150,IMG_2983.MOV,train,Hard,
IMG_2983_00152,IMG_2983.MOV,train,Medium,
IMG_2983_00153,IMG_2983.MOV,train,Medium,
IMG_2983_00154,IMG_2983.MOV,train,Medium,
IMG_2983_00155,IMG_2983.MOV,train,Medium,
IMG_2983_00157,IMG_2983.MOV,train,Medium,
IMG_2983_00158,IMG_2983.MOV,train,Hard,
IMG_2983_00161,IMG_2983.MOV,train,Medium,
IMG_2983_00163,IMG_2983.MOV,train,Medium,
IMG_2983_00164,IMG_2983.MOV,train,Medium,
IMG_2983_00165,IMG_2983.MOV,train,Hard,
IMG_2983_00166,IMG_2983.MOV,train,Hard,
IMG_2983_00167,IMG_2983.MOV,train,Easy,
IMG_2983_00168,IMG_2983.MOV,train,Hard,
IMG_2983_00169,IMG_2983.MOV,train,Hard,
IMG_2983_00170,IMG_2983.MOV,train,Medium,
IMG_2983_00171,IMG_2983.MOV,train,Easy,
IMG_2983_00172,IMG_2983.MOV,train,Hard,
IMG_2983_00173,IMG_2983.MOV,train,Hard,
IMG_2983_00174,IMG_2983.MOV,train,Medium,
IMG_2983_00175,IMG_2983.MOV,train,Easy,
IMG_2983_00176,IMG_2983.MOV,train,Hard,
IMG_2983_00178,IMG_2983.MOV,train,Hard,
IMG_2983_00179,IMG_2983.MOV,train,Hard,
IMG_2983_00180,IMG_2983.MOV,train,Hard,
IMG_2983_00181,IMG_2983.MOV,train,Medium,
IMG_2984_00001,IMG_2984.MOV,train,Hard,
IMG_2984_00002,IMG_2984.MOV,train,Hard,
IMG_2984_00003,IMG_2984.MOV,train,Hard,
IMG_2984_00009,IMG_2984.MOV,train,Hard,
IMG_2984_00010,IMG_2984.MOV,train,Hard,
IMG_2984_00013,IMG_2984.MOV,train,Hard,
IMG_2984_00014,IMG_2984.MOV,train,Hard,
IMG_2984_00015,IMG_2984.MOV,train,Hard,
IMG_2984_00017,IMG_2984.MOV,train,Hard,
IMG_2984_00018,IMG_2984.MOV,train,Hard,
IMG_2984_00019,IMG_2984.MOV,train,Hard,
IMG_2984_00020,IMG_2984.MOV,train,Hard,
IMG_2984_00021,IMG_2984.MOV,train,Hard,
IMG_2984_00022,IMG_2984.MOV,train,Hard,
IMG_2984_00023,IMG_2984.MOV,train,Hard,
IMG_2984_00024,IMG_2984.MOV,train,Hard,
IMG_2984_00025,IMG_2984.MOV,train,Medium,
IMG_2984_00026,IMG_2984.MOV,train,Medium,
IMG_2984_00029,IMG_2984.MOV,train,Hard,
IMG_2984_00030,IMG_2984.MOV,train,Hard,
IMG_2984_00032,IMG_2984.MOV,train,Hard,
IMG_2984_00033,IMG_2984.MOV,train,Hard,
IMG_2984_00034,IMG_2984.MOV,train,Hard,
IMG_2984_00035,IMG_2984.MOV,train,Hard,
IMG_2984_00036,IMG_2984.MOV,train,Hard,
IMG_2984_00037,IMG_2984.MOV,train,Hard,
IMG_2984_00038,IMG_2984.MOV,train,Hard,
IMG_2984_00039,IMG_2984.MOV,train,Hard,
IMG_2984_00042,IMG_2984.MOV,train,Hard,
IMG_2984_00043,IMG_2984.MOV,train,Medium,
IMG_2984_00054,IMG_2984.MOV,train,Hard,
IMG_2984_00055,IMG_2984.MOV,train,Hard,
IMG_2984_00057,IMG_2984.MOV,train,Hard,
IMG_2984_00059,IMG_2984.MOV,train,Hard,
IMG_2984_00060,IMG_2984.MOV,train,Hard,
IMG_2984_00061,IMG_2984.MOV,train,Hard,
IMG_2984_00062,IMG_2984.MOV,train,Hard,
IMG_2984_00063,IMG_2984.MOV,train,Hard,
IMG_2984_00067,IMG_2984.MOV,train,Hard,
IMG_2984_00068,IMG_2984.MOV,train,Medium,
IMG_2984_00069,IMG_2984.MOV,train,Hard,
IMG_2984_00070,IMG_2984.MOV,train,Hard,
IMG_2984_00073,IMG_2984.MOV,train,Hard,
IMG_2984_00074,IMG_2984.MOV,train,Hard,
IMG_2984_00075,IMG_2984.MOV,train,Hard,
IMG_2984_00076,IMG_2984.MOV,train,Hard,
IMG_2984_00077,IMG_2984.MOV,train,Hard,
IMG_2984_00078,IMG_2984.MOV,train,Hard,
IMG_2984_00079,IMG_2984.MOV,train,Medium,
IMG_2984_00081,IMG_2984.MOV,train,Medium,
IMG_2984_00082,IMG_2984.MOV,train,Medium,
IMG_2984_00084,IMG_2984.MOV,train,Medium,
IMG_2984_00085,IMG_2984.MOV,train,Hard,
IMG_2984_00087,IMG_2984.MOV,train,Hard,
IMG_2984_00088,IMG_2984.MOV,train,Medium,
IMG_2984_00089,IMG_2984.MOV,train,Hard,
IMG_2984_00091,IMG_2984.MOV,train,Medium,
IMG_2984_00092,IMG_2984.MOV,train,Medium,
IMG_2984_00093,IMG_2984.MOV,train,Medium,
IMG_2984_00094,IMG_2984.MOV,train,Medium,
IMG_2984_00095,IMG_2984.MOV,train,Hard,
IMG_2984_00096,IMG_2984.MOV,train,Hard,
IMG_2984_00097,IMG_2984.MOV,train,Hard,
IMG_2984_00098,IMG_2984.MOV,train,Hard,
IMG_2984_00099,IMG_2984.MOV,train,Hard,
IMG_2984_00100,IMG_2984.MOV,train,Hard,
IMG_2984_00101,IMG_2984.MOV,train,Hard,
IMG_2984_00102,IMG_2984.MOV,train,Hard,
IMG_2984_00103,IMG_2984.MOV,train,Medium,
IMG_2984_00104,IMG_2984.MOV,train,Medium,
IMG_2984_00105,IMG_2984.MOV,train,Hard,
IMG_2984_00106,IMG_2984.MOV,train,Hard,
IMG_2984_00107,IMG_2984.MOV,train,Hard,
IMG_2984_00108,IMG_2984.MOV,train,Hard,
IMG_2984_00109,IMG_2984.MOV,train,Hard,
IMG_2984_00111,IMG_2984.MOV,train,Hard,
IMG_2984_00112,IMG_2984.MOV,train,Hard,
IMG_2984_00113,IMG_2984.MOV,train,Hard,
IMG_2984_00114,IMG_2984.MOV,train,Hard,
IMG_2984_00116,IMG_2984.MOV,train,Hard,
IMG_2984_00117,IMG_2984.MOV,train,Hard,
IMG_2984_00118,IMG_2984.MOV,train,Hard,
IMG_2984_00119,IMG_2984.MOV,train,Hard,
IMG_2984_00120,IMG_2984.MOV,train,Hard,
IMG_2984_00121,IMG_2984.MOV,train,Hard,
IMG_2984_00122,IMG_2984.MOV,train,Hard,
IMG_2984_00123,IMG_2984.MOV,train,Hard,
IMG_2984_00124,IMG_2984.MOV,train,Hard,
IMG_2984_00128,IMG_2984.MOV,train,Hard,
IMG_2984_00129,IMG_2984.MOV,train,Hard,
IMG_2984_00130,IMG_2984.MOV,train,Hard,
IMG_2984_00131,IMG_2984.MOV,train,Hard,
IMG_2984_00132,IMG_2984.MOV,train,Hard,
IMG_2984_00133,IMG_2984.MOV,train,Hard,
IMG_2984_00134,IMG_2984.MOV,train,Hard,
IMG_2984_00136,IMG_2984.MOV,train,Hard,
IMG_2984_00137,IMG_2984.MOV,train,Medium,
IMG_2984_00140,IMG_2984.MOV,train,Medium,
IMG_2984_00141,IMG_2984.MOV,train,Hard,
IMG_2984_00142,IMG_2984.MOV,train,Medium,
IMG_2984_00143,IMG_2984.MOV,train,Medium,
IMG_2984_00146,IMG_2984.MOV,train,Medium,
IMG_2984_00147,IMG_2984.MOV,train,Hard,
IMG_2984_00148,IMG_2984.MOV,train,Medium,
IMG_2984_00149,IMG_2984.MOV,train,Medium,
IMG_2984_00150,IMG_2984.MOV,train,Medium,
IMG_2984_00152,IMG_2984.MOV,train,Medium,
IMG_2984_00153,IMG_2984.MOV,train,Medium,
IMG_2984_00155,IMG_2984.MOV,train,Hard,
IMG_2984_00156,IMG_2984.MOV,train,Medium,
IMG_2984_00157,IMG_2984.MOV,train,Medium,
IMG_2984_00158,IMG_2984.MOV,train,Medium,
IMG_2984_00159,IMG_2984.MOV,train,Medium,
IMG_2984_00160,IMG_2984.MOV,train,Medium,
IMG_2984_00161,IMG_2984.MOV,train,Medium,
IMG_2984_00162,IMG_2984.MOV,train,Medium,
IMG_2984_00163,IMG_2984.MOV,train,Hard,
IMG_2984_00164,IMG_2984.MOV,train,Medium,
IMG_2984_00165,IMG_2984.MOV,train,Medium,
IMG_2984_00167,IMG_2984.MOV,train,Medium,
IMG_2984_00168,IMG_2984.MOV,train,Hard,
IMG_2984_00169,IMG_2984.MOV,train,Hard,
IMG_2984_00170,IMG_2984.MOV,train,Hard,
IMG_2984_00171,IMG_2984.MOV,train,Hard,
IMG_2984_00172,IMG_2984.MOV,train,Medium,
IMG_2984_00173,IMG_2984.MOV,train,Medium,
IMG_2984_00174,IMG_2984.MOV,train,Medium,
IMG_2984_00175,IMG_2984.MOV,train,Medium,
IMG_2984_00176,IMG_2984.MOV,train,Hard,
IMG_2985_00002,IMG_2985.MOV,train,Medium,
IMG_2985_00004,IMG_2985.MOV,train,Medium,
IMG_2985_00006,IMG_2985.MOV,train,Medium,
IMG_2985_00010,IMG_2985.MOV,train,Medium,
IMG_2985_00014,IMG_2985.MOV,train,Medium,
IMG_2985_00015,IMG_2985.MOV,train,Hard,
IMG_2985_00016,IMG_2985.MOV,train,Hard,
IMG_2985_00018,IMG_2985.MOV,train,Medium,
IMG_2985_00020,IMG_2985.MOV,train,Hard,
IMG_2985_00022,IMG_2985.MOV,train,Hard,
IMG_2985_00023,IMG_2985.MOV,train,Hard,
IMG_2985_00024,IMG_2985.MOV,train,Medium,
IMG_2985_00025,IMG_2985.MOV,train,Easy,
IMG_2985_00027,IMG_2985.MOV,train,Easy,
IMG_2985_00028,IMG_2985.MOV,train,Easy,
IMG_2985_00029,IMG_2985.MOV,train,Hard,
IMG_2985_00031,IMG_2985.MOV,train,Easy,
IMG_2985_00032,IMG_2985.MOV,train,Medium,
IMG_2985_00033,IMG_2985.MOV,train,Hard,
IMG_2985_00034,IMG_2985.MOV,train,Hard,
IMG_2985_00035,IMG_2985.MOV,train,Medium,
IMG_2985_00036,IMG_2985.MOV,train,Hard,
IMG_2985_00038,IMG_2985.MOV,train,Hard,
IMG_2985_00041,IMG_2985.MOV,train,Easy,
IMG_2985_00042,IMG_2985.MOV,train,Medium,
IMG_2985_00043,IMG_2985.MOV,train,Medium,
IMG_2985_00045,IMG_2985.MOV,train,Medium,
IMG_2985_00046,IMG_2985.MOV,train,Medium,
IMG_2985_00047,IMG_2985.MOV,train,Easy,
IMG_2985_00048,IMG_2985.MOV,train,Medium,
IMG_2985_00049,IMG_2985.MOV,train,Medium,
IMG_2985_00050,IMG_2985.MOV,train,Medium,
IMG_2985_00051,IMG_2985.MOV,train,Hard,
IMG_2985_00052,IMG_2985.MOV,train,Medium,
IMG_2985_00053,IMG_2985.MOV,train,Medium,
IMG_2985_00054,IMG_2985.MOV,train,Medium,
IMG_2985_00056,IMG_2985.MOV,train,Hard,
IMG_2985_00058,IMG_2985.MOV,train,Medium,
IMG_2985_00060,IMG_2985.MOV,train,Easy,
IMG_2985_00062,IMG_2985.MOV,train,Hard,
IMG_2985_00064,IMG_2985.MOV,train,Easy,
IMG_2985_00066,IMG_2985.MOV,train,Hard,
IMG_2985_00067,IMG_2985.MOV,train,Easy,
IMG_2985_00068,IMG_2985.MOV,train,Medium,
IMG_2985_00071,IMG_2985.MOV,train,Hard,
IMG_2985_00074,IMG_2985.MOV,train,Easy,
IMG_2985_00075,IMG_2985.MOV,train,Hard,
IMG_2985_00076,IMG_2985.MOV,train,Medium,
IMG_2985_00077,IMG_2985.MOV,train,Hard,
IMG_2985_00078,IMG_2985.MOV,train,Hard,
IMG_2985_00079,IMG_2985.MOV,train,Medium,
IMG_2985_00080,IMG_2985.MOV,train,Hard,
IMG_2985_00081,IMG_2985.MOV,train,Medium,
IMG_2985_00082,IMG_2985.MOV,train,Hard,
IMG_2985_00085,IMG_2985.MOV,train,Medium,
IMG_2985_00087,IMG_2985.MOV,train,Medium,
IMG_2985_00089,IMG_2985.MOV,train,Medium,
IMG_2985_00090,IMG_2985.MOV,train,Medium,
IMG_2985_00091,IMG_2985.MOV,train,Hard,
IMG_2985_00092,IMG_2985.MOV,train,Hard,
IMG_2985_00093,IMG_2985.MOV,train,Medium,
IMG_2985_00094,IMG_2985.MOV,train,Medium,
IMG_2985_00095,IMG_2985.MOV,train,Medium,
IMG_2985_00096,IMG_2985.MOV,train,Medium,
IMG_2985_00098,IMG_2985.MOV,train,Easy,
IMG_2985_00099,IMG_2985.MOV,train,Hard,
IMG_2985_00100,IMG_2985.MOV,train,Medium,
IMG_2985_00101,IMG_2985.MOV,train,Medium,
IMG_2985_00102,IMG_2985.MOV,train,Hard,
IMG_2985_00103,IMG_2985.MOV,train,Medium,
IMG_2985_00104,IMG_2985.MOV,train,Medium,
IMG_2985_00106,IMG_2985.MOV,train,Medium,
IMG_2985_00108,IMG_2985.MOV,train,Easy,
IMG_2985_00110,IMG_2985.MOV,train,Hard,
IMG_2985_00112,IMG_2985.MOV,train,Medium,
IMG_2985_00114,IMG_2985.MOV,train,Hard,
IMG_2985_00116,IMG_2985.MOV,train,Medium,
IMG_2985_00117,IMG_2985.MOV,train,Medium,
IMG_2985_00119,IMG_2985.MOV,train,Hard,
IMG_2986_00002,IMG_2986.MOV,train,Medium,
IMG_2986_00004,IMG_2986.MOV,train,Medium,
IMG_2986_00005,IMG_2986.MOV,train,Medium,
IMG_2986_00006,IMG_2986.MOV,train,Medium,
IMG_2986_00008,IMG_2986.MOV,train,Medium,
IMG_2986_00009,IMG_2986.MOV,train,Medium,
IMG_2986_00011,IMG_2986.MOV,train,Medium,
IMG_2986_00012,IMG_2986.MOV,train,Medium,
IMG_2986_00013,IMG_2986.MOV,train,Medium,
IMG_2986_00014,IMG_2986.MOV,train,Medium,
IMG_2986_00016,IMG_2986.MOV,train,Medium,
IMG_2986_00017,IMG_2986.MOV,train,Medium,
IMG_2986_00018,IMG_2986.MOV,train,Medium,
IMG_2986_00019,IMG_2986.MOV,train,Medium,
IMG_2986_00020,IMG_2986.MOV,train,Medium,
IMG_2986_00021,IMG_2986.MOV,train,Medium,
IMG_2986_00022,IMG_2986.MOV,train,Hard,
IMG_2986_00023,IMG_2986.MOV,train,Medium,
IMG_2986_00024,IMG_2986.MOV,train,Hard,
IMG_2986_00025,IMG_2986.MOV,train,Hard,
IMG_2986_00026,IMG_2986.MOV,train,Hard,
IMG_2986_00027,IMG_2986.MOV,train,Hard,
IMG_2986_00028,IMG_2986.MOV,train,Hard,
IMG_2986_00029,IMG_2986.MOV,train,Hard,
IMG_2986_00033,IMG_2986.MOV,train,Hard,
IMG_2986_00043,IMG_2986.MOV,train,Hard,
IMG_2986_00044,IMG_2986.MOV,train,Hard,
IMG_2986_00045,IMG_2986.MOV,train,Hard,
IMG_2986_00046,IMG_2986.MOV,train,Hard,
IMG_2986_00047,IMG_2986.MOV,train,Hard,
IMG_2986_00048,IMG_2986.MOV,train,Hard,
IMG_2986_00049,IMG_2986.MOV,train,Hard,
IMG_2986_00050,IMG_2986.MOV,train,Hard,
IMG_2986_00051,IMG_2986.MOV,train,Hard,
IMG_2986_00052,IMG_2986.MOV,train,Hard,
IMG_2986_00053,IMG_2986.MOV,train,Hard,
IMG_2986_00054,IMG_2986.MOV,train,Hard,
IMG_2986_00055,IMG_2986.MOV,train,Hard,
IMG_2986_00056,IMG_2986.MOV,train,Hard,
IMG_2986_00057,IMG_2986.MOV,train,Hard,
IMG_2986_00058,IMG_2986.MOV,train,Hard,
IMG_2986_00059,IMG_2986.MOV,train,Hard,
IMG_2986_00060,IMG_2986.MOV,train,Hard,
IMG_2986_00061,IMG_2986.MOV,train,Hard,
IMG_2986_00062,IMG_2986.MOV,train,Hard,
IMG_2986_00063,IMG_2986.MOV,train,Hard,
IMG_2986_00064,IMG_2986.MOV,train,Hard,
IMG_2986_00065,IMG_2986.MOV,train,Hard,
IMG_2986_00067,IMG_2986.MOV,train,Hard,
IMG_2986_00068,IMG_2986.MOV,train,Hard,
IMG_2986_00069,IMG_2986.MOV,train,Hard,
IMG_2986_00070,IMG_2986.MOV,train,Hard,
IMG_2986_00071,IMG_2986.MOV,train,Hard,
IMG_2986_00072,IMG_2986.MOV,train,Hard,
IMG_2986_00073,IMG_2986.MOV,train,Hard,
IMG_2986_00074,IMG_2986.MOV,train,Medium,
IMG_2986_00076,IMG_2986.MOV,train,Hard,
IMG_2986_00077,IMG_2986.MOV,train,Hard,
IMG_2986_00078,IMG_2986.MOV,train,Hard,
IMG_2986_00079,IMG_2986.MOV,train,Hard,
IMG_2986_00080,IMG_2986.MOV,train,Hard,
IMG_2986_00081,IMG_2986.MOV,train,Hard,
IMG_2986_00082,IMG_2986.MOV,train,Hard,
IMG_2986_00083,IMG_2986.MOV,train,Medium,
IMG_2986_00084,IMG_2986.MOV,train,Medium,
IMG_2986_00085,IMG_2986.MOV,train,Hard,
IMG_2986_00086,IMG_2986.MOV,train,Hard,
IMG_2986_00087,IMG_2986.MOV,train,Hard,
IMG_2986_00089,IMG_2986.MOV,train,Hard,
IMG_2986_00091,IMG_2986.MOV,train,Hard,
IMG_2986_00094,IMG_2986.MOV,train,Hard,
IMG_2986_00095,IMG_2986.MOV,train,Hard,
IMG_2986_00097,IMG_2986.MOV,train,Hard,
IMG_2986_00098,IMG_2986.MOV,train,Hard,
IMG_2986_00099,IMG_2986.MOV,train,Medium,
IMG_2986_00100,IMG_2986.MOV,train,Hard,
IMG_2986_00101,IMG_2986.MOV,train,Hard,
IMG_2986_00102,IMG_2986.MOV,train,Hard,
IMG_2986_00103,IMG_2986.MOV,train,Medium,
IMG_2986_00104,IMG_2986.MOV,train,Hard,
IMG_2986_00105,IMG_2986.MOV,train,Hard,
IMG_2986_00106,IMG_2986.MOV,train,Hard,
IMG_2986_00107,IMG_2986.MOV,train,Hard,
IMG_2986_00108,IMG_2986.MOV,train,Hard,
IMG_2986_00109,IMG_2986.MOV,train,Hard,
IMG_2986_00110,IMG_2986.MOV,train,Hard,
IMG_2986_00111,IMG_2986.MOV,train,Hard,
IMG_2986_00112,IMG_2986.MOV,train,Hard,
IMG_2986_00113,IMG_2986.MOV,train,Hard,
IMG_2986_00114,IMG_2986.MOV,train,Hard,
IMG_2986_00122,IMG_2986.MOV,train,Hard,
IMG_2986_00123,IMG_2986.MOV,train,Hard,
IMG_2986_00124,IMG_2986.MOV,train,Hard,
IMG_2986_00125,IMG_2986.MOV,train,Hard,
IMG_2986_00126,IMG_2986.MOV,train,Hard,
IMG_2986_00127,IMG_2986.MOV,train,Hard,
IMG_2986_00128,IMG_2986.MOV,train,Hard,
IMG_2986_00129,IMG_2986.MOV,train,Hard,
IMG_2986_00130,IMG_2986.MOV,train,Hard,
IMG_2986_00131,IMG_2986.MOV,train,Hard,
IMG_2986_00132,IMG_2986.MOV,train,Hard,
IMG_2986_00134,IMG_2986.MOV,train,Hard,
IMG_2986_00135,IMG_2986.MOV,train,Hard,
IMG_2986_00136,IMG_2986.MOV,train,Hard,
IMG_2986_00137,IMG_2986.MOV,train,Hard,
IMG_2986_00138,IMG_2986.MOV,train,Hard,
IMG_2986_00139,IMG_2986.MOV,train,Hard,
IMG_2987_00001,IMG_2987.MOV,train,Medium,
IMG_2987_00002,IMG_2987.MOV,train,Hard,
IMG_2987_00003,IMG_2987.MOV,train,Hard,
IMG_2987_00006,IMG_2987.MOV,train,Medium,
IMG_2987_00007,IMG_2987.MOV,train,Easy,
IMG_2987_00009,IMG_2987.MOV,train,Hard,
IMG_2987_00010,IMG_2987.MOV,train,Medium,
IMG_2987_00011,IMG_2987.MOV,train,Medium,
IMG_2987_00012,IMG_2987.MOV,train,Medium,
IMG_2987_00013,IMG_2987.MOV,train,Medium,
IMG_2987_00015,IMG_2987.MOV,train,Easy,
IMG_2987_00016,IMG_2987.MOV,train,Hard,
IMG_2987_00017,IMG_2987.MOV,train,Medium,
IMG_2987_00018,IMG_2987.MOV,train,Medium,
IMG_2987_00020,IMG_2987.MOV,train,Medium,
IMG_2987_00021,IMG_2987.MOV,train,Medium,
IMG_2987_00023,IMG_2987.MOV,train,Medium,
IMG_2988_00001,IMG_2988.MOV,train,Easy,
IMG_2988_00002,IMG_2988.MOV,train,Easy,
IMG_2988_00004,IMG_2988.MOV,train,Easy,
IMG_2988_00006,IMG_2988.MOV,train,Medium,
IMG_2988_00008,IMG_2988.MOV,train,Easy,
IMG_2988_00010,IMG_2988.MOV,train,Medium,
IMG_2988_00012,IMG_2988.MOV,train,Medium,
IMG_2988_00014,IMG_2988.MOV,train,Medium,
IMG_2988_00015,IMG_2988.MOV,train,Medium,
IMG_2988_00016,IMG_2988.MOV,train,Hard,
IMG_2988_00017,IMG_2988.MOV,train,Medium,
IMG_2988_00018,IMG_2988.MOV,train,Medium,
IMG_2988_00019,IMG_2988.MOV,train,Medium,
IMG_2988_00020,IMG_2988.MOV,train,Hard,
IMG_2988_00021,IMG_2988.MOV,train,Hard,
IMG_2988_00022,IMG_2988.MOV,train,Medium,
IMG_2988_00023,IMG_2988.MOV,train,Hard,
IMG_2988_00024,IMG_2988.MOV,train,Hard,
IMG_2988_00026,IMG_2988.MOV,train,Hard,
IMG_2988_00027,IMG_2988.MOV,train,Hard,
IMG_2988_00028,IMG_2988.MOV,train,Medium,
IMG_2988_00029,IMG_2988.MOV,train,Hard,
IMG_2988_00030,IMG_2988.MOV,train,Medium,
IMG_2988_00031,IMG_2988.MOV,train,Medium,
IMG_2988_00032,IMG_2988.MOV,train,Medium,
IMG_2988_00033,IMG_2988.MOV,train,Medium,
IMG_2988_00034,IMG_2988.MOV,train,Medium,
IMG_2988_00035,IMG_2988.MOV,train,Hard,
IMG_2988_00036,IMG_2988.MOV,train,Hard,
IMG_2988_00037,IMG_2988.MOV,train,Medium,
IMG_2988_00038,IMG_2988.MOV,train,Hard,
IMG_2988_00039,IMG_2988.MOV,train,Medium,
IMG_2988_00041,IMG_2988.MOV,train,Hard,
IMG_2988_00043,IMG_2988.MOV,train,Medium,
IMG_2988_00044,IMG_2988.MOV,train,Medium,
IMG_2988_00045,IMG_2988.MOV,train,Hard,
IMG_2988_00046,IMG_2988.MOV,train,Medium,
IMG_2988_00047,IMG_2988.MOV,train,Medium,
IMG_2988_00048,IMG_2988.MOV,train,Medium,
IMG_2988_00049,IMG_2988.MOV,train,Hard,
IMG_2988_00050,IMG_2988.MOV,train,Medium,
IMG_2988_00051,IMG_2988.MOV,train,Medium,
IMG_2988_00055,IMG_2988.MOV,train,Medium,
IMG_2988_00065,IMG_2988.MOV,train,Medium,
IMG_2988_00066,IMG_2988.MOV,train,Hard,
IMG_2988_00069,IMG_2988.MOV,train,Medium,
IMG_2988_00070,IMG_2988.MOV,train,Easy,
IMG_2988_00074,IMG_2988.MOV,train,Medium,
IMG_2988_00076,IMG_2988.MOV,train,Hard,
IMG_2988_00077,IMG_2988.MOV,train,Medium,
IMG_2988_00079,IMG_2988.MOV,train,Hard,
IMG_2988_00080,IMG_2988.MOV,train,Easy,
IMG_2988_00081,IMG_2988.MOV,train,Medium,
IMG_2988_00082,IMG_2988.MOV,train,Medium,
IMG_2988_00083,IMG_2988.MOV,train,Medium,
IMG_2988_00084,IMG_2988.MOV,train,Medium,
IMG_2988_00100,IMG_2988.MOV,train,Medium,
IMG_2988_00101,IMG_2988.MOV,train,Medium,
IMG_2988_00102,IMG_2988.MOV,train,Medium,
IMG_2988_00103,IMG_2988.MOV,train,Hard,
IMG_2988_00104,IMG_2988.MOV,train,Medium,
IMG_2988_00105,IMG_2988.MOV,train,Medium,
IMG_2988_00106,IMG_2988.MOV,train,Medium,
IMG_2988_00111,IMG_2988.MOV,train,Medium,
IMG_2988_00113,IMG_2988.MOV,train,Medium,
IMG_2988_00114,IMG_2988.MOV,train,Medium,
IMG_2988_00175,IMG_2988.MOV,train,Hard,
IMG_2988_00176,IMG_2988.MOV,train,Hard,
IMG_2988_00178,IMG_2988.MOV,train,Hard,
IMG_2988_00182,IMG_2988.MOV,train,Hard,
IMG_2989_00009,IMG_2989.MOV,train,Hard,
IMG_2989_00010,IMG_2989.MOV,train,Medium,
IMG_2989_00011,IMG_2989.MOV,train,Medium,
IMG_2989_00015,IMG_2989.MOV,train,Hard,
IMG_2989_00016,IMG_2989.MOV,train,Hard,
IMG_2989_00017,IMG_2989.MOV,train,Hard,
IMG_2989_00018,IMG_2989.MOV,train,Hard,
IMG_2989_00019,IMG_2989.MOV,train,Hard,
IMG_2989_00020,IMG_2989.MOV,train,Hard,
IMG_2989_00021,IMG_2989.MOV,train,Hard,
IMG_2989_00022,IMG_2989.MOV,train,Medium,
IMG_2989_00023,IMG_2989.MOV,train,Hard,
IMG_2989_00024,IMG_2989.MOV,train,Hard,
IMG_2989_00025,IMG_2989.MOV,train,Hard,
IMG_2989_00026,IMG_2989.MOV,train,Hard,
IMG_2989_00027,IMG_2989.MOV,train,Hard,
IMG_2989_00028,IMG_2989.MOV,train,Hard,
IMG_2989_00029,IMG_2989.MOV,train,Hard,
IMG_2989_00030,IMG_2989.MOV,train,Hard,
IMG_2989_00031,IMG_2989.MOV,train,Hard,
IMG_2989_00032,IMG_2989.MOV,train,Hard,
IMG_2989_00033,IMG_2989.MOV,train,Hard,
IMG_2989_00034,IMG_2989.MOV,train,Hard,
IMG_2989_00035,IMG_2989.MOV,train,Medium,
IMG_2989_00036,IMG_2989.MOV,train,Medium,
IMG_2989_00044,IMG_2989.MOV,train,Hard,
IMG_2989_00046,IMG_2989.MOV,train,Hard,
IMG_2989_00048,IMG_2989.MOV,train,Hard,
IMG_2989_00049,IMG_2989.MOV,train,Medium,
IMG_2989_00050,IMG_2989.MOV,train,Hard,
IMG_2989_00051,IMG_2989.MOV,train,Medium,
IMG_2989_00053,IMG_2989.MOV,train,Hard,
IMG_2989_00055,IMG_2989.MOV,train,Hard,
IMG_2989_00056,IMG_2989.MOV,train,Hard,
IMG_2989_00057,IMG_2989.MOV,train,Hard,
IMG_2989_00058,IMG_2989.MOV,train,Hard,
IMG_2989_00063,IMG_2989.MOV,train,Hard,
IMG_2989_00064,IMG_2989.MOV,train,Hard,
IMG_2989_00065,IMG_2989.MOV,train,Hard,
IMG_2989_00066,IMG_2989.MOV,train,Hard,
IMG_2989_00067,IMG_2989.MOV,train,Hard,
IMG_2989_00068,IMG_2989.MOV,train,Hard,
IMG_2989_00069,IMG_2989.MOV,train,Hard,
IMG_2989_00070,IMG_2989.MOV,train,Hard,
IMG_2990_00001,IMG_2990.MOV,train,Medium,
IMG_2990_00003,IMG_2990.MOV,train,Hard,
IMG_2990_00004,IMG_2990.MOV,train,Easy,
IMG_2990_00005,IMG_2990.MOV,train,Hard,
IMG_2990_00006,IMG_2990.MOV,train,Medium,
IMG_2990_00007,IMG_2990.MOV,train,Hard,
IMG_2990_00009,IMG_2990.MOV,train,Medium,
IMG_2990_00011,IMG_2990.MOV,train,Hard,
IMG_2990_00012,IMG_2990.MOV,train,Medium,
IMG_2990_00013,IMG_2990.MOV,train,Hard,
IMG_2990_00014,IMG_2990.MOV,train,Medium,
IMG_2990_00015,IMG_2990.MOV,train,Medium,
IMG_2990_00016,IMG_2990.MOV,train,Easy,
IMG_2990_00017,IMG_2990.MOV,train,Medium,
IMG_2990_00018,IMG_2990.MOV,train,Hard,
IMG_2990_00019,IMG_2990.MOV,train,Hard,
IMG_2990_00020,IMG_2990.MOV,train,Medium,
IMG_2990_00021,IMG_2990.MOV,train,Medium,
IMG_2990_00024,IMG_2990.MOV,train,Medium,
IMG_2990_00025,IMG_2990.MOV,train,Easy,
IMG_2990_00026,IMG_2990.MOV,train,Easy,
IMG_2990_00027,IMG_2990.MOV,train,Medium,
IMG_2990_00032,IMG_2990.MOV,train,Medium,
IMG_2990_00033,IMG_2990.MOV,train,Easy,
IMG_2990_00035,IMG_2990.MOV,train,Medium,
IMG_2990_00036,IMG_2990.MOV,train,Easy,
IMG_2990_00037,IMG_2990.MOV,train,Easy,
IMG_2990_00039,IMG_2990.MOV,train,Medium,
IMG_2990_00040,IMG_2990.MOV,train,Medium,
IMG_2990_00041,IMG_2990.MOV,train,Easy,
IMG_2990_00042,IMG_2990.MOV,train,Hard,
IMG_2990_00043,IMG_2990.MOV,train,Medium,
IMG_2990_00044,IMG_2990.MOV,train,Medium,
IMG_2990_00045,IMG_2990.MOV,train,Medium,
IMG_2990_00046,IMG_2990.MOV,train,Hard,
IMG_2990_00047,IMG_2990.MOV,train,Medium,
IMG_2990_00048,IMG_2990.MOV,train,Medium,
IMG_2990_00049,IMG_2990.MOV,train,Medium,
IMG_2990_00050,IMG_2990.MOV,train,Hard,
IMG_2990_00051,IMG_2990.MOV,train,Medium,
IMG_2990_00052,IMG_2990.MOV,train,Hard,
IMG_2990_00053,IMG_2990.MOV,train,Medium,
IMG_2990_00054,IMG_2990.MOV,train,Medium,
IMG_2990_00055,IMG_2990.MOV,train,Medium,
IMG_2990_00056,IMG_2990.MOV,train,Medium,
IMG_2990_00057,IMG_2990.MOV,train,Medium,
IMG_2990_00058,IMG_2990.MOV,train,Hard,
IMG_2990_00059,IMG_2990.MOV,train,Medium,
IMG_2990_00060,IMG_2990.MOV,train,Medium,
IMG_2990_00061,IMG_2990.MOV,train,Medium,
IMG_2990_00062,IMG_2990.MOV,train,Easy,
IMG_2990_00063,IMG_2990.MOV,train,Medium,
IMG_2990_00064,IMG_2990.MOV,train,Easy,
IMG_2990_00066,IMG_2990.MOV,train,Medium,
IMG_2990_00067,IMG_2990.MOV,train,Medium,
IMG_2990_00068,IMG_2990.MOV,train,Medium,
IMG_2990_00072,IMG_2990.MOV,train,Medium,
IMG_2990_00075,IMG_2990.MOV,train,Hard,
IMG_2990_00076,IMG_2990.MOV,train,Medium,
IMG_2990_00078,IMG_2990.MOV,train,Medium,
IMG_2990_00079,IMG_2990.MOV,train,Medium,
IMG_2990_00081,IMG_2990.MOV,train,Medium,
IMG_2990_00083,IMG_2990.MOV,train,Medium,
IMG_2990_00085,IMG_2990.MOV,train,Medium,
IMG_2990_00086,IMG_2990.MOV,train,Medium,
IMG_2990_00088,IMG_2990.MOV,train,Hard,
IMG_2990_00090,IMG_2990.MOV,train,Hard,
IMG_2990_00092,IMG_2990.MOV,train,Hard,
IMG_2990_00093,IMG_2990.MOV,train,Hard,
IMG_2991_00001,IMG_2991.MOV,test,Easy,13.0
IMG_2991_00002,IMG_2991.MOV,test,Easy,13.0
IMG_2992_00000,IMG_2992.MOV,train,Easy,
IMG_2992_00001,IMG_2992.MOV,train,Medium,
IMG_2992_00002,IMG_2992.MOV,train,Medium,
IMG_2992_00003,IMG_2992.MOV,train,Medium,
IMG_2992_00004,IMG_2992.MOV,train,Medium,
IMG_2992_00005,IMG_2992.MOV,train,Medium,
IMG_2992_00006,IMG_2992.MOV,train,Easy,
IMG_2992_00007,IMG_2992.MOV,train,Medium,
IMG_2992_00009,IMG_2992.MOV,train,Easy,
IMG_2992_00010,IMG_2992.MOV,train,Easy,
IMG_2992_00011,IMG_2992.MOV,train,Easy,
IMG_2992_00012,IMG_2992.MOV,train,Easy,
IMG_2992_00013,IMG_2992.MOV,train,Easy,
IMG_2992_00015,IMG_2992.MOV,train,Medium,
IMG_2992_00016,IMG_2992.MOV,train,Medium,
IMG_2992_00017,IMG_2992.MOV,train,Medium,
IMG_2992_00018,IMG_2992.MOV,train,Easy,
IMG_2992_00019,IMG_2992.MOV,train,Medium,
IMG_2992_00020,IMG_2992.MOV,train,Medium,
IMG_2992_00021,IMG_2992.MOV,train,Medium,
IMG_2992_00022,IMG_2992.MOV,train,Easy,
IMG_2992_00023,IMG_2992.MOV,train,Hard,
IMG_2992_00024,IMG_2992.MOV,train,Medium,
IMG_2992_00025,IMG_2992.MOV,train,Easy,
IMG_2992_00026,IMG_2992.MOV,train,Medium,
IMG_2992_00027,IMG_2992.MOV,train,Medium,
IMG_2992_00028,IMG_2992.MOV,train,Medium,
IMG_2992_00029,IMG_2992.MOV,train,Medium,
IMG_2992_00031,IMG_2992.MOV,train,Medium,
IMG_2992_00033,IMG_2992.MOV,train,Medium,
IMG_2992_00034,IMG_2992.MOV,train,Medium,
IMG_2992_00035,IMG_2992.MOV,train,Easy,
IMG_2992_00036,IMG_2992.MOV,train,Hard,
IMG_2992_00037,IMG_2992.MOV,train,Medium,
IMG_2992_00038,IMG_2992.MOV,train,Medium,
IMG_2992_00039,IMG_2992.MOV,train,Medium,
IMG_2992_00040,IMG_2992.MOV,train,Easy,
IMG_2992_00041,IMG_2992.MOV,train,Medium,
IMG_2992_00042,IMG_2992.MOV,train,Easy,
IMG_2992_00043,IMG_2992.MOV,train,Easy,
IMG_2992_00044,IMG_2992.MOV,train,Medium,
IMG_2992_00045,IMG_2992.MOV,train,Medium,
IMG_2992_00046,IMG_2992.MOV,train,Easy,
IMG_2992_00047,IMG_2992.MOV,train,Medium,
IMG_2992_00048,IMG_2992.MOV,train,Hard,
IMG_2992_00049,IMG_2992.MOV,train,Medium,
IMG_2992_00050,IMG_2992.MOV,train,Medium,
IMG_2992_00051,IMG_2992.MOV,train,Medium,
IMG_2992_00052,IMG_2992.MOV,train,Medium,
IMG_2992_00053,IMG_2992.MOV,train,Medium,
IMG_2992_00054,IMG_2992.MOV,train,Medium,
IMG_2992_00055,IMG_2992.MOV,train,Medium,
IMG_2992_00056,IMG_2992.MOV,train,Medium,
IMG_2992_00057,IMG_2992.MOV,train,Medium,
IMG_2992_00058,IMG_2992.MOV,train,Medium,
IMG_2992_00059,IMG_2992.MOV,train,Medium,
IMG_2992_00060,IMG_2992.MOV,train,Medium,
IMG_2992_00061,IMG_2992.MOV,train,Medium,
IMG_2992_00062,IMG_2992.MOV,train,Medium,
IMG_2992_00063,IMG_2992.MOV,train,Medium,
IMG_2992_00064,IMG_2992.MOV,train,Medium,
IMG_2992_00065,IMG_2992.MOV,train,Medium,
IMG_2992_00066,IMG_2992.MOV,train,Hard,
IMG_2992_00067,IMG_2992.MOV,train,Medium,
IMG_2992_00068,IMG_2992.MOV,train,Hard,
IMG_2992_00069,IMG_2992.MOV,train,Medium,
IMG_2992_00070,IMG_2992.MOV,train,Medium,
IMG_2992_00071,IMG_2992.MOV,train,Medium,
IMG_2992_00072,IMG_2992.MOV,train,Hard,
IMG_2992_00073,IMG_2992.MOV,train,Hard,
IMG_2992_00074,IMG_2992.MOV,train,Hard,
IMG_2992_00075,IMG_2992.MOV,train,Hard,
IMG_2992_00076,IMG_2992.MOV,train,Easy,
IMG_2992_00077,IMG_2992.MOV,train,Medium,
IMG_2992_00079,IMG_2992.MOV,train,Medium,
IMG_2992_00080,IMG_2992.MOV,train,Medium,
IMG_2992_00082,IMG_2992.MOV,train,Medium,
IMG_2992_00083,IMG_2992.MOV,train,Medium,
IMG_2992_00084,IMG_2992.MOV,train,Medium,
IMG_2992_00085,IMG_2992.MOV,train,Medium,
IMG_2992_00086,IMG_2992.MOV,train,Medium,
IMG_2992_00087,IMG_2992.MOV,train,Medium,
IMG_2992_00088,IMG_2992.MOV,train,Medium,
IMG_2992_00089,IMG_2992.MOV,train,Hard,
IMG_2992_00090,IMG_2992.MOV,train,Hard,
IMG_2992_00091,IMG_2992.MOV,train,Medium,
IMG_2992_00092,IMG_2992.MOV,train,Medium,
IMG_2992_00093,IMG_2992.MOV,train,Easy,
IMG_2992_00094,IMG_2992.MOV,train,Easy,
IMG_2992_00095,IMG_2992.MOV,train,Medium,
IMG_2992_00096,IMG_2992.MOV,train,Medium,
IMG_2992_00097,IMG_2992.MOV,train,Medium,
IMG_2992_00098,IMG_2992.MOV,train,Easy,
IMG_2992_00099,IMG_2992.MOV,train,Medium,
IMG_2992_00101,IMG_2992.MOV,train,Medium,
IMG_2992_00102,IMG_2992.MOV,train,Medium,
IMG_2992_00103,IMG_2992.MOV,train,Easy,
IMG_2992_00104,IMG_2992.MOV,train,Medium,
IMG_2992_00105,IMG_2992.MOV,train,Medium,
IMG_2992_00107,IMG_2992.MOV,train,Easy,
IMG_2992_00108,IMG_2992.MOV,train,Medium,
IMG_2992_00110,IMG_2992.MOV,train,Medium,
IMG_2992_00111,IMG_2992.MOV,train,Easy,
IMG_2992_00112,IMG_2992.MOV,train,Medium,
IMG_2992_00113,IMG_2992.MOV,train,Medium,
IMG_2992_00114,IMG_2992.MOV,train,Medium,
IMG_2992_00115,IMG_2992.MOV,train,Easy,
IMG_2992_00116,IMG_2992.MOV,train,Medium,
IMG_2992_00118,IMG_2992.MOV,train,Medium,
IMG_2992_00119,IMG_2992.MOV,train,Medium,
IMG_2992_00120,IMG_2992.MOV,train,Medium,
IMG_2992_00121,IMG_2992.MOV,train,Medium,
IMG_2992_00122,IMG_2992.MOV,train,Hard,
IMG_2992_00123,IMG_2992.MOV,train,Easy,
IMG_2992_00124,IMG_2992.MOV,train,Medium,
IMG_2992_00125,IMG_2992.MOV,train,Medium,
IMG_2992_00126,IMG_2992.MOV,train,Hard,
IMG_2992_00127,IMG_2992.MOV,train,Easy,
IMG_2992_00128,IMG_2992.MOV,train,Medium,
IMG_2992_00129,IMG_2992.MOV,train,Medium,
IMG_2992_00130,IMG_2992.MOV,train,Easy,
IMG_2992_00131,IMG_2992.MOV,train,Easy,
IMG_2992_00132,IMG_2992.MOV,train,Easy,
IMG_2992_00134,IMG_2992.MOV,train,Medium,
IMG_2992_00135,IMG_2992.MOV,train,Easy,
IMG_2992_00137,IMG_2992.MOV,train,Easy,
IMG_2992_00138,IMG_2992.MOV,train,Medium,
IMG_2992_00139,IMG_2992.MOV,train,Medium,
IMG_2992_00140,IMG_2992.MOV,train,Medium,
IMG_2992_00141,IMG_2992.MOV,train,Medium,
IMG_2992_00142,IMG_2992.MOV,train,Medium,
IMG_2992_00143,IMG_2992.MOV,train,Easy,
IMG_2992_00144,IMG_2992.MOV,train,Easy,
IMG_2992_00145,IMG_2992.MOV,train,Easy,
IMG_2992_00147,IMG_2992.MOV,train,Easy,
IMG_2992_00148,IMG_2992.MOV,train,Medium,
IMG_2992_00149,IMG_2992.MOV,train,Easy,
IMG_2992_00150,IMG_2992.MOV,train,Medium,
IMG_2992_00151,IMG_2992.MOV,train,Medium,
IMG_2992_00152,IMG_2992.MOV,train,Easy,
IMG_2992_00153,IMG_2992.MOV,train,Medium,
IMG_2992_00154,IMG_2992.MOV,train,Medium,
IMG_2992_00156,IMG_2992.MOV,train,Medium,
IMG_2992_00157,IMG_2992.MOV,train,Medium,
IMG_2992_00158,IMG_2992.MOV,train,Medium,
IMG_2992_00159,IMG_2992.MOV,train,Medium,
IMG_2992_00160,IMG_2992.MOV,train,Easy,
IMG_2992_00161,IMG_2992.MOV,train,Easy,
IMG_2992_00162,IMG_2992.MOV,train,Hard,
IMG_2992_00163,IMG_2992.MOV,train,Medium,
IMG_2992_00164,IMG_2992.MOV,train,Medium,
IMG_2992_00165,IMG_2992.MOV,train,Medium,
IMG_2992_00166,IMG_2992.MOV,train,Easy,
IMG_2992_00167,IMG_2992.MOV,train,Easy,
IMG_2992_00168,IMG_2992.MOV,train,Medium,
IMG_2992_00169,IMG_2992.MOV,train,Easy,
IMG_2992_00170,IMG_2992.MOV,train,Medium,
IMG_2992_00171,IMG_2992.MOV,train,Easy,
IMG_2992_00172,IMG_2992.MOV,train,Medium,
IMG_2992_00173,IMG_2992.MOV,train,Medium,
IMG_2992_00174,IMG_2992.MOV,train,Medium,
IMG_2992_00175,IMG_2992.MOV,train,Medium,
IMG_2992_00177,IMG_2992.MOV,train,Easy,
IMG_2992_00178,IMG_2992.MOV,train,Easy,
IMG_2992_00179,IMG_2992.MOV,train,Easy,
IMG_2992_00180,IMG_2992.MOV,train,Medium,
IMG_2992_00181,IMG_2992.MOV,train,Medium,
IMG_2992_00182,IMG_2992.MOV,train,Medium,
IMG_2993_00001,IMG_2993.MOV,test,Hard,7.0
IMG_2993_00002,IMG_2993.MOV,test,Hard,7.0
IMG_2993_00004,IMG_2993.MOV,test,Medium,7.0
IMG_2993_00005,IMG_2993.MOV,test,Medium,7.0
IMG_2993_00006,IMG_2993.MOV,test,Medium,7.0
IMG_2993_00007,IMG_2993.MOV,test,Medium,7.0
IMG_2993_00009,IMG_2993.MOV,test,Easy,7.0
IMG_2993_00010,IMG_2993.MOV,test,Medium,7.0
IMG_2993_00011,IMG_2993.MOV,test,Medium,7.0
IMG_2993_00012,IMG_2993.MOV,test,Medium,7.0
IMG_2993_00014,IMG_2993.MOV,test,Medium,7.0
IMG_2993_00015,IMG_2993.MOV,test,Hard,7.0
IMG_2993_00016,IMG_2993.MOV,test,Medium,7.0
IMG_2993_00017,IMG_2993.MOV,test,Medium,7.0
IMG_2993_00018,IMG_2993.MOV,test,Hard,7.0
IMG_2993_00019,IMG_2993.MOV,test,Hard,7.0
IMG_2993_00020,IMG_2993.MOV,test,Medium,7.0
IMG_2993_00021,IMG_2993.MOV,test,Medium,7.0
IMG_2993_00022,IMG_2993.MOV,test,Medium,7.0
IMG_2993_00023,IMG_2993.MOV,test,Hard,7.0
IMG_2993_00024,IMG_2993.MOV,test,Medium,7.0
IMG_2993_00025,IMG_2993.MOV,test,Hard,7.0
IMG_2993_00026,IMG_2993.MOV,test,Medium,7.0
IMG_2993_00027,IMG_2993.MOV,test,Hard,7.0
IMG_2993_00029,IMG_2993.MOV,test,Medium,7.0
IMG_2993_00030,IMG_2993.MOV,test,Hard,7.0
IMG_2993_00031,IMG_2993.MOV,test,Medium,7.0
IMG_2993_00032,IMG_2993.MOV,test,Medium,7.0
IMG_2993_00033,IMG_2993.MOV,test,Medium,7.0
IMG_2993_00034,IMG_2993.MOV,test,Hard,7.0
IMG_2993_00037,IMG_2993.MOV,test,Medium,7.0
IMG_2993_00038,IMG_2993.MOV,test,Medium,7.0
IMG_2993_00039,IMG_2993.MOV,test,Medium,7.0
IMG_2993_00041,IMG_2993.MOV,test,Hard,7.0
IMG_2993_00042,IMG_2993.MOV,test,Medium,7.0
IMG_2993_00043,IMG_2993.MOV,test,Hard,7.0
IMG_2993_00044,IMG_2993.MOV,test,Hard,7.0
IMG_2993_00045,IMG_2993.MOV,test,Medium,7.0
IMG_2993_00046,IMG_2993.MOV,test,Medium,7.0
IMG_2993_00047,IMG_2993.MOV,test,Medium,7.0
IMG_2993_00048,IMG_2993.MOV,test,Medium,7.0
IMG_2993_00049,IMG_2993.MOV,test,Hard,7.0
IMG_2993_00050,IMG_2993.MOV,test,Hard,7.0
IMG_2993_00052,IMG_2993.MOV,test,Medium,7.0
IMG_2993_00053,IMG_2993.MOV,test,Medium,7.0
IMG_2993_00054,IMG_2993.MOV,test,Hard,7.0
IMG_2993_00055,IMG_2993.MOV,test,Medium,7.0
IMG_2993_00056,IMG_2993.MOV,test,Hard,7.0
IMG_2993_00057,IMG_2993.MOV,test,Medium,7.0
IMG_2993_00059,IMG_2993.MOV,test,Hard,7.0
IMG_2993_00060,IMG_2993.MOV,test,Hard,7.0
IMG_2993_00061,IMG_2993.MOV,test,Hard,7.0
IMG_2993_00062,IMG_2993.MOV,test,Hard,7.0
IMG_2993_00063,IMG_2993.MOV,test,Hard,7.0
IMG_2993_00064,IMG_2993.MOV,test,Medium,7.0
IMG_2993_00065,IMG_2993.MOV,test,Medium,7.0
IMG_2993_00066,IMG_2993.MOV,test,Hard,7.0
IMG_2993_00067,IMG_2993.MOV,test,Medium,7.0
IMG_2993_00068,IMG_2993.MOV,test,Medium,7.0
IMG_2993_00069,IMG_2993.MOV,test,Medium,7.0
IMG_2993_00070,IMG_2993.MOV,test,Hard,7.0
IMG_2993_00071,IMG_2993.MOV,test,Hard,7.0
IMG_2993_00072,IMG_2993.MOV,test,Hard,7.0
IMG_2993_00073,IMG_2993.MOV,test,Hard,7.0
IMG_2993_00074,IMG_2993.MOV,test,Hard,7.0
IMG_2993_00075,IMG_2993.MOV,test,Hard,7.0
IMG_2993_00076,IMG_2993.MOV,test,Hard,7.0
IMG_2993_00077,IMG_2993.MOV,test,Hard,7.0
IMG_2993_00078,IMG_2993.MOV,test,Hard,7.0
IMG_2993_00079,IMG_2993.MOV,test,Hard,7.0
IMG_2993_00080,IMG_2993.MOV,test,Hard,7.0
IMG_2993_00081,IMG_2993.MOV,test,Hard,7.0
IMG_2993_00082,IMG_2993.MOV,test,Hard,7.0
IMG_2993_00083,IMG_2993.MOV,test,Hard,7.0
IMG_2993_00084,IMG_2993.MOV,test,Hard,7.0
IMG_2993_00085,IMG_2993.MOV,test,Hard,7.0
IMG_2993_00086,IMG_2993.MOV,test,Hard,7.0
IMG_2993_00087,IMG_2993.MOV,test,Medium,7.0
IMG_2993_00088,IMG_2993.MOV,test,Hard,7.0
IMG_2993_00089,IMG_2993.MOV,test,Hard,7.0
IMG_2993_00090,IMG_2993.MOV,test,Medium,7.0
IMG_2993_00091,IMG_2993.MOV,test,Medium,7.0
IMG_2993_00092,IMG_2993.MOV,test,Hard,7.0
IMG_2993_00093,IMG_2993.MOV,test,Medium,7.0
IMG_2993_00094,IMG_2993.MOV,test,Hard,7.0
IMG_2993_00097,IMG_2993.MOV,test,Medium,7.0
IMG_2993_00098,IMG_2993.MOV,test,Medium,7.0
IMG_2993_00099,IMG_2993.MOV,test,Medium,7.0
IMG_2993_00100,IMG_2993.MOV,test,Medium,7.0
IMG_2993_00101,IMG_2993.MOV,test,Medium,7.0
IMG_2993_00102,IMG_2993.MOV,test,Medium,7.0
IMG_2993_00103,IMG_2993.MOV,test,Medium,7.0
IMG_2993_00104,IMG_2993.MOV,test,Medium,7.0
IMG_2993_00106,IMG_2993.MOV,test,Medium,7.0
IMG_2993_00107,IMG_2993.MOV,test,Medium,7.0
IMG_2993_00108,IMG_2993.MOV,test,Medium,7.0
IMG_2993_00109,IMG_2993.MOV,test,Medium,7.0
IMG_2993_00110,IMG_2993.MOV,test,Medium,7.0
IMG_2993_00137,IMG_2993.MOV,test,Medium,7.0
IMG_2993_00138,IMG_2993.MOV,test,Hard,7.0
IMG_2993_00140,IMG_2993.MOV,test,Medium,7.0
IMG_2993_00141,IMG_2993.MOV,test,Hard,7.0
IMG_2993_00142,IMG_2993.MOV,test,Hard,7.0
IMG_2993_00144,IMG_2993.MOV,test,Medium,7.0
IMG_2993_00145,IMG_2993.MOV,test,Hard,7.0
IMG_2993_00148,IMG_2993.MOV,test,Medium,7.0
IMG_2993_00149,IMG_2993.MOV,test,Medium,7.0
IMG_2993_00150,IMG_2993.MOV,test,Medium,7.0
IMG_2993_00151,IMG_2993.MOV,test,Hard,7.0
IMG_2993_00152,IMG_2993.MOV,test,Medium,7.0
IMG_2993_00153,IMG_2993.MOV,test,Medium,7.0
IMG_2993_00154,IMG_2993.MOV,test,Medium,7.0
IMG_2993_00155,IMG_2993.MOV,test,Medium,7.0
IMG_2993_00156,IMG_2993.MOV,test,Medium,7.0
IMG_2993_00157,IMG_2993.MOV,test,Hard,7.0
IMG_2993_00158,IMG_2993.MOV,test,Hard,7.0
IMG_2993_00161,IMG_2993.MOV,test,Medium,7.0
IMG_2993_00162,IMG_2993.MOV,test,Medium,7.0
IMG_2993_00163,IMG_2993.MOV,test,Medium,7.0
IMG_2993_00164,IMG_2993.MOV,test,Medium,7.0
IMG_2993_00165,IMG_2993.MOV,test,Medium,7.0
IMG_2993_00166,IMG_2993.MOV,test,Medium,7.0
IMG_2993_00169,IMG_2993.MOV,test,Medium,7.0
IMG_2993_00173,IMG_2993.MOV,test,Medium,7.0
IMG_2993_00174,IMG_2993.MOV,test,Medium,7.0
IMG_2993_00175,IMG_2993.MOV,test,Medium,7.0
IMG_2993_00177,IMG_2993.MOV,test,Medium,7.0
IMG_2993_00178,IMG_2993.MOV,test,Hard,7.0
IMG_2993_00180,IMG_2993.MOV,test,Medium,7.0
IMG_2993_00181,IMG_2993.MOV,test,Hard,7.0
IMG_2993_00182,IMG_2993.MOV,test,Medium,7.0
IMG_2993_00183,IMG_2993.MOV,test,Medium,7.0
IMG_2993_00184,IMG_2993.MOV,test,Medium,7.0
IMG_2993_00185,IMG_2993.MOV,test,Medium,7.0
IMG_2993_00186,IMG_2993.MOV,test,Medium,7.0
IMG_2993_00187,IMG_2993.MOV,test,Medium,7.0
IMG_2993_00188,IMG_2993.MOV,test,Medium,7.0
IMG_2993_00189,IMG_2993.MOV,test,Medium,7.0
IMG_2993_00190,IMG_2993.MOV,test,Medium,7.0
IMG_2993_00192,IMG_2993.MOV,test,Medium,7.0
IMG_2993_00193,IMG_2993.MOV,test,Medium,7.0
IMG_2993_00194,IMG_2993.MOV,test,Medium,7.0
IMG_2993_00195,IMG_2993.MOV,test,Hard,7.0
IMG_2993_00196,IMG_2993.MOV,test,Hard,7.0
IMG_2993_00200,IMG_2993.MOV,test,Hard,7.0
IMG_2993_00201,IMG_2993.MOV,test,Hard,7.0
IMG_2993_00202,IMG_2993.MOV,test,Hard,7.0
IMG_2993_00204,IMG_2993.MOV,test,Medium,7.0
IMG_2993_00205,IMG_2993.MOV,test,Medium,7.0
IMG_2993_00206,IMG_2993.MOV,test,Medium,7.0
IMG_2993_00207,IMG_2993.MOV,test,Hard,7.0
IMG_2993_00208,IMG_2993.MOV,test,Hard,7.0
IMG_2993_00209,IMG_2993.MOV,test,Hard,7.0
IMG_2993_00210,IMG_2993.MOV,test,Hard,7.0
IMG_2993_00214,IMG_2993.MOV,test,Hard,7.0
IMG_2993_00215,IMG_2993.MOV,test,Hard,7.0
IMG_2993_00217,IMG_2993.MOV,test,Hard,7.0
IMG_2993_00218,IMG_2993.MOV,test,Hard,7.0
IMG_2994_00011,IMG_2994.MOV,train,Medium,
IMG_2994_00012,IMG_2994.MOV,train,Hard,
IMG_2994_00013,IMG_2994.MOV,train,Hard,
IMG_2994_00014,IMG_2994.MOV,train,Hard,
IMG_2994_00015,IMG_2994.MOV,train,Hard,
IMG_2994_00017,IMG_2994.MOV,train,Hard,
IMG_2994_00018,IMG_2994.MOV,train,Hard,
IMG_2994_00019,IMG_2994.MOV,train,Hard,
IMG_2994_00020,IMG_2994.MOV,train,Hard,
IMG_2994_00022,IMG_2994.MOV,train,Hard,
IMG_2994_00023,IMG_2994.MOV,train,Hard,
IMG_2994_00024,IMG_2994.MOV,train,Hard,
IMG_2994_00025,IMG_2994.MOV,train,Medium,
IMG_2994_00026,IMG_2994.MOV,train,Hard,
IMG_2994_00027,IMG_2994.MOV,train,Medium,
IMG_2994_00028,IMG_2994.MOV,train,Medium,
IMG_2994_00029,IMG_2994.MOV,train,Hard,
IMG_2994_00030,IMG_2994.MOV,train,Hard,
IMG_2994_00031,IMG_2994.MOV,train,Hard,
IMG_2994_00032,IMG_2994.MOV,train,Hard,
IMG_2994_00033,IMG_2994.MOV,train,Hard,
IMG_2994_00035,IMG_2994.MOV,train,Medium,
IMG_2994_00036,IMG_2994.MOV,train,Hard,
IMG_2994_00037,IMG_2994.MOV,train,Hard,
IMG_2994_00038,IMG_2994.MOV,train,Hard,
IMG_2994_00039,IMG_2994.MOV,train,Hard,
IMG_2994_00040,IMG_2994.MOV,train,Hard,
IMG_2994_00041,IMG_2994.MOV,train,Medium,
IMG_2994_00042,IMG_2994.MOV,train,Medium,
IMG_2994_00043,IMG_2994.MOV,train,Medium,
IMG_2994_00046,IMG_2994.MOV,train,Medium,
IMG_2994_00050,IMG_2994.MOV,train,Hard,
IMG_2994_00051,IMG_2994.MOV,train,Hard,
IMG_2994_00054,IMG_2994.MOV,train,Hard,
IMG_2994_00056,IMG_2994.MOV,train,Medium,
IMG_2994_00057,IMG_2994.MOV,train,Hard,
IMG_2994_00058,IMG_2994.MOV,train,Hard,
IMG_2994_00059,IMG_2994.MOV,train,Hard,
IMG_2994_00060,IMG_2994.MOV,train,Hard,
IMG_2994_00061,IMG_2994.MOV,train,Medium,
IMG_2994_00067,IMG_2994.MOV,train,Medium,
IMG_2994_00068,IMG_2994.MOV,train,Medium,
IMG_2994_00075,IMG_2994.MOV,train,Hard,
IMG_2994_00076,IMG_2994.MOV,train,Medium,
IMG_2994_00077,IMG_2994.MOV,train,Medium,
IMG_2994_00078,IMG_2994.MOV,train,Medium,
IMG_2994_00080,IMG_2994.MOV,train,Medium,
IMG_2994_00081,IMG_2994.MOV,train,Medium,
IMG_2994_00082,IMG_2994.MOV,train,Medium,
IMG_2994_00084,IMG_2994.MOV,train,Medium,
IMG_2994_00085,IMG_2994.MOV,train,Medium,
IMG_2994_00086,IMG_2994.MOV,train,Hard,
IMG_2994_00087,IMG_2994.MOV,train,Medium,
IMG_2994_00088,IMG_2994.MOV,train,Medium,
IMG_2994_00089,IMG_2994.MOV,train,Medium,
IMG_2994_00090,IMG_2994.MOV,train,Medium,
IMG_2994_00091,IMG_2994.MOV,train,Medium,
IMG_2994_00093,IMG_2994.MOV,train,Medium,
IMG_2994_00094,IMG_2994.MOV,train,Hard,
IMG_2994_00095,IMG_2994.MOV,train,Medium,
IMG_2994_00096,IMG_2994.MOV,train,Hard,
IMG_2994_00097,IMG_2994.MOV,train,Medium,
IMG_2994_00099,IMG_2994.MOV,train,Medium,
IMG_2994_00100,IMG_2994.MOV,train,Hard,
IMG_2994_00101,IMG_2994.MOV,train,Medium,
IMG_2994_00102,IMG_2994.MOV,train,Medium,
IMG_2994_00104,IMG_2994.MOV,train,Medium,
IMG_2994_00106,IMG_2994.MOV,train,Medium,
IMG_2994_00107,IMG_2994.MOV,train,Medium,
IMG_2994_00108,IMG_2994.MOV,train,Medium,
IMG_2994_00109,IMG_2994.MOV,train,Medium,
IMG_2994_00110,IMG_2994.MOV,train,Medium,
IMG_2994_00112,IMG_2994.MOV,train,Medium,
IMG_2994_00115,IMG_2994.MOV,train,Medium,
IMG_2994_00116,IMG_2994.MOV,train,Medium,
IMG_2994_00117,IMG_2994.MOV,train,Medium,
IMG_2994_00118,IMG_2994.MOV,train,Medium,
IMG_2994_00119,IMG_2994.MOV,train,Medium,
IMG_2994_00120,IMG_2994.MOV,train,Medium,
IMG_2994_00121,IMG_2994.MOV,train,Medium,
IMG_2994_00122,IMG_2994.MOV,train,Hard,
IMG_2994_00123,IMG_2994.MOV,train,Medium,
IMG_2994_00124,IMG_2994.MOV,train,Hard,
IMG_2994_00125,IMG_2994.MOV,train,Medium,
IMG_2994_00126,IMG_2994.MOV,train,Medium,
IMG_2994_00127,IMG_2994.MOV,train,Medium,
IMG_2994_00128,IMG_2994.MOV,train,Medium,
IMG_2994_00129,IMG_2994.MOV,train,Hard,
IMG_2994_00130,IMG_2994.MOV,train,Medium,
IMG_2994_00131,IMG_2994.MOV,train,Medium,
IMG_2994_00132,IMG_2994.MOV,train,Medium,
IMG_2994_00133,IMG_2994.MOV,train,Hard,
IMG_2994_00134,IMG_2994.MOV,train,Medium,
IMG_2994_00136,IMG_2994.MOV,train,Medium,
IMG_2994_00137,IMG_2994.MOV,train,Medium,
IMG_2994_00138,IMG_2994.MOV,train,Medium,
IMG_2994_00139,IMG_2994.MOV,train,Medium,
IMG_2994_00140,IMG_2994.MOV,train,Hard,
IMG_2994_00141,IMG_2994.MOV,train,Hard,
IMG_2994_00142,IMG_2994.MOV,train,Hard,
IMG_2994_00143,IMG_2994.MOV,train,Medium,
IMG_2994_00144,IMG_2994.MOV,train,Medium,
IMG_2994_00145,IMG_2994.MOV,train,Hard,
IMG_2994_00146,IMG_2994.MOV,train,Medium,
IMG_2994_00147,IMG_2994.MOV,train,Medium,
IMG_2994_00148,IMG_2994.MOV,train,Medium,
IMG_2994_00149,IMG_2994.MOV,train,Hard,
IMG_2994_00150,IMG_2994.MOV,train,Hard,
IMG_2994_00151,IMG_2994.MOV,train,Hard,
IMG_2994_00152,IMG_2994.MOV,train,Hard,
IMG_2994_00153,IMG_2994.MOV,train,Hard,
IMG_2994_00154,IMG_2994.MOV,train,Medium,
IMG_2994_00155,IMG_2994.MOV,train,Medium,
IMG_2994_00156,IMG_2994.MOV,train,Medium,
IMG_2994_00157,IMG_2994.MOV,train,Medium,
IMG_2994_00158,IMG_2994.MOV,train,Medium,
IMG_2994_00159,IMG_2994.MOV,train,Medium,
IMG_2994_00160,IMG_2994.MOV,train,Medium,
IMG_2994_00161,IMG_2994.MOV,train,Hard,
IMG_2994_00162,IMG_2994.MOV,train,Hard,
IMG_2994_00164,IMG_2994.MOV,train,Medium,
IMG_2994_00166,IMG_2994.MOV,train,Hard,
IMG_2994_00167,IMG_2994.MOV,train,Hard,
IMG_2994_00168,IMG_2994.MOV,train,Hard,
IMG_2994_00169,IMG_2994.MOV,train,Easy,
IMG_2994_00170,IMG_2994.MOV,train,Hard,
IMG_2994_00171,IMG_2994.MOV,train,Medium,
IMG_2994_00172,IMG_2994.MOV,train,Medium,
IMG_2994_00173,IMG_2994.MOV,train,Hard,
IMG_2994_00174,IMG_2994.MOV,train,Hard,
IMG_2994_00176,IMG_2994.MOV,train,Medium,
IMG_2994_00177,IMG_2994.MOV,train,Medium,
IMG_2994_00178,IMG_2994.MOV,train,Medium,
IMG_2994_00179,IMG_2994.MOV,train,Hard,
IMG_2994_00180,IMG_2994.MOV,train,Medium,
IMG_2994_00181,IMG_2994.MOV,train,Medium,
IMG_2994_00182,IMG_2994.MOV,train,Medium,
IMG_2994_00183,IMG_2994.MOV,train,Medium,
IMG_2994_00184,IMG_2994.MOV,train,Hard,
IMG_2994_00186,IMG_2994.MOV,train,Hard,
IMG_2994_00187,IMG_2994.MOV,train,Medium,
IMG_2994_00189,IMG_2994.MOV,train,Hard,
IMG_2994_00190,IMG_2994.MOV,train,Medium,
IMG_2994_00191,IMG_2994.MOV,train,Medium,
IMG_2994_00192,IMG_2994.MOV,train,Medium,
IMG_2994_00193,IMG_2994.MOV,train,Medium,
IMG_2994_00194,IMG_2994.MOV,train,Medium,
IMG_2994_00195,IMG_2994.MOV,train,Hard,
IMG_2994_00196,IMG_2994.MOV,train,Medium,
IMG_2995_00002,IMG_2995.MOV,test,Hard,14.0
IMG_2995_00004,IMG_2995.MOV,test,Medium,14.0
IMG_2995_00009,IMG_2995.MOV,test,Hard,14.0
IMG_2995_00011,IMG_2995.MOV,test,Hard,14.0
IMG_2995_00018,IMG_2995.MOV,test,Medium,14.0
IMG_2995_00019,IMG_2995.MOV,test,Hard,14.0
IMG_2995_00021,IMG_2995.MOV,test,Medium,14.0
IMG_2995_00023,IMG_2995.MOV,test,Hard,14.0
IMG_2995_00024,IMG_2995.MOV,test,Hard,14.0
IMG_2995_00025,IMG_2995.MOV,test,Hard,14.0
IMG_2995_00026,IMG_2995.MOV,test,Hard,14.0
IMG_2995_00027,IMG_2995.MOV,test,Hard,14.0
IMG_2995_00028,IMG_2995.MOV,test,Hard,14.0
IMG_2995_00029,IMG_2995.MOV,test,Hard,14.0
IMG_2995_00031,IMG_2995.MOV,test,Hard,14.0
IMG_2995_00033,IMG_2995.MOV,test,Hard,14.0
IMG_2995_00035,IMG_2995.MOV,test,Hard,14.0
IMG_2995_00037,IMG_2995.MOV,test,Hard,14.0
IMG_2995_00038,IMG_2995.MOV,test,Hard,14.0
IMG_2995_00040,IMG_2995.MOV,test,Hard,14.0
IMG_2995_00041,IMG_2995.MOV,test,Hard,14.0
IMG_2995_00043,IMG_2995.MOV,test,Hard,14.0
IMG_2995_00044,IMG_2995.MOV,test,Hard,14.0
IMG_2995_00045,IMG_2995.MOV,test,Hard,14.0
IMG_2995_00047,IMG_2995.MOV,test,Medium,14.0
IMG_2995_00049,IMG_2995.MOV,test,Medium,14.0
IMG_2995_00051,IMG_2995.MOV,test,Medium,14.0
IMG_2995_00053,IMG_2995.MOV,test,Medium,14.0
IMG_2995_00055,IMG_2995.MOV,test,Hard,14.0
IMG_2995_00056,IMG_2995.MOV,test,Hard,14.0
IMG_2995_00057,IMG_2995.MOV,test,Medium,14.0
IMG_2995_00059,IMG_2995.MOV,test,Medium,14.0
IMG_2995_00062,IMG_2995.MOV,test,Hard,14.0
IMG_2995_00063,IMG_2995.MOV,test,Medium,14.0
IMG_2995_00065,IMG_2995.MOV,test,Hard,14.0
IMG_2995_00066,IMG_2995.MOV,test,Medium,14.0
IMG_2995_00067,IMG_2995.MOV,test,Hard,14.0
IMG_2995_00069,IMG_2995.MOV,test,Medium,14.0
IMG_2995_00070,IMG_2995.MOV,test,Medium,14.0
IMG_2995_00071,IMG_2995.MOV,test,Medium,14.0
IMG_2995_00073,IMG_2995.MOV,test,Medium,14.0
IMG_2995_00075,IMG_2995.MOV,test,Medium,14.0
IMG_2995_00077,IMG_2995.MOV,test,Hard,14.0
IMG_2995_00078,IMG_2995.MOV,test,Hard,14.0
IMG_2995_00079,IMG_2995.MOV,test,Hard,14.0
IMG_2995_00080,IMG_2995.MOV,test,Hard,14.0
IMG_2995_00081,IMG_2995.MOV,test,Hard,14.0
IMG_2995_00082,IMG_2995.MOV,test,Hard,14.0
IMG_2995_00083,IMG_2995.MOV,test,Hard,14.0
IMG_2995_00084,IMG_2995.MOV,test,Hard,14.0
IMG_2995_00085,IMG_2995.MOV,test,Hard,14.0
IMG_2995_00087,IMG_2995.MOV,test,Hard,14.0
IMG_2995_00088,IMG_2995.MOV,test,Hard,14.0
IMG_2995_00090,IMG_2995.MOV,test,Hard,14.0
IMG_2995_00092,IMG_2995.MOV,test,Medium,14.0
IMG_2995_00093,IMG_2995.MOV,test,Medium,14.0
IMG_2995_00094,IMG_2995.MOV,test,Medium,14.0
IMG_2995_00095,IMG_2995.MOV,test,Medium,14.0
IMG_2995_00096,IMG_2995.MOV,test,Hard,14.0
IMG_2995_00097,IMG_2995.MOV,test,Medium,14.0
IMG_2995_00098,IMG_2995.MOV,test,Medium,14.0
IMG_2995_00099,IMG_2995.MOV,test,Medium,14.0
IMG_2995_00100,IMG_2995.MOV,test,Hard,14.0
IMG_2995_00101,IMG_2995.MOV,test,Hard,14.0
IMG_2995_00102,IMG_2995.MOV,test,Medium,14.0
IMG_2995_00103,IMG_2995.MOV,test,Hard,14.0
IMG_2995_00104,IMG_2995.MOV,test,Hard,14.0
IMG_2995_00106,IMG_2995.MOV,test,Medium,14.0
IMG_2995_00107,IMG_2995.MOV,test,Medium,14.0
IMG_2995_00108,IMG_2995.MOV,test,Medium,14.0
IMG_2995_00109,IMG_2995.MOV,test,Hard,14.0
IMG_2995_00111,IMG_2995.MOV,test,Hard,14.0
IMG_2995_00112,IMG_2995.MOV,test,Hard,14.0
IMG_2995_00113,IMG_2995.MOV,test,Hard,14.0
IMG_2995_00114,IMG_2995.MOV,test,Hard,14.0
IMG_2995_00116,IMG_2995.MOV,test,Medium,14.0
IMG_2995_00117,IMG_2995.MOV,test,Medium,14.0
IMG_2995_00120,IMG_2995.MOV,test,Hard,14.0
IMG_2995_00121,IMG_2995.MOV,test,Hard,14.0
IMG_2995_00122,IMG_2995.MOV,test,Hard,14.0
IMG_2995_00124,IMG_2995.MOV,test,Medium,14.0
IMG_2995_00125,IMG_2995.MOV,test,Hard,14.0
IMG_2995_00126,IMG_2995.MOV,test,Hard,14.0
IMG_2995_00128,IMG_2995.MOV,test,Medium,14.0
IMG_2995_00130,IMG_2995.MOV,test,Medium,14.0
IMG_2995_00131,IMG_2995.MOV,test,Medium,14.0
IMG_2995_00132,IMG_2995.MOV,test,Hard,14.0
IMG_2995_00133,IMG_2995.MOV,test,Hard,14.0
IMG_2995_00134,IMG_2995.MOV,test,Hard,14.0
IMG_2995_00135,IMG_2995.MOV,test,Hard,14.0
IMG_2995_00136,IMG_2995.MOV,test,Medium,14.0
IMG_2995_00138,IMG_2995.MOV,test,Hard,14.0
IMG_2995_00139,IMG_2995.MOV,test,Medium,14.0
IMG_2995_00140,IMG_2995.MOV,test,Hard,14.0
IMG_2995_00141,IMG_2995.MOV,test,Medium,14.0
IMG_2995_00142,IMG_2995.MOV,test,Hard,14.0
IMG_2995_00143,IMG_2995.MOV,test,Hard,14.0
IMG_2995_00144,IMG_2995.MOV,test,Hard,14.0
IMG_2995_00145,IMG_2995.MOV,test,Hard,14.0
IMG_2995_00146,IMG_2995.MOV,test,Hard,14.0
IMG_2995_00147,IMG_2995.MOV,test,Hard,14.0
IMG_2995_00148,IMG_2995.MOV,test,Hard,14.0
IMG_2995_00149,IMG_2995.MOV,test,Medium,14.0
IMG_2995_00150,IMG_2995.MOV,test,Medium,14.0
IMG_2995_00151,IMG_2995.MOV,test,Hard,14.0
IMG_2995_00152,IMG_2995.MOV,test,Medium,14.0
IMG_2995_00153,IMG_2995.MOV,test,Hard,14.0
IMG_2995_00156,IMG_2995.MOV,test,Medium,14.0
IMG_2995_00157,IMG_2995.MOV,test,Medium,14.0
IMG_2995_00158,IMG_2995.MOV,test,Medium,14.0
IMG_2995_00159,IMG_2995.MOV,test,Medium,14.0
IMG_2995_00160,IMG_2995.MOV,test,Medium,14.0
IMG_2995_00162,IMG_2995.MOV,test,Hard,14.0
IMG_2995_00165,IMG_2995.MOV,test,Medium,14.0
IMG_2995_00166,IMG_2995.MOV,test,Medium,14.0
IMG_2995_00167,IMG_2995.MOV,test,Hard,14.0
IMG_2995_00168,IMG_2995.MOV,test,Medium,14.0
IMG_2995_00169,IMG_2995.MOV,test,Medium,14.0
IMG_2995_00170,IMG_2995.MOV,test,Medium,14.0
IMG_2995_00172,IMG_2995.MOV,test,Medium,14.0
IMG_2995_00173,IMG_2995.MOV,test,Medium,14.0
IMG_2995_00175,IMG_2995.MOV,test,Medium,14.0
IMG_2995_00176,IMG_2995.MOV,test,Medium,14.0
IMG_2995_00177,IMG_2995.MOV,test,Medium,14.0
IMG_2995_00179,IMG_2995.MOV,test,Medium,14.0
IMG_2995_00180,IMG_2995.MOV,test,Medium,14.0
IMG_2995_00181,IMG_2995.MOV,test,Medium,14.0
IMG_2995_00182,IMG_2995.MOV,test,Medium,14.0
IMG_2995_00183,IMG_2995.MOV,test,Medium,14.0
IMG_2995_00184,IMG_2995.MOV,test,Medium,14.0
IMG_2995_00185,IMG_2995.MOV,test,Hard,14.0
IMG_2995_00186,IMG_2995.MOV,test,Medium,14.0
IMG_2995_00187,IMG_2995.MOV,test,Medium,14.0
IMG_2995_00188,IMG_2995.MOV,test,Hard,14.0
IMG_2995_00189,IMG_2995.MOV,test,Hard,14.0
IMG_2995_00190,IMG_2995.MOV,test,Medium,14.0
IMG_2995_00192,IMG_2995.MOV,test,Hard,14.0
IMG_2995_00193,IMG_2995.MOV,test,Hard,14.0
IMG_2995_00194,IMG_2995.MOV,test,Medium,14.0
IMG_2995_00197,IMG_2995.MOV,test,Medium,14.0
IMG_2995_00199,IMG_2995.MOV,test,Medium,14.0
IMG_2995_00201,IMG_2995.MOV,test,Medium,14.0
IMG_2995_00203,IMG_2995.MOV,test,Medium,14.0
IMG_2995_00205,IMG_2995.MOV,test,Medium,14.0
IMG_2995_00207,IMG_2995.MOV,test,Medium,14.0
IMG_2995_00209,IMG_2995.MOV,test,Medium,14.0
IMG_2995_00210,IMG_2995.MOV,test,Medium,14.0
IMG_2995_00211,IMG_2995.MOV,test,Medium,14.0
IMG_2995_00212,IMG_2995.MOV,test,Medium,14.0
IMG_2995_00213,IMG_2995.MOV,test,Medium,14.0
IMG_2995_00214,IMG_2995.MOV,test,Medium,14.0
IMG_2995_00215,IMG_2995.MOV,test,Hard,14.0
IMG_2995_00218,IMG_2995.MOV,test,Medium,14.0
IMG_2995_00219,IMG_2995.MOV,test,Hard,14.0
IMG_2995_00221,IMG_2995.MOV,test,Hard,14.0
IMG_2995_00223,IMG_2995.MOV,test,Medium,14.0
IMG_2995_00225,IMG_2995.MOV,test,Medium,14.0
IMG_2995_00228,IMG_2995.MOV,test,Hard,14.0
IMG_2995_00229,IMG_2995.MOV,test,Hard,14.0
IMG_2995_00230,IMG_2995.MOV,test,Hard,14.0
IMG_2995_00231,IMG_2995.MOV,test,Hard,14.0
IMG_2995_00232,IMG_2995.MOV,test,Medium,14.0
IMG_2995_00233,IMG_2995.MOV,test,Hard,14.0
IMG_2995_00234,IMG_2995.MOV,test,Hard,14.0
IMG_2995_00238,IMG_2995.MOV,test,Hard,14.0
IMG_2995_00239,IMG_2995.MOV,test,Medium,14.0
IMG_2995_00240,IMG_2995.MOV,test,Medium,14.0
IMG_2995_00241,IMG_2995.MOV,test,Medium,14.0
IMG_2995_00242,IMG_2995.MOV,test,Medium,14.0
IMG_2995_00243,IMG_2995.MOV,test,Medium,14.0
IMG_2995_00244,IMG_2995.MOV,test,Hard,14.0
IMG_2995_00245,IMG_2995.MOV,test,Medium,14.0
IMG_2995_00246,IMG_2995.MOV,test,Medium,14.0
IMG_2995_00248,IMG_2995.MOV,test,Hard,14.0
IMG_2995_00249,IMG_2995.MOV,test,Medium,14.0
IMG_2995_00250,IMG_2995.MOV,test,Medium,14.0
IMG_2995_00262,IMG_2995.MOV,test,Medium,14.0
IMG_2995_00263,IMG_2995.MOV,test,Medium,14.0
IMG_2995_00264,IMG_2995.MOV,test,Hard,14.0
IMG_2995_00265,IMG_2995.MOV,test,Hard,14.0
IMG_2995_00266,IMG_2995.MOV,test,Hard,14.0
IMG_2995_00267,IMG_2995.MOV,test,Hard,14.0
IMG_2995_00276,IMG_2995.MOV,test,Hard,14.0
IMG_2995_00277,IMG_2995.MOV,test,Hard,14.0
IMG_2995_00285,IMG_2995.MOV,test,Hard,14.0
IMG_2996_00001,IMG_2996.MOV,train,Easy,
IMG_2996_00003,IMG_2996.MOV,train,Hard,
IMG_2996_00005,IMG_2996.MOV,train,Hard,
IMG_2996_00006,IMG_2996.MOV,train,Easy,
IMG_2996_00008,IMG_2996.MOV,train,Easy,
IMG_2996_00009,IMG_2996.MOV,train,Medium,
IMG_2996_00011,IMG_2996.MOV,train,Hard,
IMG_2996_00013,IMG_2996.MOV,train,Medium,
IMG_2996_00014,IMG_2996.MOV,train,Medium,
IMG_2996_00015,IMG_2996.MOV,train,Hard,
IMG_2996_00016,IMG_2996.MOV,train,Medium,
IMG_2996_00017,IMG_2996.MOV,train,Hard,
IMG_2996_00018,IMG_2996.MOV,train,Hard,
IMG_2996_00020,IMG_2996.MOV,train,Hard,
IMG_2996_00021,IMG_2996.MOV,train,Medium,
IMG_2996_00022,IMG_2996.MOV,train,Hard,
IMG_2996_00023,IMG_2996.MOV,train,Medium,
IMG_2996_00024,IMG_2996.MOV,train,Medium,
IMG_2996_00025,IMG_2996.MOV,train,Hard,
IMG_2996_00026,IMG_2996.MOV,train,Medium,
IMG_2996_00027,IMG_2996.MOV,train,Medium,
IMG_2996_00028,IMG_2996.MOV,train,Hard,
IMG_2996_00029,IMG_2996.MOV,train,Medium,
IMG_2996_00030,IMG_2996.MOV,train,Hard,
IMG_2996_00031,IMG_2996.MOV,train,Medium,
IMG_2996_00032,IMG_2996.MOV,train,Hard,
IMG_2996_00033,IMG_2996.MOV,train,Hard,
IMG_2996_00034,IMG_2996.MOV,train,Medium,
IMG_2996_00035,IMG_2996.MOV,train,Medium,
IMG_2996_00036,IMG_2996.MOV,train,Medium,
IMG_2996_00037,IMG_2996.MOV,train,Medium,
IMG_2996_00038,IMG_2996.MOV,train,Hard,
IMG_2996_00041,IMG_2996.MOV,train,Medium,
IMG_2996_00042,IMG_2996.MOV,train,Medium,
IMG_2996_00043,IMG_2996.MOV,train,Medium,
IMG_2996_00044,IMG_2996.MOV,train,Medium,
IMG_2996_00045,IMG_2996.MOV,train,Medium,
IMG_2996_00046,IMG_2996.MOV,train,Medium,
IMG_2996_00047,IMG_2996.MOV,train,Medium,
IMG_2996_00049,IMG_2996.MOV,train,Medium,
IMG_2996_00050,IMG_2996.MOV,train,Medium,
IMG_2996_00052,IMG_2996.MOV,train,Medium,
IMG_2996_00053,IMG_2996.MOV,train,Medium,
IMG_2996_00055,IMG_2996.MOV,train,Medium,
IMG_2996_00056,IMG_2996.MOV,train,Medium,
IMG_2996_00057,IMG_2996.MOV,train,Medium,
IMG_2996_00058,IMG_2996.MOV,train,Medium,
IMG_2996_00059,IMG_2996.MOV,train,Medium,
IMG_2996_00060,IMG_2996.MOV,train,Medium,
IMG_2996_00061,IMG_2996.MOV,train,Medium,
IMG_2996_00062,IMG_2996.MOV,train,Medium,
IMG_2996_00063,IMG_2996.MOV,train,Medium,
IMG_2996_00064,IMG_2996.MOV,train,Medium,
IMG_2996_00067,IMG_2996.MOV,train,Medium,
IMG_2996_00069,IMG_2996.MOV,train,Medium,
IMG_2996_00070,IMG_2996.MOV,train,Medium,
IMG_2996_00072,IMG_2996.MOV,train,Easy,
IMG_2996_00073,IMG_2996.MOV,train,Easy,
IMG_2996_00075,IMG_2996.MOV,train,Hard,
IMG_2996_00077,IMG_2996.MOV,train,Hard,
IMG_2996_00079,IMG_2996.MOV,train,Medium,
IMG_2996_00081,IMG_2996.MOV,train,Hard,
IMG_2996_00082,IMG_2996.MOV,train,Hard,
IMG_2996_00083,IMG_2996.MOV,train,Medium,
IMG_2996_00084,IMG_2996.MOV,train,Medium,
IMG_2996_00085,IMG_2996.MOV,train,Medium,
IMG_2996_00086,IMG_2996.MOV,train,Medium,
IMG_2996_00087,IMG_2996.MOV,train,Medium,
IMG_2996_00088,IMG_2996.MOV,train,Medium,
IMG_2996_00089,IMG_2996.MOV,train,Medium,
IMG_2996_00091,IMG_2996.MOV,train,Hard,
IMG_2996_00093,IMG_2996.MOV,train,Hard,
IMG_2996_00094,IMG_2996.MOV,train,Medium,
IMG_2996_00095,IMG_2996.MOV,train,Easy,
IMG_2996_00096,IMG_2996.MOV,train,Medium,
IMG_2996_00097,IMG_2996.MOV,train,Medium,
IMG_2996_00099,IMG_2996.MOV,train,Medium,
IMG_2996_00100,IMG_2996.MOV,train,Medium,
IMG_2996_00102,IMG_2996.MOV,train,Medium,
IMG_2996_00103,IMG_2996.MOV,train,Medium,
IMG_2996_00105,IMG_2996.MOV,train,Medium,
IMG_2996_00106,IMG_2996.MOV,train,Medium,
IMG_2996_00107,IMG_2996.MOV,train,Medium,
IMG_2996_00108,IMG_2996.MOV,train,Medium,
IMG_2996_00109,IMG_2996.MOV,train,Medium,
IMG_2996_00110,IMG_2996.MOV,train,Hard,
IMG_2996_00111,IMG_2996.MOV,train,Medium,
IMG_2996_00112,IMG_2996.MOV,train,Medium,
IMG_2996_00113,IMG_2996.MOV,train,Medium,
IMG_2996_00114,IMG_2996.MOV,train,Medium,
IMG_2996_00116,IMG_2996.MOV,train,Medium,
IMG_2996_00117,IMG_2996.MOV,train,Hard,
IMG_2996_00118,IMG_2996.MOV,train,Medium,
IMG_2996_00122,IMG_2996.MOV,train,Medium,
IMG_2996_00124,IMG_2996.MOV,train,Medium,
IMG_2996_00126,IMG_2996.MOV,train,Medium,
IMG_2996_00127,IMG_2996.MOV,train,Medium,
IMG_2996_00128,IMG_2996.MOV,train,Medium,
IMG_2996_00129,IMG_2996.MOV,train,Medium,
IMG_2996_00130,IMG_2996.MOV,train,Hard,
IMG_2996_00134,IMG_2996.MOV,train,Medium,
IMG_2996_00135,IMG_2996.MOV,train,Medium,
IMG_2996_00136,IMG_2996.MOV,train,Medium,
IMG_2996_00137,IMG_2996.MOV,train,Medium,
IMG_2996_00138,IMG_2996.MOV,train,Medium,
IMG_2996_00141,IMG_2996.MOV,train,Medium,
IMG_2996_00142,IMG_2996.MOV,train,Hard,
IMG_2996_00145,IMG_2996.MOV,train,Hard,
IMG_2996_00146,IMG_2996.MOV,train,Medium,
IMG_2996_00147,IMG_2996.MOV,train,Medium,
IMG_2996_00148,IMG_2996.MOV,train,Medium,
IMG_2996_00149,IMG_2996.MOV,train,Medium,
IMG_2996_00150,IMG_2996.MOV,train,Medium,
IMG_2996_00151,IMG_2996.MOV,train,Medium,
IMG_2996_00153,IMG_2996.MOV,train,Medium,
IMG_2996_00154,IMG_2996.MOV,train,Medium,
IMG_2996_00156,IMG_2996.MOV,train,Medium,
IMG_2996_00159,IMG_2996.MOV,train,Hard,
IMG_2996_00160,IMG_2996.MOV,train,Medium,
IMG_2996_00161,IMG_2996.MOV,train,Medium,
IMG_2996_00163,IMG_2996.MOV,train,Medium,
IMG_2996_00165,IMG_2996.MOV,train,Hard,
IMG_2996_00166,IMG_2996.MOV,train,Medium,
IMG_2996_00167,IMG_2996.MOV,train,Hard,
IMG_2996_00170,IMG_2996.MOV,train,Medium,
IMG_2996_00171,IMG_2996.MOV,train,Medium,
IMG_2996_00174,IMG_2996.MOV,train,Hard,
IMG_2996_00175,IMG_2996.MOV,train,Medium,
IMG_2996_00176,IMG_2996.MOV,train,Medium,
IMG_2996_00180,IMG_2996.MOV,train,Medium,
IMG_2996_00181,IMG_2996.MOV,train,Hard,
IMG_2996_00182,IMG_2996.MOV,train,Medium,
IMG_2996_00184,IMG_2996.MOV,train,Hard,
IMG_2996_00186,IMG_2996.MOV,train,Medium,
IMG_2996_00188,IMG_2996.MOV,train,Hard,
IMG_2996_00189,IMG_2996.MOV,train,Hard,
IMG_2996_00190,IMG_2996.MOV,train,Hard,
IMG_2996_00191,IMG_2996.MOV,train,Hard,
IMG_2996_00192,IMG_2996.MOV,train,Hard,
IMG_2996_00193,IMG_2996.MOV,train,Medium,
IMG_2996_00194,IMG_2996.MOV,train,Hard,
IMG_2996_00196,IMG_2996.MOV,train,Hard,
IMG_2996_00197,IMG_2996.MOV,train,Hard,
IMG_2996_00199,IMG_2996.MOV,train,Medium,
IMG_2996_00200,IMG_2996.MOV,train,Medium,
IMG_2996_00201,IMG_2996.MOV,train,Hard,
IMG_2996_00202,IMG_2996.MOV,train,Hard,
IMG_2996_00203,IMG_2996.MOV,train,Hard,
IMG_2996_00204,IMG_2996.MOV,train,Hard,
IMG_2996_00206,IMG_2996.MOV,train,Hard,
IMG_2996_00209,IMG_2996.MOV,train,Medium,
IMG_2996_00210,IMG_2996.MOV,train,Medium,
IMG_2996_00211,IMG_2996.MOV,train,Medium,
IMG_2996_00213,IMG_2996.MOV,train,Medium,
IMG_2996_00215,IMG_2996.MOV,train,Medium,
IMG_2996_00216,IMG_2996.MOV,train,Medium,
IMG_2996_00217,IMG_2996.MOV,train,Medium,
IMG_2996_00218,IMG_2996.MOV,train,Medium,
IMG_2996_00219,IMG_2996.MOV,train,Medium,
IMG_2996_00220,IMG_2996.MOV,train,Medium,
IMG_2996_00221,IMG_2996.MOV,train,Medium,
IMG_2996_00222,IMG_2996.MOV,train,Hard,
IMG_2996_00223,IMG_2996.MOV,train,Medium,
IMG_2996_00224,IMG_2996.MOV,train,Medium,
IMG_2996_00225,IMG_2996.MOV,train,Medium,
IMG_2996_00226,IMG_2996.MOV,train,Hard,
IMG_2996_00227,IMG_2996.MOV,train,Medium,
IMG_2996_00229,IMG_2996.MOV,train,Medium,
IMG_2996_00230,IMG_2996.MOV,train,Medium,
IMG_2996_00231,IMG_2996.MOV,train,Medium,
IMG_2996_00232,IMG_2996.MOV,train,Hard,
IMG_2996_00233,IMG_2996.MOV,train,Medium,
IMG_2996_00234,IMG_2996.MOV,train,Medium,
IMG_2996_00235,IMG_2996.MOV,train,Medium,
IMG_2996_00236,IMG_2996.MOV,train,Medium,
IMG_2996_00237,IMG_2996.MOV,train,Medium,
IMG_2996_00238,IMG_2996.MOV,train,Medium,
IMG_2996_00239,IMG_2996.MOV,train,Hard,
IMG_2996_00240,IMG_2996.MOV,train,Hard,
IMG_2996_00241,IMG_2996.MOV,train,Hard,
IMG_2996_00242,IMG_2996.MOV,train,Medium,
IMG_2996_00244,IMG_2996.MOV,train,Medium,
IMG_2996_00246,IMG_2996.MOV,train,Medium,
IMG_2996_00247,IMG_2996.MOV,train,Medium,
IMG_2996_00248,IMG_2996.MOV,train,Hard,
IMG_2996_00249,IMG_2996.MOV,train,Medium,
IMG_2996_00250,IMG_2996.MOV,train,Medium,
IMG_2996_00253,IMG_2996.MOV,train,Medium,
IMG_2996_00254,IMG_2996.MOV,train,Medium,
IMG_2996_00255,IMG_2996.MOV,train,Medium,
IMG_2997_00000,IMG_2997.MOV,train,Medium,
IMG_2997_00002,IMG_2997.MOV,train,Medium,
IMG_2997_00003,IMG_2997.MOV,train,Hard,
IMG_2997_00004,IMG_2997.MOV,train,Medium,
IMG_2997_00005,IMG_2997.MOV,train,Hard,
IMG_2997_00006,IMG_2997.MOV,train,Medium,
IMG_2997_00007,IMG_2997.MOV,train,Medium,
IMG_2997_00008,IMG_2997.MOV,train,Medium,
IMG_2997_00009,IMG_2997.MOV,train,Medium,
IMG_2997_00010,IMG_2997.MOV,train,Medium,
IMG_2997_00011,IMG_2997.MOV,train,Medium,
IMG_2997_00013,IMG_2997.MOV,train,Medium,
IMG_2997_00014,IMG_2997.MOV,train,Hard,
IMG_2997_00015,IMG_2997.MOV,train,Medium,
IMG_2997_00016,IMG_2997.MOV,train,Medium,
IMG_2997_00017,IMG_2997.MOV,train,Medium,
IMG_2997_00018,IMG_2997.MOV,train,Hard,
IMG_2997_00019,IMG_2997.MOV,train,Medium,
IMG_2997_00020,IMG_2997.MOV,train,Medium,
IMG_2997_00021,IMG_2997.MOV,train,Hard,
IMG_2997_00022,IMG_2997.MOV,train,Hard,
IMG_2997_00026,IMG_2997.MOV,train,Hard,
IMG_2997_00027,IMG_2997.MOV,train,Hard,
IMG_2997_00028,IMG_2997.MOV,train,Hard,
IMG_2997_00041,IMG_2997.MOV,train,Hard,
IMG_2997_00042,IMG_2997.MOV,train,Hard,
IMG_2997_00043,IMG_2997.MOV,train,Hard,
IMG_2997_00044,IMG_2997.MOV,train,Hard,
IMG_2997_00045,IMG_2997.MOV,train,Hard,
IMG_2997_00047,IMG_2997.MOV,train,Hard,
IMG_2997_00048,IMG_2997.MOV,train,Hard,
IMG_2997_00049,IMG_2997.MOV,train,Hard,
IMG_2997_00050,IMG_2997.MOV,train,Medium,
IMG_2997_00051,IMG_2997.MOV,train,Hard,
IMG_2997_00052,IMG_2997.MOV,train,Hard,
IMG_2997_00053,IMG_2997.MOV,train,Hard,
IMG_2997_00054,IMG_2997.MOV,train,Medium,
IMG_2997_00056,IMG_2997.MOV,train,Hard,
IMG_2997_00057,IMG_2997.MOV,train,Hard,
IMG_2997_00058,IMG_2997.MOV,train,Medium,
IMG_2997_00059,IMG_2997.MOV,train,Hard,
IMG_2997_00062,IMG_2997.MOV,train,Hard,
IMG_2997_00064,IMG_2997.MOV,train,Medium,
IMG_2997_00065,IMG_2997.MOV,train,Medium,
IMG_2997_00066,IMG_2997.MOV,train,Medium,
IMG_2997_00067,IMG_2997.MOV,train,Medium,
IMG_2997_00068,IMG_2997.MOV,train,Medium,
IMG_2997_00080,IMG_2997.MOV,train,Hard,
IMG_2997_00082,IMG_2997.MOV,train,Medium,
IMG_2997_00086,IMG_2997.MOV,train,Medium,
IMG_2997_00087,IMG_2997.MOV,train,Medium,
IMG_2997_00088,IMG_2997.MOV,train,Hard,
IMG_2997_00092,IMG_2997.MOV,train,Hard,
IMG_2997_00093,IMG_2997.MOV,train,Hard,
IMG_2997_00094,IMG_2997.MOV,train,Hard,
IMG_2997_00095,IMG_2997.MOV,train,Hard,
IMG_2997_00096,IMG_2997.MOV,train,Hard,
IMG_2997_00097,IMG_2997.MOV,train,Hard,
IMG_2997_00098,IMG_2997.MOV,train,Hard,
IMG_2997_00099,IMG_2997.MOV,train,Hard,
IMG_2997_00100,IMG_2997.MOV,train,Hard,
IMG_2997_00101,IMG_2997.MOV,train,Hard,
IMG_2997_00102,IMG_2997.MOV,train,Hard,
IMG_2997_00103,IMG_2997.MOV,train,Hard,
IMG_2997_00104,IMG_2997.MOV,train,Hard,
IMG_2997_00105,IMG_2997.MOV,train,Hard,
IMG_2997_00106,IMG_2997.MOV,train,Hard,
IMG_2997_00107,IMG_2997.MOV,train,Hard,
IMG_2997_00108,IMG_2997.MOV,train,Hard,
IMG_2997_00109,IMG_2997.MOV,train,Hard,
IMG_2997_00110,IMG_2997.MOV,train,Medium,
IMG_2997_00111,IMG_2997.MOV,train,Hard,
IMG_2997_00112,IMG_2997.MOV,train,Medium,
IMG_2997_00113,IMG_2997.MOV,train,Medium,
IMG_2997_00114,IMG_2997.MOV,train,Hard,
IMG_2997_00116,IMG_2997.MOV,train,Medium,
IMG_2997_00118,IMG_2997.MOV,train,Hard,
IMG_2997_00119,IMG_2997.MOV,train,Medium,
IMG_2997_00120,IMG_2997.MOV,train,Medium,
IMG_2997_00121,IMG_2997.MOV,train,Hard,
IMG_2997_00122,IMG_2997.MOV,train,Medium,
IMG_2997_00123,IMG_2997.MOV,train,Medium,
IMG_2997_00125,IMG_2997.MOV,train,Hard,
IMG_2997_00126,IMG_2997.MOV,train,Hard,
IMG_2997_00127,IMG_2997.MOV,train,Medium,
IMG_2997_00128,IMG_2997.MOV,train,Medium,
IMG_2997_00129,IMG_2997.MOV,train,Medium,
IMG_2997_00130,IMG_2997.MOV,train,Medium,
IMG_2997_00131,IMG_2997.MOV,train,Medium,
IMG_2997_00132,IMG_2997.MOV,train,Medium,
IMG_2997_00134,IMG_2997.MOV,train,Medium,
IMG_2997_00136,IMG_2997.MOV,train,Hard,
IMG_2997_00137,IMG_2997.MOV,train,Hard,
IMG_2997_00138,IMG_2997.MOV,train,Hard,
IMG_2997_00140,IMG_2997.MOV,train,Medium,
IMG_2997_00141,IMG_2997.MOV,train,Hard,
IMG_2997_00142,IMG_2997.MOV,train,Hard,
IMG_2997_00143,IMG_2997.MOV,train,Medium,
IMG_2997_00144,IMG_2997.MOV,train,Hard,
IMG_2997_00145,IMG_2997.MOV,train,Medium,
IMG_2997_00147,IMG_2997.MOV,train,Hard,
IMG_2997_00149,IMG_2997.MOV,train,Hard,
IMG_2997_00150,IMG_2997.MOV,train,Medium,
IMG_2997_00151,IMG_2997.MOV,train,Hard,
IMG_2997_00152,IMG_2997.MOV,train,Medium,
IMG_2997_00153,IMG_2997.MOV,train,Medium,
IMG_2997_00154,IMG_2997.MOV,train,Medium,
IMG_2997_00156,IMG_2997.MOV,train,Medium,
IMG_2997_00157,IMG_2997.MOV,train,Medium,
IMG_2997_00158,IMG_2997.MOV,train,Medium,
IMG_2997_00159,IMG_2997.MOV,train,Medium,
IMG_2997_00160,IMG_2997.MOV,train,Hard,
IMG_2997_00161,IMG_2997.MOV,train,Medium,
IMG_2997_00163,IMG_2997.MOV,train,Hard,
IMG_2997_00164,IMG_2997.MOV,train,Hard,
IMG_2997_00166,IMG_2997.MOV,train,Medium,
IMG_2997_00168,IMG_2997.MOV,train,Medium,
IMG_2997_00169,IMG_2997.MOV,train,Hard,
IMG_2997_00171,IMG_2997.MOV,train,Hard,
IMG_2997_00172,IMG_2997.MOV,train,Medium,
IMG_2997_00173,IMG_2997.MOV,train,Medium,
IMG_2998_00001,IMG_2998.MOV,test,Easy,10.0
IMG_2998_00002,IMG_2998.MOV,test,Easy,10.0
IMG_2998_00004,IMG_2998.MOV,test,Easy,10.0
IMG_2998_00005,IMG_2998.MOV,test,Medium,10.0
IMG_2998_00006,IMG_2998.MOV,test,Medium,10.0
IMG_2998_00007,IMG_2998.MOV,test,Medium,10.0
IMG_2998_00008,IMG_2998.MOV,test,Medium,10.0
IMG_2998_00009,IMG_2998.MOV,test,Medium,10.0
IMG_2998_00010,IMG_2998.MOV,test,Medium,10.0
IMG_2998_00011,IMG_2998.MOV,test,Medium,10.0
IMG_2998_00012,IMG_2998.MOV,test,Medium,10.0
IMG_2998_00013,IMG_2998.MOV,test,Medium,10.0
IMG_2998_00014,IMG_2998.MOV,test,Medium,10.0
IMG_2998_00015,IMG_2998.MOV,test,Medium,10.0
IMG_2998_00016,IMG_2998.MOV,test,Medium,10.0
IMG_2998_00018,IMG_2998.MOV,test,Hard,10.0
IMG_2998_00019,IMG_2998.MOV,test,Easy,10.0
IMG_2998_00020,IMG_2998.MOV,test,Medium,10.0
IMG_2998_00021,IMG_2998.MOV,test,Medium,10.0
IMG_2998_00022,IMG_2998.MOV,test,Medium,10.0
IMG_2998_00023,IMG_2998.MOV,test,Medium,10.0
IMG_2998_00025,IMG_2998.MOV,test,Hard,10.0
IMG_2998_00026,IMG_2998.MOV,test,Hard,10.0
IMG_2998_00028,IMG_2998.MOV,test,Hard,10.0
IMG_2998_00029,IMG_2998.MOV,test,Medium,10.0
IMG_2998_00030,IMG_2998.MOV,test,Medium,10.0
IMG_2998_00031,IMG_2998.MOV,test,Easy,10.0
IMG_2998_00032,IMG_2998.MOV,test,Medium,10.0
IMG_2998_00033,IMG_2998.MOV,test,Medium,10.0
IMG_2998_00035,IMG_2998.MOV,test,Medium,10.0
IMG_2998_00036,IMG_2998.MOV,test,Medium,10.0
IMG_2998_00038,IMG_2998.MOV,test,Medium,10.0
IMG_2998_00039,IMG_2998.MOV,test,Easy,10.0
IMG_2998_00040,IMG_2998.MOV,test,Hard,10.0
IMG_2998_00041,IMG_2998.MOV,test,Hard,10.0
IMG_2998_00042,IMG_2998.MOV,test,Hard,10.0
IMG_2998_00044,IMG_2998.MOV,test,Hard,10.0
IMG_2998_00045,IMG_2998.MOV,test,Hard,10.0
IMG_2998_00046,IMG_2998.MOV,test,Hard,10.0
IMG_2998_00047,IMG_2998.MOV,test,Medium,10.0
IMG_2998_00048,IMG_2998.MOV,test,Medium,10.0
IMG_2998_00049,IMG_2998.MOV,test,Medium,10.0
IMG_2998_00050,IMG_2998.MOV,test,Hard,10.0
IMG_2998_00051,IMG_2998.MOV,test,Hard,10.0
IMG_2998_00055,IMG_2998.MOV,test,Medium,10.0
IMG_2998_00056,IMG_2998.MOV,test,Easy,10.0
IMG_2998_00057,IMG_2998.MOV,test,Easy,10.0
IMG_2998_00059,IMG_2998.MOV,test,Easy,10.0
IMG_2998_00061,IMG_2998.MOV,test,Easy,10.0
IMG_2998_00062,IMG_2998.MOV,test,Medium,10.0
IMG_2998_00063,IMG_2998.MOV,test,Medium,10.0
IMG_2998_00064,IMG_2998.MOV,test,Easy,10.0
IMG_2998_00065,IMG_2998.MOV,test,Medium,10.0
IMG_2998_00066,IMG_2998.MOV,test,Medium,10.0
IMG_2998_00067,IMG_2998.MOV,test,Easy,10.0
IMG_2998_00068,IMG_2998.MOV,test,Easy,10.0
IMG_2998_00069,IMG_2998.MOV,test,Easy,10.0
IMG_2998_00070,IMG_2998.MOV,test,Easy,10.0
IMG_2998_00071,IMG_2998.MOV,test,Easy,10.0
IMG_2998_00072,IMG_2998.MOV,test,Easy,10.0
IMG_2998_00073,IMG_2998.MOV,test,Easy,10.0
IMG_2998_00074,IMG_2998.MOV,test,Medium,10.0
IMG_2998_00075,IMG_2998.MOV,test,Medium,10.0
IMG_2998_00076,IMG_2998.MOV,test,Medium,10.0
IMG_2998_00077,IMG_2998.MOV,test,Easy,10.0
IMG_2998_00078,IMG_2998.MOV,test,Hard,10.0
IMG_2998_00081,IMG_2998.MOV,test,Easy,10.0
IMG_2998_00082,IMG_2998.MOV,test,Easy,10.0
IMG_2998_00084,IMG_2998.MOV,test,Medium,10.0
IMG_2998_00085,IMG_2998.MOV,test,Easy,10.0
IMG_2998_00086,IMG_2998.MOV,test,Easy,10.0
IMG_2998_00087,IMG_2998.MOV,test,Easy,10.0
IMG_2998_00088,IMG_2998.MOV,test,Easy,10.0
IMG_2998_00089,IMG_2998.MOV,test,Easy,10.0
IMG_2998_00092,IMG_2998.MOV,test,Easy,10.0
IMG_2998_00095,IMG_2998.MOV,test,Easy,10.0
IMG_2998_00096,IMG_2998.MOV,test,Medium,10.0
IMG_2998_00097,IMG_2998.MOV,test,Medium,10.0
IMG_2998_00098,IMG_2998.MOV,test,Medium,10.0
IMG_2998_00100,IMG_2998.MOV,test,Hard,10.0
IMG_2998_00101,IMG_2998.MOV,test,Easy,10.0
IMG_2998_00102,IMG_2998.MOV,test,Medium,10.0
IMG_2998_00103,IMG_2998.MOV,test,Medium,10.0
IMG_2998_00104,IMG_2998.MOV,test,Easy,10.0
IMG_2998_00105,IMG_2998.MOV,test,Easy,10.0
IMG_2998_00106,IMG_2998.MOV,test,Easy,10.0
IMG_2998_00107,IMG_2998.MOV,test,Easy,10.0
IMG_2998_00108,IMG_2998.MOV,test,Easy,10.0
IMG_2998_00109,IMG_2998.MOV,test,Easy,10.0
IMG_2998_00110,IMG_2998.MOV,test,Easy,10.0
IMG_2998_00111,IMG_2998.MOV,test,Easy,10.0
IMG_2998_00112,IMG_2998.MOV,test,Easy,10.0
IMG_2998_00113,IMG_2998.MOV,test,Easy,10.0
IMG_2998_00114,IMG_2998.MOV,test,Easy,10.0
IMG_2998_00115,IMG_2998.MOV,test,Easy,10.0
IMG_2998_00116,IMG_2998.MOV,test,Easy,10.0
IMG_2998_00117,IMG_2998.MOV,test,Medium,10.0
IMG_2998_00118,IMG_2998.MOV,test,Medium,10.0
IMG_2998_00120,IMG_2998.MOV,test,Easy,10.0
IMG_2998_00121,IMG_2998.MOV,test,Easy,10.0
IMG_2998_00122,IMG_2998.MOV,test,Easy,10.0
IMG_2998_00123,IMG_2998.MOV,test,Easy,10.0
IMG_2998_00124,IMG_2998.MOV,test,Easy,10.0
IMG_2998_00125,IMG_2998.MOV,test,Easy,10.0
IMG_2998_00126,IMG_2998.MOV,test,Easy,10.0
IMG_2998_00127,IMG_2998.MOV,test,Easy,10.0
IMG_2998_00128,IMG_2998.MOV,test,Easy,10.0
IMG_2998_00129,IMG_2998.MOV,test,Easy,10.0
IMG_2998_00130,IMG_2998.MOV,test,Easy,10.0
IMG_2998_00132,IMG_2998.MOV,test,Easy,10.0
IMG_2998_00133,IMG_2998.MOV,test,Medium,10.0
IMG_2998_00134,IMG_2998.MOV,test,Easy,10.0
IMG_2998_00135,IMG_2998.MOV,test,Easy,10.0
IMG_2998_00136,IMG_2998.MOV,test,Easy,10.0
IMG_2998_00137,IMG_2998.MOV,test,Easy,10.0
IMG_2998_00138,IMG_2998.MOV,test,Easy,10.0
IMG_2998_00139,IMG_2998.MOV,test,Easy,10.0
IMG_2998_00140,IMG_2998.MOV,test,Easy,10.0
IMG_2998_00141,IMG_2998.MOV,test,Easy,10.0
IMG_2998_00142,IMG_2998.MOV,test,Easy,10.0
IMG_2998_00144,IMG_2998.MOV,test,Easy,10.0
IMG_2998_00146,IMG_2998.MOV,test,Easy,10.0
IMG_2998_00147,IMG_2998.MOV,test,Easy,10.0
IMG_2998_00148,IMG_2998.MOV,test,Medium,10.0
IMG_2998_00149,IMG_2998.MOV,test,Medium,10.0
IMG_2998_00150,IMG_2998.MOV,test,Hard,10.0
IMG_2998_00151,IMG_2998.MOV,test,Medium,10.0
IMG_2998_00152,IMG_2998.MOV,test,Medium,10.0
IMG_2998_00153,IMG_2998.MOV,test,Medium,10.0
IMG_2998_00154,IMG_2998.MOV,test,Medium,10.0
IMG_2998_00155,IMG_2998.MOV,test,Easy,10.0
IMG_2998_00159,IMG_2998.MOV,test,Easy,10.0
IMG_2998_00160,IMG_2998.MOV,test,Easy,10.0
IMG_2998_00161,IMG_2998.MOV,test,Medium,10.0
IMG_2998_00162,IMG_2998.MOV,test,Medium,10.0
IMG_2998_00163,IMG_2998.MOV,test,Hard,10.0
IMG_2998_00164,IMG_2998.MOV,test,Medium,10.0
IMG_2998_00165,IMG_2998.MOV,test,Medium,10.0
IMG_2998_00167,IMG_2998.MOV,test,Medium,10.0
IMG_2998_00168,IMG_2998.MOV,test,Medium,10.0
IMG_2998_00169,IMG_2998.MOV,test,Easy,10.0
IMG_2998_00170,IMG_2998.MOV,test,Easy,10.0
IMG_2998_00172,IMG_2998.MOV,test,Easy,10.0
IMG_2999_00001,IMG_2999.MOV,test,Medium,15.0
IMG_2999_00002,IMG_2999.MOV,test,Medium,15.0
IMG_2999_00003,IMG_2999.MOV,test,Medium,15.0
IMG_2999_00004,IMG_2999.MOV,test,Medium,15.0
IMG_2999_00005,IMG_2999.MOV,test,Medium,15.0
IMG_2999_00006,IMG_2999.MOV,test,Hard,15.0
IMG_2999_00007,IMG_2999.MOV,test,Medium,15.0
IMG_2999_00008,IMG_2999.MOV,test,Medium,15.0
IMG_2999_00009,IMG_2999.MOV,test,Hard,15.0
IMG_2999_00010,IMG_2999.MOV,test,Medium,15.0
IMG_2999_00011,IMG_2999.MOV,test,Medium,15.0
IMG_2999_00012,IMG_2999.MOV,test,Hard,15.0
IMG_2999_00013,IMG_2999.MOV,test,Medium,15.0
IMG_2999_00014,IMG_2999.MOV,test,Medium,15.0
IMG_2999_00016,IMG_2999.MOV,test,Medium,15.0
IMG_2999_00017,IMG_2999.MOV,test,Medium,15.0
IMG_2999_00018,IMG_2999.MOV,test,Medium,15.0
IMG_2999_00019,IMG_2999.MOV,test,Medium,15.0
IMG_2999_00020,IMG_2999.MOV,test,Medium,15.0
IMG_2999_00021,IMG_2999.MOV,test,Medium,15.0
IMG_2999_00029,IMG_2999.MOV,test,Hard,15.0
IMG_2999_00032,IMG_2999.MOV,test,Medium,15.0
IMG_2999_00033,IMG_2999.MOV,test,Medium,15.0
IMG_2999_00034,IMG_2999.MOV,test,Medium,15.0
IMG_2999_00035,IMG_2999.MOV,test,Medium,15.0
IMG_2999_00036,IMG_2999.MOV,test,Medium,15.0
IMG_2999_00037,IMG_2999.MOV,test,Medium,15.0
IMG_2999_00038,IMG_2999.MOV,test,Medium,15.0
IMG_2999_00039,IMG_2999.MOV,test,Hard,15.0
IMG_2999_00040,IMG_2999.MOV,test,Medium,15.0
IMG_2999_00044,IMG_2999.MOV,test,Medium,15.0
IMG_2999_00045,IMG_2999.MOV,test,Medium,15.0
IMG_2999_00046,IMG_2999.MOV,test,Hard,15.0
IMG_2999_00047,IMG_2999.MOV,test,Hard,15.0
IMG_2999_00048,IMG_2999.MOV,test,Hard,15.0
IMG_2999_00049,IMG_2999.MOV,test,Medium,15.0
IMG_2999_00050,IMG_2999.MOV,test,Hard,15.0
IMG_2999_00051,IMG_2999.MOV,test,Hard,15.0
IMG_2999_00052,IMG_2999.MOV,test,Hard,15.0
IMG_2999_00053,IMG_2999.MOV,test,Hard,15.0
IMG_2999_00055,IMG_2999.MOV,test,Medium,15.0
IMG_2999_00056,IMG_2999.MOV,test,Medium,15.0
IMG_2999_00057,IMG_2999.MOV,test,Medium,15.0
IMG_2999_00058,IMG_2999.MOV,test,Medium,15.0
IMG_2999_00059,IMG_2999.MOV,test,Hard,15.0
IMG_2999_00064,IMG_2999.MOV,test,Medium,15.0
IMG_2999_00065,IMG_2999.MOV,test,Hard,15.0
IMG_2999_00067,IMG_2999.MOV,test,Hard,15.0
IMG_2999_00069,IMG_2999.MOV,test,Medium,15.0
IMG_2999_00072,IMG_2999.MOV,test,Medium,15.0
IMG_2999_00073,IMG_2999.MOV,test,Medium,15.0
IMG_2999_00074,IMG_2999.MOV,test,Medium,15.0
IMG_2999_00075,IMG_2999.MOV,test,Medium,15.0
IMG_2999_00079,IMG_2999.MOV,test,Medium,15.0
IMG_2999_00087,IMG_2999.MOV,test,Hard,15.0
IMG_2999_00088,IMG_2999.MOV,test,Hard,15.0
IMG_2999_00089,IMG_2999.MOV,test,Medium,15.0
IMG_2999_00090,IMG_2999.MOV,test,Medium,15.0
IMG_2999_00091,IMG_2999.MOV,test,Medium,15.0
IMG_2999_00092,IMG_2999.MOV,test,Hard,15.0
IMG_2999_00093,IMG_2999.MOV,test,Medium,15.0
IMG_2999_00095,IMG_2999.MOV,test,Hard,15.0
IMG_2999_00097,IMG_2999.MOV,test,Medium,15.0
IMG_3001_00001,IMG_3001.MOV,train,Medium,
IMG_3001_00002,IMG_3001.MOV,train,Medium,
IMG_3001_00003,IMG_3001.MOV,train,Medium,
IMG_3001_00004,IMG_3001.MOV,train,Easy,
IMG_3001_00005,IMG_3001.MOV,train,Medium,
IMG_3001_00006,IMG_3001.MOV,train,Hard,
IMG_3001_00007,IMG_3001.MOV,train,Medium,
IMG_3001_00008,IMG_3001.MOV,train,Medium,
IMG_3001_00009,IMG_3001.MOV,train,Medium,
IMG_3001_00011,IMG_3001.MOV,train,Easy,
IMG_3001_00012,IMG_3001.MOV,train,Medium,
IMG_3001_00014,IMG_3001.MOV,train,Medium,
IMG_3001_00015,IMG_3001.MOV,train,Medium,
IMG_3001_00016,IMG_3001.MOV,train,Medium,
IMG_3001_00017,IMG_3001.MOV,train,Easy,
IMG_3001_00018,IMG_3001.MOV,train,Easy,
IMG_3001_00019,IMG_3001.MOV,train,Medium,
IMG_3001_00020,IMG_3001.MOV,train,Medium,
IMG_3001_00024,IMG_3001.MOV,train,Medium,
IMG_3001_00026,IMG_3001.MOV,train,Medium,
IMG_3001_00027,IMG_3001.MOV,train,Easy,
IMG_3001_00029,IMG_3001.MOV,train,Easy,
IMG_3001_00030,IMG_3001.MOV,train,Easy,
IMG_3001_00032,IMG_3001.MOV,train,Easy,
IMG_3001_00033,IMG_3001.MOV,train,Easy,
IMG_3001_00036,IMG_3001.MOV,train,Easy,
IMG_3001_00038,IMG_3001.MOV,train,Medium,
IMG_3001_00039,IMG_3001.MOV,train,Easy,
IMG_3001_00040,IMG_3001.MOV,train,Medium,
IMG_3001_00041,IMG_3001.MOV,train,Hard,
IMG_3001_00042,IMG_3001.MOV,train,Medium,
IMG_3001_00043,IMG_3001.MOV,train,Medium,
IMG_3001_00044,IMG_3001.MOV,train,Medium,
IMG_3001_00045,IMG_3001.MOV,train,Medium,
IMG_3001_00046,IMG_3001.MOV,train,Medium,
IMG_3001_00047,IMG_3001.MOV,train,Hard,
IMG_3001_00048,IMG_3001.MOV,train,Medium,
IMG_3001_00049,IMG_3001.MOV,train,Medium,
IMG_3001_00050,IMG_3001.MOV,train,Medium,
IMG_3001_00051,IMG_3001.MOV,train,Medium,
IMG_3001_00052,IMG_3001.MOV,train,Medium,
IMG_3001_00053,IMG_3001.MOV,train,Medium,
IMG_3001_00054,IMG_3001.MOV,train,Medium,
IMG_3001_00055,IMG_3001.MOV,train,Easy,
IMG_3001_00057,IMG_3001.MOV,train,Easy,
IMG_3001_00058,IMG_3001.MOV,train,Easy,
IMG_3001_00059,IMG_3001.MOV,train,Easy,
IMG_3001_00060,IMG_3001.MOV,train,Easy,
IMG_3001_00061,IMG_3001.MOV,train,Easy,
IMG_3001_00063,IMG_3001.MOV,train,Easy,
IMG_3001_00065,IMG_3001.MOV,train,Medium,
IMG_3001_00066,IMG_3001.MOV,train,Medium,
IMG_3001_00067,IMG_3001.MOV,train,Easy,
IMG_3001_00068,IMG_3001.MOV,train,Medium,
IMG_3001_00069,IMG_3001.MOV,train,Easy,
IMG_3001_00070,IMG_3001.MOV,train,Easy,
IMG_3001_00071,IMG_3001.MOV,train,Medium,
IMG_3001_00072,IMG_3001.MOV,train,Medium,
IMG_3001_00073,IMG_3001.MOV,train,Medium,
IMG_3001_00074,IMG_3001.MOV,train,Easy,
IMG_3001_00075,IMG_3001.MOV,train,Easy,
IMG_3001_00076,IMG_3001.MOV,train,Medium,
IMG_3001_00077,IMG_3001.MOV,train,Easy,
IMG_3001_00078,IMG_3001.MOV,train,Medium,
IMG_3001_00079,IMG_3001.MOV,train,Medium,
IMG_3001_00080,IMG_3001.MOV,train,Medium,
IMG_3001_00081,IMG_3001.MOV,train,Medium,
IMG_3001_00082,IMG_3001.MOV,train,Medium,
IMG_3001_00089,IMG_3001.MOV,train,Easy,
IMG_3001_00090,IMG_3001.MOV,train,Easy,
IMG_3001_00091,IMG_3001.MOV,train,Easy,
IMG_3001_00092,IMG_3001.MOV,train,Easy,
IMG_3001_00093,IMG_3001.MOV,train,Easy,
IMG_3001_00094,IMG_3001.MOV,train,Easy,
IMG_3001_00095,IMG_3001.MOV,train,Easy,
IMG_3001_00096,IMG_3001.MOV,train,Easy,
IMG_3001_00097,IMG_3001.MOV,train,Easy,
IMG_3001_00098,IMG_3001.MOV,train,Easy,
IMG_3001_00099,IMG_3001.MOV,train,Easy,
IMG_3001_00100,IMG_3001.MOV,train,Easy,
IMG_3001_00101,IMG_3001.MOV,train,Easy,
IMG_3001_00102,IMG_3001.MOV,train,Easy,
IMG_3001_00103,IMG_3001.MOV,train,Easy,
IMG_3001_00104,IMG_3001.MOV,train,Easy,
IMG_3001_00105,IMG_3001.MOV,train,Medium,
IMG_3001_00106,IMG_3001.MOV,train,Medium,
IMG_3001_00108,IMG_3001.MOV,train,Easy,
IMG_3001_00109,IMG_3001.MOV,train,Easy,
IMG_3001_00110,IMG_3001.MOV,train,Easy,
IMG_3001_00111,IMG_3001.MOV,train,Easy,
IMG_3001_00112,IMG_3001.MOV,train,Easy,
IMG_3001_00113,IMG_3001.MOV,train,Easy,
IMG_3001_00114,IMG_3001.MOV,train,Easy,
IMG_3001_00115,IMG_3001.MOV,train,Medium,
IMG_3001_00116,IMG_3001.MOV,train,Medium,
IMG_3001_00117,IMG_3001.MOV,train,Hard,
IMG_3001_00118,IMG_3001.MOV,train,Hard,
IMG_3001_00119,IMG_3001.MOV,train,Medium,
IMG_3001_00121,IMG_3001.MOV,train,Easy,
IMG_3001_00122,IMG_3001.MOV,train,Easy,
IMG_3001_00123,IMG_3001.MOV,train,Easy,
IMG_3001_00125,IMG_3001.MOV,train,Medium,
IMG_3001_00126,IMG_3001.MOV,train,Medium,
IMG_3001_00128,IMG_3001.MOV,train,Medium,
IMG_3001_00129,IMG_3001.MOV,train,Medium,
IMG_3001_00130,IMG_3001.MOV,train,Medium,
IMG_3001_00131,IMG_3001.MOV,train,Easy,
IMG_3001_00132,IMG_3001.MOV,train,Hard,
IMG_3001_00133,IMG_3001.MOV,train,Hard,
IMG_3001_00134,IMG_3001.MOV,train,Medium,
IMG_3001_00135,IMG_3001.MOV,train,Hard,
IMG_3001_00137,IMG_3001.MOV,train,Easy,
IMG_3001_00138,IMG_3001.MOV,train,Easy,
IMG_3001_00139,IMG_3001.MOV,train,Easy,
IMG_3002_00001,IMG_3002.MOV,test,Medium,12.0
IMG_3002_00003,IMG_3002.MOV,test,Medium,12.0
IMG_3002_00004,IMG_3002.MOV,test,Medium,12.0
IMG_3002_00005,IMG_3002.MOV,test,Medium,12.0
IMG_3002_00006,IMG_3002.MOV,test,Medium,12.0
IMG_3002_00007,IMG_3002.MOV,test,Hard,12.0
IMG_3002_00008,IMG_3002.MOV,test,Medium,12.0
IMG_3002_00009,IMG_3002.MOV,test,Hard,12.0
IMG_3002_00010,IMG_3002.MOV,test,Medium,12.0
IMG_3002_00013,IMG_3002.MOV,test,Medium,12.0
IMG_3002_00014,IMG_3002.MOV,test,Easy,12.0
IMG_3002_00015,IMG_3002.MOV,test,Medium,12.0
IMG_3002_00016,IMG_3002.MOV,test,Hard,12.0
IMG_3002_00017,IMG_3002.MOV,test,Medium,12.0
IMG_3002_00018,IMG_3002.MOV,test,Hard,12.0
IMG_3002_00019,IMG_3002.MOV,test,Medium,12.0
IMG_3002_00021,IMG_3002.MOV,test,Easy,12.0
IMG_3002_00022,IMG_3002.MOV,test,Medium,12.0
IMG_3002_00023,IMG_3002.MOV,test,Medium,12.0
IMG_3002_00024,IMG_3002.MOV,test,Medium,12.0
IMG_3002_00026,IMG_3002.MOV,test,Medium,12.0
IMG_3002_00028,IMG_3002.MOV,test,Hard,12.0
IMG_3002_00029,IMG_3002.MOV,test,Medium,12.0
IMG_3002_00030,IMG_3002.MOV,test,Hard,12.0
IMG_3002_00031,IMG_3002.MOV,test,Medium,12.0
IMG_3002_00032,IMG_3002.MOV,test,Easy,12.0
IMG_3002_00033,IMG_3002.MOV,test,Medium,12.0
IMG_3002_00034,IMG_3002.MOV,test,Medium,12.0
IMG_3002_00035,IMG_3002.MOV,test,Medium,12.0
IMG_3002_00036,IMG_3002.MOV,test,Easy,12.0
IMG_3002_00037,IMG_3002.MOV,test,Easy,12.0
IMG_3002_00038,IMG_3002.MOV,test,Medium,12.0
IMG_3002_00039,IMG_3002.MOV,test,Medium,12.0
IMG_3002_00042,IMG_3002.MOV,test,Medium,12.0
IMG_3002_00043,IMG_3002.MOV,test,Medium,12.0
IMG_3002_00044,IMG_3002.MOV,test,Hard,12.0
IMG_3002_00045,IMG_3002.MOV,test,Hard,12.0
IMG_3002_00046,IMG_3002.MOV,test,Medium,12.0
IMG_3002_00047,IMG_3002.MOV,test,Medium,12.0
IMG_3002_00048,IMG_3002.MOV,test,Medium,12.0
IMG_3002_00049,IMG_3002.MOV,test,Medium,12.0
IMG_3002_00050,IMG_3002.MOV,test,Hard,12.0
IMG_3002_00052,IMG_3002.MOV,test,Hard,12.0
IMG_3002_00053,IMG_3002.MOV,test,Medium,12.0
IMG_3002_00067,IMG_3002.MOV,test,Medium,12.0
IMG_3002_00068,IMG_3002.MOV,test,Medium,12.0
IMG_3002_00088,IMG_3002.MOV,test,Medium,12.0
IMG_3002_00089,IMG_3002.MOV,test,Hard,12.0
IMG_3002_00090,IMG_3002.MOV,test,Medium,12.0
IMG_3002_00091,IMG_3002.MOV,test,Medium,12.0
IMG_3002_00092,IMG_3002.MOV,test,Hard,12.0
IMG_3002_00093,IMG_3002.MOV,test,Medium,12.0
IMG_3002_00094,IMG_3002.MOV,test,Medium,12.0
IMG_3002_00096,IMG_3002.MOV,test,Medium,12.0
IMG_3002_00097,IMG_3002.MOV,test,Medium,12.0
IMG_3002_00098,IMG_3002.MOV,test,Medium,12.0
IMG_3002_00099,IMG_3002.MOV,test,Medium,12.0
IMG_3002_00100,IMG_3002.MOV,test,Medium,12.0
IMG_3002_00101,IMG_3002.MOV,test,Medium,12.0
IMG_3002_00102,IMG_3002.MOV,test,Hard,12.0
IMG_3002_00103,IMG_3002.MOV,test,Hard,12.0
IMG_3002_00104,IMG_3002.MOV,test,Hard,12.0
IMG_3002_00105,IMG_3002.MOV,test,Medium,12.0
IMG_3002_00108,IMG_3002.MOV,test,Medium,12.0
IMG_3002_00109,IMG_3002.MOV,test,Hard,12.0
IMG_3002_00110,IMG_3002.MOV,test,Hard,12.0
IMG_3002_00111,IMG_3002.MOV,test,Medium,12.0
IMG_3002_00112,IMG_3002.MOV,test,Medium,12.0
IMG_3002_00113,IMG_3002.MOV,test,Hard,12.0
IMG_3002_00114,IMG_3002.MOV,test,Medium,12.0
IMG_3002_00115,IMG_3002.MOV,test,Medium,12.0
IMG_3002_00116,IMG_3002.MOV,test,Medium,12.0
IMG_3002_00117,IMG_3002.MOV,test,Medium,12.0
IMG_3002_00119,IMG_3002.MOV,test,Medium,12.0
IMG_3002_00120,IMG_3002.MOV,test,Medium,12.0
IMG_3002_00121,IMG_3002.MOV,test,Medium,12.0
IMG_3002_00122,IMG_3002.MOV,test,Medium,12.0
IMG_3002_00123,IMG_3002.MOV,test,Medium,12.0
IMG_3002_00124,IMG_3002.MOV,test,Medium,12.0
IMG_3002_00126,IMG_3002.MOV,test,Medium,12.0
IMG_3002_00131,IMG_3002.MOV,test,Medium,12.0
IMG_3002_00132,IMG_3002.MOV,test,Medium,12.0
IMG_3002_00133,IMG_3002.MOV,test,Medium,12.0
IMG_3002_00134,IMG_3002.MOV,test,Medium,12.0
IMG_3002_00135,IMG_3002.MOV,test,Medium,12.0
IMG_3002_00136,IMG_3002.MOV,test,Medium,12.0
IMG_3002_00149,IMG_3002.MOV,test,Medium,12.0
IMG_3002_00150,IMG_3002.MOV,test,Medium,12.0
IMG_3002_00154,IMG_3002.MOV,test,Hard,12.0
IMG_3002_00156,IMG_3002.MOV,test,Medium,12.0
IMG_3002_00157,IMG_3002.MOV,test,Medium,12.0
IMG_3002_00158,IMG_3002.MOV,test,Medium,12.0
IMG_3002_00159,IMG_3002.MOV,test,Hard,12.0
IMG_3002_00161,IMG_3002.MOV,test,Medium,12.0
IMG_3002_00164,IMG_3002.MOV,test,Medium,12.0
IMG_3002_00165,IMG_3002.MOV,test,Medium,12.0
IMG_3002_00166,IMG_3002.MOV,test,Medium,12.0
IMG_3002_00167,IMG_3002.MOV,test,Medium,12.0
IMG_3002_00168,IMG_3002.MOV,test,Medium,12.0
IMG_3002_00170,IMG_3002.MOV,test,Hard,12.0
IMG_3002_00172,IMG_3002.MOV,test,Hard,12.0
IMG_3002_00173,IMG_3002.MOV,test,Hard,12.0
IMG_3002_00174,IMG_3002.MOV,test,Medium,12.0
IMG_3002_00176,IMG_3002.MOV,test,Medium,12.0
IMG_3002_00177,IMG_3002.MOV,test,Hard,12.0
IMG_3002_00179,IMG_3002.MOV,test,Medium,12.0
IMG_3002_00180,IMG_3002.MOV,test,Medium,12.0
IMG_3002_00181,IMG_3002.MOV,test,Medium,12.0
IMG_3002_00182,IMG_3002.MOV,test,Medium,12.0
IMG_3002_00183,IMG_3002.MOV,test,Medium,12.0
IMG_3002_00191,IMG_3002.MOV,test,Hard,12.0
IMG_3002_00192,IMG_3002.MOV,test,Medium,12.0
IMG_3002_00193,IMG_3002.MOV,test,Medium,12.0
IMG_3002_00195,IMG_3002.MOV,test,Hard,12.0
IMG_3002_00196,IMG_3002.MOV,test,Medium,12.0
IMG_3002_00198,IMG_3002.MOV,test,Hard,12.0
IMG_3002_00199,IMG_3002.MOV,test,Hard,12.0
IMG_3002_00200,IMG_3002.MOV,test,Hard,12.0
IMG_3002_00201,IMG_3002.MOV,test,Hard,12.0
IMG_3002_00202,IMG_3002.MOV,test,Hard,12.0
IMG_3002_00203,IMG_3002.MOV,test,Medium,12.0
IMG_3002_00204,IMG_3002.MOV,test,Medium,12.0
IMG_3002_00205,IMG_3002.MOV,test,Medium,12.0
IMG_3002_00207,IMG_3002.MOV,test,Hard,12.0
IMG_3002_00209,IMG_3002.MOV,test,Medium,12.0
IMG_3002_00211,IMG_3002.MOV,test,Medium,12.0
IMG_3002_00212,IMG_3002.MOV,test,Medium,12.0
IMG_3002_00214,IMG_3002.MOV,test,Hard,12.0
IMG_3002_00215,IMG_3002.MOV,test,Medium,12.0
IMG_3002_00216,IMG_3002.MOV,test,Medium,12.0
IMG_3002_00217,IMG_3002.MOV,test,Medium,12.0
IMG_3002_00218,IMG_3002.MOV,test,Hard,12.0
IMG_3002_00221,IMG_3002.MOV,test,Hard,12.0
IMG_3002_00224,IMG_3002.MOV,test,Medium,12.0
IMG_3002_00226,IMG_3002.MOV,test,Medium,12.0
IMG_3002_00229,IMG_3002.MOV,test,Medium,12.0
IMG_3002_00230,IMG_3002.MOV,test,Medium,12.0
IMG_3002_00232,IMG_3002.MOV,test,Medium,12.0
IMG_3002_00233,IMG_3002.MOV,test,Medium,12.0
IMG_3002_00236,IMG_3002.MOV,test,Hard,12.0
IMG_3002_00237,IMG_3002.MOV,test,Medium,12.0
IMG_3002_00238,IMG_3002.MOV,test,Medium,12.0
IMG_3002_00239,IMG_3002.MOV,test,Medium,12.0
IMG_3002_00240,IMG_3002.MOV,test,Medium,12.0
IMG_3002_00242,IMG_3002.MOV,test,Medium,12.0
IMG_3002_00243,IMG_3002.MOV,test,Medium,12.0
IMG_3002_00244,IMG_3002.MOV,test,Hard,12.0
IMG_3002_00245,IMG_3002.MOV,test,Medium,12.0
IMG_3002_00246,IMG_3002.MOV,test,Medium,12.0
IMG_3002_00247,IMG_3002.MOV,test,Medium,12.0
IMG_3002_00248,IMG_3002.MOV,test,Medium,12.0
IMG_3002_00249,IMG_3002.MOV,test,Medium,12.0
IMG_3002_00250,IMG_3002.MOV,test,Hard,12.0
IMG_3002_00251,IMG_3002.MOV,test,Medium,12.0
IMG_3002_00252,IMG_3002.MOV,test,Medium,12.0
IMG_3002_00253,IMG_3002.MOV,test,Medium,12.0
IMG_3002_00256,IMG_3002.MOV,test,Medium,12.0
IMG_3002_00257,IMG_3002.MOV,test,Medium,12.0
IMG_3002_00258,IMG_3002.MOV,test,Medium,12.0
IMG_3002_00259,IMG_3002.MOV,test,Medium,12.0
IMG_3003_00006,IMG_3003.MOV,train,Easy,
IMG_3003_00007,IMG_3003.MOV,train,Easy,
IMG_3003_00009,IMG_3003.MOV,train,Easy,
IMG_3003_00010,IMG_3003.MOV,train,Easy,
IMG_3003_00013,IMG_3003.MOV,train,Easy,
IMG_3003_00014,IMG_3003.MOV,train,Easy,
IMG_3003_00017,IMG_3003.MOV,train,Hard,
IMG_3003_00018,IMG_3003.MOV,train,Easy,
IMG_3003_00019,IMG_3003.MOV,train,Medium,
IMG_3003_00020,IMG_3003.MOV,train,Easy,
IMG_3003_00022,IMG_3003.MOV,train,Medium,
IMG_3003_00024,IMG_3003.MOV,train,Medium,
IMG_3003_00027,IMG_3003.MOV,train,Hard,
IMG_3003_00028,IMG_3003.MOV,train,Medium,
IMG_3003_00029,IMG_3003.MOV,train,Medium,
IMG_3003_00032,IMG_3003.MOV,train,Hard,
IMG_3003_00034,IMG_3003.MOV,train,Medium,
IMG_3003_00035,IMG_3003.MOV,train,Easy,
IMG_3003_00040,IMG_3003.MOV,train,Easy,
IMG_3003_00041,IMG_3003.MOV,train,Medium,
IMG_3003_00042,IMG_3003.MOV,train,Easy,
IMG_3003_00044,IMG_3003.MOV,train,Medium,
IMG_3003_00046,IMG_3003.MOV,train,Hard,
IMG_3003_00047,IMG_3003.MOV,train,Medium,
IMG_3003_00049,IMG_3003.MOV,train,Hard,
IMG_3003_00050,IMG_3003.MOV,train,Medium,
IMG_3003_00051,IMG_3003.MOV,train,Medium,
IMG_3003_00053,IMG_3003.MOV,train,Hard,
IMG_3003_00054,IMG_3003.MOV,train,Easy,
IMG_3003_00056,IMG_3003.MOV,train,Medium,
IMG_3003_00058,IMG_3003.MOV,train,Medium,
IMG_3003_00060,IMG_3003.MOV,train,Medium,
IMG_3003_00063,IMG_3003.MOV,train,Hard,
IMG_3003_00064,IMG_3003.MOV,train,Medium,
IMG_3003_00065,IMG_3003.MOV,train,Medium,
IMG_3003_00066,IMG_3003.MOV,train,Medium,
IMG_3003_00067,IMG_3003.MOV,train,Easy,
IMG_3003_00068,IMG_3003.MOV,train,Medium,
IMG_3003_00071,IMG_3003.MOV,train,Hard,
IMG_3003_00072,IMG_3003.MOV,train,Medium,
IMG_3003_00073,IMG_3003.MOV,train,Hard,
IMG_3003_00074,IMG_3003.MOV,train,Medium,
IMG_3003_00075,IMG_3003.MOV,train,Medium,
IMG_3003_00076,IMG_3003.MOV,train,Medium,
IMG_3003_00077,IMG_3003.MOV,train,Medium,
IMG_3003_00078,IMG_3003.MOV,train,Medium,
IMG_3003_00079,IMG_3003.MOV,train,Easy,
IMG_3003_00082,IMG_3003.MOV,train,Medium,
IMG_3003_00083,IMG_3003.MOV,train,Medium,
IMG_3003_00084,IMG_3003.MOV,train,Hard,
IMG_3003_00085,IMG_3003.MOV,train,Medium,
IMG_3003_00086,IMG_3003.MOV,train,Medium,
IMG_3003_00087,IMG_3003.MOV,train,Medium,
IMG_3003_00088,IMG_3003.MOV,train,Medium,
IMG_3003_00089,IMG_3003.MOV,train,Easy,
IMG_3003_00090,IMG_3003.MOV,train,Medium,
IMG_3003_00092,IMG_3003.MOV,train,Medium,
IMG_3003_00093,IMG_3003.MOV,train,Hard,
IMG_3003_00095,IMG_3003.MOV,train,Hard,
IMG_3003_00097,IMG_3003.MOV,train,Easy,
IMG_3003_00098,IMG_3003.MOV,train,Medium,
IMG_3003_00099,IMG_3003.MOV,train,Easy,
IMG_3003_00101,IMG_3003.MOV,train,Medium,
IMG_3003_00102,IMG_3003.MOV,train,Easy,
IMG_3003_00103,IMG_3003.MOV,train,Medium,
IMG_3003_00104,IMG_3003.MOV,train,Medium,
IMG_3003_00106,IMG_3003.MOV,train,Medium,
IMG_3003_00107,IMG_3003.MOV,train,Easy,
IMG_3003_00108,IMG_3003.MOV,train,Medium,
IMG_3003_00110,IMG_3003.MOV,train,Medium,
IMG_3003_00111,IMG_3003.MOV,train,Medium,
IMG_3003_00113,IMG_3003.MOV,train,Medium,
IMG_3003_00115,IMG_3003.MOV,train,Medium,
IMG_3003_00116,IMG_3003.MOV,train,Hard,
IMG_3003_00118,IMG_3003.MOV,train,Medium,
IMG_3003_00119,IMG_3003.MOV,train,Hard,
IMG_3003_00120,IMG_3003.MOV,train,Hard,
IMG_3003_00122,IMG_3003.MOV,train,Medium,
IMG_3003_00123,IMG_3003.MOV,train,Medium,
IMG_3003_00124,IMG_3003.MOV,train,Medium,
IMG_3003_00126,IMG_3003.MOV,train,Hard,
IMG_3003_00127,IMG_3003.MOV,train,Easy,
IMG_3003_00128,IMG_3003.MOV,train,Medium,
IMG_3003_00129,IMG_3003.MOV,train,Easy,
IMG_3003_00131,IMG_3003.MOV,train,Medium,
IMG_3003_00132,IMG_3003.MOV,train,Medium,
IMG_3003_00133,IMG_3003.MOV,train,Hard,
IMG_3003_00134,IMG_3003.MOV,train,Easy,
IMG_3003_00135,IMG_3003.MOV,train,Hard,
IMG_3003_00137,IMG_3003.MOV,train,Medium,
IMG_3003_00138,IMG_3003.MOV,train,Medium,
IMG_3003_00139,IMG_3003.MOV,train,Medium,
IMG_3003_00140,IMG_3003.MOV,train,Hard,
IMG_3003_00141,IMG_3003.MOV,train,Hard,
IMG_3003_00142,IMG_3003.MOV,train,Hard,
IMG_3003_00144,IMG_3003.MOV,train,Hard,
IMG_3003_00145,IMG_3003.MOV,train,Hard,
IMG_3003_00147,IMG_3003.MOV,train,Medium,
IMG_3003_00153,IMG_3003.MOV,train,Medium,
IMG_3003_00154,IMG_3003.MOV,train,Hard,
IMG_3003_00155,IMG_3003.MOV,train,Medium,
IMG_3003_00156,IMG_3003.MOV,train,Hard,
IMG_3003_00157,IMG_3003.MOV,train,Medium,
IMG_3003_00158,IMG_3003.MOV,train,Hard,
IMG_3003_00159,IMG_3003.MOV,train,Hard,
IMG_3003_00160,IMG_3003.MOV,train,Hard,
IMG_3003_00161,IMG_3003.MOV,train,Hard,
IMG_3003_00163,IMG_3003.MOV,train,Hard,
IMG_3003_00164,IMG_3003.MOV,train,Hard,
IMG_3003_00165,IMG_3003.MOV,train,Hard,
IMG_3003_00166,IMG_3003.MOV,train,Medium,
IMG_3003_00167,IMG_3003.MOV,train,Medium,
IMG_3003_00168,IMG_3003.MOV,train,Medium,
IMG_3003_00172,IMG_3003.MOV,train,Medium,
IMG_3003_00177,IMG_3003.MOV,train,Hard,
IMG_3003_00179,IMG_3003.MOV,train,Hard,
IMG_3003_00180,IMG_3003.MOV,train,Hard,
IMG_3003_00181,IMG_3003.MOV,train,Hard,
IMG_3004_00000,IMG_3004.MOV,train,Easy,
IMG_3004_00001,IMG_3004.MOV,train,Medium,
IMG_3004_00002,IMG_3004.MOV,train,Easy,
IMG_3004_00003,IMG_3004.MOV,train,Easy,
IMG_3004_00006,IMG_3004.MOV,train,Easy,
IMG_3004_00007,IMG_3004.MOV,train,Easy,
IMG_3004_00012,IMG_3004.MOV,train,Medium,
IMG_3004_00014,IMG_3004.MOV,train,Hard,
IMG_3004_00015,IMG_3004.MOV,train,Medium,
IMG_3004_00016,IMG_3004.MOV,train,Medium,
IMG_3004_00018,IMG_3004.MOV,train,Medium,
IMG_3004_00019,IMG_3004.MOV,train,Easy,
IMG_3004_00020,IMG_3004.MOV,train,Medium,
IMG_3004_00022,IMG_3004.MOV,train,Medium,
IMG_3004_00025,IMG_3004.MOV,train,Medium,
IMG_3004_00026,IMG_3004.MOV,train,Medium,
IMG_3004_00038,IMG_3004.MOV,train,Easy,
IMG_3004_00043,IMG_3004.MOV,train,Easy,
IMG_3004_00045,IMG_3004.MOV,train,Hard,
IMG_3004_00046,IMG_3004.MOV,train,Medium,
IMG_3004_00047,IMG_3004.MOV,train,Medium,
IMG_3004_00048,IMG_3004.MOV,train,Easy,
IMG_3004_00049,IMG_3004.MOV,train,Easy,
IMG_3004_00050,IMG_3004.MOV,train,Easy,
IMG_3004_00052,IMG_3004.MOV,train,Easy,
IMG_3004_00053,IMG_3004.MOV,train,Medium,
IMG_3004_00054,IMG_3004.MOV,train,Easy,
IMG_3004_00055,IMG_3004.MOV,train,Easy,
IMG_3004_00056,IMG_3004.MOV,train,Medium,
IMG_3004_00058,IMG_3004.MOV,train,Medium,
IMG_3004_00061,IMG_3004.MOV,train,Medium,
IMG_3004_00065,IMG_3004.MOV,train,Medium,
IMG_3004_00067,IMG_3004.MOV,train,Medium,
IMG_3004_00068,IMG_3004.MOV,train,Easy,
IMG_3004_00070,IMG_3004.MOV,train,Medium,
IMG_3004_00072,IMG_3004.MOV,train,Medium,
IMG_3004_00074,IMG_3004.MOV,train,Easy,
IMG_3004_00075,IMG_3004.MOV,train,Medium,
IMG_3004_00078,IMG_3004.MOV,train,Medium,
IMG_3004_00079,IMG_3004.MOV,train,Medium,
IMG_3004_00081,IMG_3004.MOV,train,Medium,
IMG_3004_00082,IMG_3004.MOV,train,Easy,
IMG_3004_00084,IMG_3004.MOV,train,Medium,
IMG_3004_00086,IMG_3004.MOV,train,Easy,
IMG_3004_00088,IMG_3004.MOV,train,Hard,
IMG_3004_00090,IMG_3004.MOV,train,Medium,
IMG_3004_00092,IMG_3004.MOV,train,Medium,
IMG_3004_00093,IMG_3004.MOV,train,Medium,
IMG_3004_00095,IMG_3004.MOV,train,Medium,
IMG_3004_00096,IMG_3004.MOV,train,Medium,
IMG_3004_00098,IMG_3004.MOV,train,Medium,
IMG_3004_00099,IMG_3004.MOV,train,Medium,
IMG_3004_00100,IMG_3004.MOV,train,Medium,
IMG_3004_00101,IMG_3004.MOV,train,Medium,
IMG_3004_00102,IMG_3004.MOV,train,Medium,
IMG_3004_00103,IMG_3004.MOV,train,Medium,
IMG_3004_00104,IMG_3004.MOV,train,Easy,
IMG_3004_00106,IMG_3004.MOV,train,Medium,
IMG_3004_00107,IMG_3004.MOV,train,Medium,
IMG_3004_00111,IMG_3004.MOV,train,Medium,
IMG_3004_00112,IMG_3004.MOV,train,Easy,
IMG_3004_00114,IMG_3004.MOV,train,Medium,
IMG_3004_00115,IMG_3004.MOV,train,Medium,
IMG_3004_00116,IMG_3004.MOV,train,Medium,
IMG_3004_00118,IMG_3004.MOV,train,Medium,
IMG_3004_00120,IMG_3004.MOV,train,Medium,
IMG_3004_00122,IMG_3004.MOV,train,Medium,
IMG_3004_00123,IMG_3004.MOV,train,Medium,
IMG_3004_00124,IMG_3004.MOV,train,Medium,
IMG_3004_00125,IMG_3004.MOV,train,Medium,
IMG_3004_00126,IMG_3004.MOV,train,Medium,
IMG_3004_00127,IMG_3004.MOV,train,Medium,
IMG_3004_00129,IMG_3004.MOV,train,Medium,
IMG_3004_00130,IMG_3004.MOV,train,Medium,
IMG_3004_00132,IMG_3004.MOV,train,Medium,
IMG_3004_00133,IMG_3004.MOV,train,Medium,
IMG_3004_00134,IMG_3004.MOV,train,Medium,
IMG_3004_00135,IMG_3004.MOV,train,Easy,
IMG_3004_00136,IMG_3004.MOV,train,Hard,
IMG_3004_00137,IMG_3004.MOV,train,Hard,
IMG_3004_00138,IMG_3004.MOV,train,Hard,
IMG_3004_00139,IMG_3004.MOV,train,Medium,
IMG_3004_00140,IMG_3004.MOV,train,Medium,
IMG_3004_00141,IMG_3004.MOV,train,Easy,
IMG_3004_00142,IMG_3004.MOV,train,Medium,
IMG_3004_00143,IMG_3004.MOV,train,Medium,
IMG_3004_00144,IMG_3004.MOV,train,Hard,
IMG_3004_00145,IMG_3004.MOV,train,Medium,
IMG_3004_00146,IMG_3004.MOV,train,Hard,
IMG_3004_00148,IMG_3004.MOV,train,Medium,
